557263	22467	GUMBALL COAT RACK	72	2011-06-19 11:08	2.1	14646	Netherlands
539437	22196	SMALL HEART MEASURING SPOONS	2	2010-12-17 14:54	1.66	UNKNOWN	United Kingdom
556812	22817	CARD SUKI BIRTHDAY	1	2011-06-14 17:25	0.83	UNKNOWN	United Kingdom
567190	23202	JUMBO BAG VINTAGE LEAF	10	2011-09-19 09:14	2.08	18226	United Kingdom
541876	22090	PAPER BUNTING RETROSPOT	6	2011-01-24 10:05	2.95	12951	United Kingdom
543592	21873	IF YOU CAN'T STAND THE HEAT MUG	6	2011-02-10 11:57	1.25	17243	United Kingdom
575947	75049L	LARGE CIRCULAR MIRROR MOBILE	2	2011-11-13 11:50	2.46	UNKNOWN	United Kingdom
570688	22722	SET OF 6 SPICE TINS PANTRY DESIGN	1	2011-10-11 16:29	8.29	UNKNOWN	United Kingdom
547716	22719	GUMBALL MONOCHROME COAT RACK	12	2011-03-25 08:52	1.25	16833	United Kingdom
554030	21915	RED  HARMONICA IN BOX	12	2011-05-20 13:56	1.25	16497	United Kingdom
578824	23493	VINTAGE DOILY TRAVEL SEWING KIT	1	2011-11-25 14:02	1.95	17883	United Kingdom
551012	22551	PLASTERS IN TIN SPACEBOY	1	2011-04-26 10:32	3.29	UNKNOWN	United Kingdom
576076	22555	PLASTERS IN TIN STRONGMAN	2	2011-11-13 16:18	1.65	14382	United Kingdom
576837	22745	POPPY'S PLAYHOUSE BEDROOM	1	2011-11-16 15:16	4.13	UNKNOWN	United Kingdom
540779	22720	SET OF 3 CAKE TINS PANTRY DESIGN	3	2011-01-11 11:18	4.95	15346	United Kingdom
545634	22846	BREAD BIN DINER STYLE RED	2	2011-03-04 12:12	16.95	14911	EIRE
578836	23202	JUMBO BAG VINTAGE LEAF	2	2011-11-25 15:47	2.08	13069	United Kingdom
540473	22139	RETROSPOT TEA SET CERAMIC 11 PC	2	2011-01-07 14:31	4.95	17284	United Kingdom
574856	23284	DOORMAT KEEP CALM AND COME IN	3	2011-11-07 12:06	15.79	UNKNOWN	United Kingdom
553389	22888	NUMBER TILE VINTAGE FONT 9	1	2011-05-16 16:37	4.13	UNKNOWN	United Kingdom
574253	23077	DOUGHNUT LIP GLOSS	20	2011-11-03 13:30	1.25	15252	United Kingdom
539458	21018	BIRD BOX CHRISTMAS TREE DECORATION	1	2010-12-17 17:30	0.85	UNKNOWN	United Kingdom
565396	85049H	URBAN BLACK RIBBONS	1	2011-09-02 16:39	0.83	UNKNOWN	United Kingdom
574866	22553	PLASTERS IN TIN SKULLS	2	2011-11-07 12:34	1.65	12748	United Kingdom
558774	20728	LUNCH BAG CARS BLUE	2	2011-07-04 10:17	4.13	UNKNOWN	United Kingdom
545647	22128	PARTY CONES CANDY ASSORTED	24	2011-03-04 12:46	1.25	12547	Spain
560454	22822	CREAM WALL PLANTER HEART SHAPED	2	2011-07-19 10:06	5.95	12947	United Kingdom
550802	22382	LUNCH BAG SPACEBOY DESIGN	10	2011-04-20 15:21	1.65	17120	United Kingdom
565612	22551	PLASTERS IN TIN SPACEBOY	12	2011-09-05 15:17	1.65	12616	France
547249	21846	PINK DIAMANTE PEN IN GIFT BOX	1	2011-03-22 09:27	4.13	UNKNOWN	United Kingdom
569901	22563	HAPPY STENCIL CRAFT	2	2011-10-06 16:20	1.25	12923	United Kingdom
567880	21484	CHICK GREY HOT WATER BOTTLE	4	2011-09-22 14:56	4.25	15398	United Kingdom
557226	23121	PACK OF 6 COCKTAIL PARASOL STRAWS	24	2011-06-17 13:39	0.42	15805	United Kingdom
550651	21213	PACK OF 72 SKULL CAKE CASES	2	2011-04-19 16:52	0.55	15436	United Kingdom
572550	22577	WOODEN HEART CHRISTMAS SCANDINAVIAN	5	2011-10-24 17:06	0.83	UNKNOWN	United Kingdom
552232	20974	12 PENCILS SMALL TUBE SKULL	5	2011-05-06 15:54	1.25	UNKNOWN	United Kingdom
559068	84992	72 SWEETHEART FAIRY CAKE CASES	2	2011-07-06 10:41	0.55	17841	United Kingdom
571444	21928	JUMBO BAG SCANDINAVIAN BLUE PAISLEY	10	2011-10-17 13:44	2.08	18179	United Kingdom
550819	22854	CREAM SWEETHEART EGG HOLDER	2	2011-04-20 17:37	4.95	17530	United Kingdom
557852	22629	SPACEBOY LUNCH BOX	12	2011-06-23 10:57	1.95	15384	United Kingdom
559923	21905	MORE BUTTER METAL SIGN	1	2011-07-13 16:07	1.63	UNKNOWN	United Kingdom
541932	22844	VINTAGE CREAM DOG FOOD CONTAINER	2	2011-01-24 11:39	8.5	14439	Greece
555162	21918	SET 12 KIDS COLOUR  CHALK STICKS	24	2011-06-01 10:15	0.42	12473	Germany
555937	21121	SET/10 RED POLKADOT PARTY CANDLES	24	2011-06-08 09:39	1.25	12683	France
577850	22186	RED STAR CARD HOLDER	12	2011-11-22 11:04	1.95	14911	EIRE
560692	22097	SWALLOW SQUARE TISSUE BOX	1	2011-07-20 12:01	0.39	14704	United Kingdom
567185	22632	HAND WARMER RED RETROSPOT	2	2011-09-18 15:55	2.1	16370	United Kingdom
574706	21704	BAG 250G SWIRLY MARBLES	24	2011-11-06 14:06	0.85	16790	United Kingdom
559200	21756	BATH BUILDING BLOCK WORD	2	2011-07-07 10:36	5.95	13291	United Kingdom
559055	21033	JUMBO BAG CHARLIE AND LOLA TOYS	15	2011-07-05 17:09	2.46	UNKNOWN	United Kingdom
561885	21175	GIN + TONIC DIET METAL SIGN	1	2011-07-31 13:13	2.55	15532	United Kingdom
548315	84879	ASSORTED COLOUR BIRD ORNAMENT	8	2011-03-30 12:34	1.69	16019	United Kingdom
551715	23050	RECYCLED ACAPULCO MAT GREEN	4	2011-05-03 15:23	8.25	13102	United Kingdom
565740	23317	BLUE REFECTORY CLOCK	12	2011-09-06 12:31	8.15	15189	United Kingdom
568528	23439	HAND WARMER RED LOVE HEART	12	2011-09-27 13:32	2.1	13979	United Kingdom
559549	22197	POPCORN HOLDER	4	2011-07-10 15:25	0.85	13230	United Kingdom
568593	22340	NOEL GARLAND PAINTED ZINC	24	2011-09-28 10:54	0.39	13988	United Kingdom
549233	21700	BIG DOUGHNUT FRIDGE MAGNETS	72	2011-04-07 11:06	0.85	14912	Italy
563737	22304	COFFEE MUG BLUE PAISLEY DESIGN	6	2011-08-18 18:51	2.55	16261	United Kingdom
574690	23313	VINTAGE CHRISTMAS BUNTING	5	2011-11-06 13:11	4.95	12638	Sweden
574721	23281	FOLDING BUTTERFLY MIRROR RED	1	2011-11-06 14:43	0.83	17920	United Kingdom
543122	21041	RED RETROSPOT OVEN GLOVE DOUBLE	6	2011-02-03 14:01	2.95	13819	United Kingdom
558388	22423	REGENCY CAKESTAND 3 TIER	1	2011-06-29 10:00	12.75	UNKNOWN	EIRE
540502	22683	FRENCH BLUE METAL DOOR SIGN 8	10	2011-01-09 10:50	1.25	13183	United Kingdom
539742	22358	KINGS CHOICE TEA CADDY	1	2010-12-21 15:20	5.91	UNKNOWN	United Kingdom
547397	22899	CHILDREN'S APRON DOLLY GIRL	1	2011-03-22 16:55	4.13	UNKNOWN	United Kingdom
571404	23373	VINTAGE CHRISTMAS PAPER GIFT BAG	10	2011-10-17 12:04	0.82	17520	United Kingdom
558862	23169	CLASSIC GLASS COOKIE JAR	6	2011-07-04 12:25	4.15	13901	United Kingdom
537126	22077	6 RIBBONS RUSTIC CHARM	1	2010-12-05 12:13	1.65	18118	United Kingdom
580664	84832	ZINC WILLIE WINKIE  CANDLE STICK	6	2011-12-05 14:03	0.85	15097	United Kingdom
559746	22456	NATURAL SLATE CHALKBOARD LARGE	6	2011-07-12 11:16	4.95	16515	United Kingdom
573553	84375	SET OF 20 KIDS COOKIE CUTTERS	1	2011-10-31 13:48	4.13	UNKNOWN	United Kingdom
556080	23204	CHARLOTTE BAG APPLES DESIGN	17	2011-06-08 15:21	2.46	UNKNOWN	United Kingdom
565396	22815	CARD PSYCHEDELIC APPLES	1	2011-09-02 16:39	0.42	UNKNOWN	United Kingdom
547357	21397	BLUE POLKADOT EGG CUP	48	2011-03-22 12:15	0.39	17613	United Kingdom
537640	22737	RIBBON REEL CHRISTMAS PRESENT	7	2010-12-07 15:31	4.21	UNKNOWN	United Kingdom
570871	23319	BOX OF 6 MINI 50'S CRACKERS	2	2011-10-12 16:36	4.96	UNKNOWN	United Kingdom
554817	22795	SWEETHEART RECIPE BOOK STAND	4	2011-05-26 14:08	6.75	15622	United Kingdom
576370	21212	PACK OF 72 RETROSPOT CAKE CASES	24	2011-11-15 08:00	0.55	15981	United Kingdom
566847	21874	GIN AND TONIC MUG	2	2011-09-15 11:57	1.65	15005	United Kingdom
538886	21880	RED RETROSPOT TAPE	12	2010-12-14 16:07	0.65	13846	United Kingdom
538163	82599	FANNY'S REST STOPMETAL SIGN	1	2010-12-09 17:27	2.1	17841	United Kingdom
554637	82552	WASHROOM METAL SIGN	5	2011-05-25 11:58	1.45	14688	United Kingdom
579754	22316	200 BENDY SKULL STRAWS	1	2011-11-30 14:52	1.25	17911	United Kingdom
579559	85123A	WHITE HANGING HEART T-LIGHT HOLDER	3	2011-11-30 11:30	2.95	16764	United Kingdom
564843	84828	JUNGLE POPSICLES ICE LOLLY MOULDS	1	2011-08-30 14:09	1.25	15866	United Kingdom
540468	22074	6 RIBBONS SHIMMERING PINKS	7	2011-01-07 13:55	0.85	UNKNOWN	United Kingdom
570187	21932	SCANDINAVIAN PAISLEY PICNIC BAG	1	2011-10-07 15:09	2.46	UNKNOWN	United Kingdom
563832	47566	PARTY BUNTING	2	2011-08-19 12:33	4.95	16419	United Kingdom
542057	22926	IVORY GIANT GARDEN THERMOMETER	1	2011-01-25 11:57	5.95	15967	United Kingdom
558777	21366	MIRRORED WALL ART PHOTO FRAMES	1	2011-07-04 10:23	3.29	UNKNOWN	United Kingdom
547788	35915B	BLUE KNITTED HEN	1	2011-03-25 12:00	0.83	UNKNOWN	United Kingdom
581498	85049e	SCANDINAVIAN REDS RIBBONS	4	2011-12-09 10:26	3.29	UNKNOWN	United Kingdom
536876	22178	VICTORIAN GLASS HANGING T-LIGHT	11	2010-12-03 11:36	2.51	UNKNOWN	United Kingdom
541424	22844	VINTAGE CREAM DOG FOOD CONTAINER	1	2011-01-17 17:57	16.63	UNKNOWN	United Kingdom
569571	23354	6 GIFT TAGS 50'S CHRISTMAS	216	2011-10-05 10:09	0.72	16684	United Kingdom
542997	48116	DOORMAT MULTICOLOUR STRIPE	1	2011-02-02 12:16	14.13	UNKNOWN	United Kingdom
548162	22417	PACK OF 60 SPACEBOY CAKE CASES	2	2011-03-29 13:42	2.08	UNKNOWN	United Kingdom
562715	17012D	ORIGAMI ROSE INCENSE/CANDLE SET	1	2011-08-08 15:34	2.46	UNKNOWN	United Kingdom
575983	23103	JINGLE BELL HEART DECORATION	6	2011-11-13 13:45	1.65	13379	United Kingdom
554974	48138	DOORMAT UNION FLAG	10	2011-05-27 17:14	6.75	14031	United Kingdom
539744	82600	NO SINGING METAL SIGN	1	2010-12-21 15:21	4.21	UNKNOWN	United Kingdom
552852	21508	VINTAGE KID DOLLY CARD	12	2011-05-11 15:08	0.42	16712	United Kingdom
566290	22908	PACK OF 20 NAPKINS RED APPLES	1	2011-09-11 15:24	0.85	14456	United Kingdom
564373	21888	BINGO SET	8	2011-08-25 09:56	3.75	15290	United Kingdom
563699	84375	SET OF 20 KIDS COOKIE CUTTERS	12	2011-08-18 13:47	2.1	13381	United Kingdom
575969	20724	RED RETROSPOT CHARLOTTE BAG	4	2011-11-13 12:47	0.85	13571	United Kingdom
538597	21807	WHITE CHRISTMAS STAR DECORATION	10	2010-12-13 12:26	0.42	15555	United Kingdom
573139	21650	ASSORTED TUTTI FRUTTI BRACELET	24	2011-10-27 17:29	0.19	14716	United Kingdom
555567	22652	TRAVEL SEWING KIT	10	2011-06-05 15:25	1.65	17050	United Kingdom
576365	21791	VINTAGE HEADS AND TAILS CARD GAME	249	2011-11-14 17:55	2.95	UNKNOWN	United Kingdom
560978	22717	CARD DOG AND BALL	24	2011-07-22 12:20	0.42	15815	United Kingdom
549303	22243	5 HOOK HANGER RED MAGIC TOADSTOOL	12	2011-04-08 08:27	1.65	18040	United Kingdom
563193	35916B	BLUE FELT HANGING HEART WITH FLOWER	6	2011-08-12 16:30	0.63	UNKNOWN	United Kingdom
570807	84378	SET OF 3 HEART COOKIE CUTTERS	12	2011-10-12 12:44	1.45	13704	United Kingdom
572023	23424	GINGHAM RECIPE BOOK BOX	4	2011-10-20 11:03	4.95	17764	United Kingdom
567612	84970L	SINGLE HEART ZINC T-LIGHT HOLDER	12	2011-09-21 11:48	1.25	17164	United Kingdom
545424	21034	REX CASH+CARRY JUMBO SHOPPER	4	2011-03-02 14:34	0.95	UNKNOWN	United Kingdom
557645	22616	PACK OF 12 LONDON TISSUES	1	2011-06-21 17:08	0.83	UNKNOWN	United Kingdom
573066	22523	CHILDS GARDEN FORK PINK	6	2011-10-27 13:53	0.85	16026	United Kingdom
570108	23348	CHILDRENS TOY COOKING UTENSIL SET	6	2011-10-07 12:25	2.08	13004	United Kingdom
546683	82482	WOODEN PICTURE FRAME WHITE FINISH	6	2011-03-16 09:38	2.55	12868	United Kingdom
544678	17084A	TRANQUILITY MASALA INCENSE	25	2011-02-22 16:15	0.21	13077	United Kingdom
556237	21931	JUMBO STORAGE BAG SUKI	3	2011-06-09 15:34	4.13	UNKNOWN	United Kingdom
564319	22675	FRENCH KITCHEN SIGN BLUE METAL	2	2011-08-24 13:18	1.25	15059	United Kingdom
561049	15030	FAN BLACK FRAME	60	2011-07-24 13:03	0.29	12864	United Kingdom
565201	22721	SET OF 3 CAKE TINS SKETCHBOOK	3	2011-09-01 16:41	4.95	14907	United Kingdom
570598	22941	CHRISTMAS LIGHTS 10 REINDEER	6	2011-10-11 11:55	8.5	14175	United Kingdom
574700	20996	JAZZ HEARTS ADDRESS BOOK	4	2011-11-06 13:53	0.19	16033	United Kingdom
560930	22420	LIPSTICK PEN BABY PINK	12	2011-07-22 10:23	0.42	15829	United Kingdom
537208	84597C	RETRO PINK BALL ASHTRAY	1	2010-12-05 15:12	1.25	15889	United Kingdom
559061	22841	ROUND CAKE TIN VINTAGE GREEN	2	2011-07-06 10:04	7.95	17220	United Kingdom
573745	22844	VINTAGE CREAM DOG FOOD CONTAINER	2	2011-11-01 08:53	8.5	17419	United Kingdom
552555	21155	RED RETROSPOT PEG BAG	12	2011-05-10 11:20	2.55	18242	United Kingdom
580730	22091	EMPIRE TISSUE BOX	1	2011-12-05 17:28	2.46	UNKNOWN	United Kingdom
562204	22333	RETROSPOT PARTY BAG + STICKER SET	3	2011-08-03 12:54	1.65	16324	United Kingdom
571441	23225	CHERUB HEART DECORATION SILVER	1	2011-10-17 13:31	1.63	14096	United Kingdom
552826	23109	LED TEA LIGHTS	24	2011-05-11 13:20	2.89	14277	France
564230	84997d	CHILDRENS CUTLERY POLKADOT PINK	6	2011-08-24 10:22	8.29	UNKNOWN	United Kingdom
559907	20718	RED RETROSPOT SHOPPER BAG	10	2011-07-13 13:37	1.25	12766	Portugal
540551	22643	SET OF 4 NAPKIN CHARMS LEAVES	7	2011-01-10 09:43	1.66	UNKNOWN	United Kingdom
536592	90192	JADE DROP EARRINGS W FILIGREE	1	2010-12-01 17:06	5.09	UNKNOWN	United Kingdom
571920	21523	DOORMAT FANCY FONT HOME SWEET HOME	2	2011-10-19 16:16	8.25	14799	United Kingdom
545105	21700	BIG DOUGHNUT FRIDGE MAGNETS	12	2011-02-28 11:58	0.85	12598	France
575508	23255	CHILDRENS CUTLERY CIRCUS PARADE	72	2011-11-10 10:32	3.75	14646	Netherlands
574298	22621	TRADITIONAL KNITTING NANCY	1	2011-11-03 15:56	3.29	UNKNOWN	United Kingdom
542625	84347	ROTATING SILVER ANGELS T-LIGHT HLDR	1	2011-01-31 09:50	5.79	UNKNOWN	United Kingdom
552905	21175	GIN + TONIC DIET METAL SIGN	12	2011-05-12 11:10	2.55	15974	United Kingdom
580729	79144C	PAINTED LIGHTBULB RAINBOW DESIGN	1	2011-12-05 17:24	0.83	UNKNOWN	United Kingdom
577029	23082	SET 6 PAPER TABLE LANTERN HEARTS	12	2011-11-17 12:59	3.75	15563	United Kingdom
545031	21754	HOME BUILDING BLOCK WORD	3	2011-02-25 15:35	5.95	15990	United Kingdom
539595	22417	PACK OF 60 SPACEBOY CAKE CASES	1	2010-12-20 13:43	1.28	UNKNOWN	United Kingdom
570761	84711B	PINK OVAL SHAPE TRINKET BOX	1	2011-10-12 11:41	9.95	UNKNOWN	United Kingdom
573496	20618	QUEEN OF THE SKIES PASSPORT COVER	4	2011-10-31 11:59	2.1	17841	United Kingdom
562878	20727	LUNCH BAG  BLACK SKULL.	1	2011-08-10 10:45	1.65	16241	United Kingdom
539453	21688	SILVER PLATE CANDLE BOWL SMALL	4	2010-12-17 17:08	5.91	UNKNOWN	United Kingdom
581425	20868	SILVER FABRIC MIRROR	1	2011-12-08 15:31	0.39	14796	United Kingdom
553088	23173	REGENCY TEAPOT ROSES	2	2011-05-13 11:53	9.95	16180	United Kingdom
570273	22960	JAM MAKING SET WITH JARS	6	2011-10-10 10:51	4.25	13373	United Kingdom
542605	22569	FELTCRAFT CUSHION BUTTERFLY	3	2011-01-30 12:42	3.75	17796	United Kingdom
550802	47566	PARTY BUNTING	4	2011-04-20 15:21	4.95	17120	United Kingdom
569363	22972	CHILDREN'S SPACEBOY MUG	12	2011-10-03 15:08	1.65	13297	United Kingdom
568873	23203	JUMBO BAG VINTAGE DOILY	20	2011-09-29 12:15	2.08	14188	United Kingdom
574314	22594	CHRISTMAS GINGHAM TREE	12	2011-11-03 17:48	0.85	13500	United Kingdom
566757	22718	CARD CAT AND TREE	7	2011-09-14 15:54	0.83	UNKNOWN	United Kingdom
559163	85178	VICTORIAN SEWING KIT	4	2011-07-06 16:33	0.79	UNKNOWN	United Kingdom
543399	22625	RED KITCHEN SCALES	1	2011-02-08 11:07	16.63	UNKNOWN	United Kingdom
560285	22469	HEART OF WICKER SMALL	12	2011-07-18 09:21	1.65	14944	United Kingdom
571561	21790	VINTAGE SNAP CARDS	72	2011-10-18 10:02	0.72	14015	United Kingdom
541584	22360	GLASS JAR ENGLISH CONFECTIONERY	3	2011-01-19 14:12	5.79	UNKNOWN	United Kingdom
562602	21670	BLUE SPOT CERAMIC DRAWER KNOB	12	2011-08-08 10:11	1.25	12865	Austria
541412	15056BL	EDWARDIAN PARASOL BLACK	1	2011-01-17 16:08	5.95	UNKNOWN	United Kingdom
559298	23155	KNICKERBOCKERGLORY MAGNET ASSORTED	24	2011-07-07 12:38	0.83	12471	Germany
538073	47504K	ENGLISH ROSE GARDEN SECATEURS	1	2010-12-09 14:10	1.95	17816	United Kingdom
577058	21876	POTTERING MUG	1	2011-11-17 14:29	1.65	18122	United Kingdom
538071	20770	ABSTRACT CIRCLE JOURNAL	1	2010-12-09 14:09	2.51	UNKNOWN	United Kingdom
538349	22084	PAPER CHAIN KIT EMPIRE	4	2010-12-10 14:59	5.91	UNKNOWN	United Kingdom
543354	22470	HEART OF WICKER LARGE	30	2011-02-07 13:50	2.95	13458	United Kingdom
540832	21672	WHITE SPOT RED CERAMIC DRAWER KNOB	14	2011-01-11 14:42	2.46	UNKNOWN	United Kingdom
559125	22139	RETROSPOT TEA SET CERAMIC 11 PC	6	2011-07-06 12:32	4.95	13985	United Kingdom
552000	21908	CHOCOLATE THIS WAY METAL SIGN	1	2011-05-05 15:56	4.13	UNKNOWN	United Kingdom
557058	23243	SET OF TEA COFFEE SUGAR TINS PANTRY	8	2011-06-16 14:47	4.95	16843	United Kingdom
579516	23355	HOT WATER BOTTLE KEEP CALM	1	2011-11-29 17:52	4.95	17841	United Kingdom
561043	82484	WOOD BLACK BOARD ANT WHITE FINISH	2	2011-07-24 12:20	7.95	15708	United Kingdom
558862	23174	REGENCY SUGAR BOWL GREEN	4	2011-07-04 12:25	4.15	13901	United Kingdom
539453	22443	GROW YOUR OWN HERBS SET OF 3	1	2010-12-17 17:08	16.13	UNKNOWN	United Kingdom
567623	23306	SET OF 36 DOILIES PANTRY DESIGN	12	2011-09-21 12:50	1.45	17415	United Kingdom
538566	21943	CAKES AND RABBITS DESIGN FLANNEL	1	2010-12-13 11:21	1.66	UNKNOWN	United Kingdom
549278	22151	PLACE SETTING WHITE HEART	96	2011-04-07 13:16	0.42	16255	United Kingdom
561047	16235	RECYCLED PENCIL WITH RABBIT ERASER	240	2011-07-24 12:46	0.21	16948	United Kingdom
577504	20728	LUNCH BAG CARS BLUE	6	2011-11-20 12:36	1.65	14159	United Kingdom
544177	22224	WHITE LOVEBIRD LANTERN	4	2011-02-16 14:27	2.95	13001	United Kingdom
579673	23209	LUNCH BAG VINTAGE DOILY	1	2011-11-30 12:59	1.65	18283	United Kingdom
561635	82482	WOODEN PICTURE FRAME WHITE FINISH	6	2011-07-28 14:35	2.55	16912	United Kingdom
544484	22519	CHILDS GARDEN BRUSH PINK	12	2011-02-21 11:10	2.1	15321	United Kingdom
542710	21829	DINOSAUR KEYRINGS ASSORTED	72	2011-01-31 13:17	0.21	14776	United Kingdom
563510	84509A	SET OF 4 ENGLISH ROSE PLACEMATS	8	2011-08-17 10:50	3.75	15734	United Kingdom
560901	23203	JUMBO BAG DOILEY PATTERNS	10	2011-07-21 17:39	2.08	12476	Germany
566922	23355	HOT WATER BOTTLE KEEP CALM	24	2011-09-15 14:58	4.15	16156	United Kingdom
550471	22741	FUNKY DIVA PEN	1	2011-04-18 13:52	1.63	UNKNOWN	United Kingdom
554139	20749	ASSORTED COLOUR MINI CASES	4	2011-05-23 10:34	7.95	14911	EIRE
543447	20726	LUNCH BAG WOODLAND	10	2011-02-08 12:01	1.65	16265	United Kingdom
565918	22269	EGG CUP NATURAL CHICKEN	3	2011-09-07 16:27	0.39	13249	United Kingdom
547971	21328	BALLOONS  WRITING SET	2	2011-03-28 16:37	1.65	17917	United Kingdom
577141	23436	VINTAGE CHRISTMAS GIFT BAG LARGE	12	2011-11-18 09:11	1.25	13269	United Kingdom
554376	84380	SET OF 3 BUTTERFLY COOKIE CUTTERS	2	2011-05-24 11:31	1.25	15719	United Kingdom
552269	22926	IVORY GIANT GARDEN THERMOMETER	2	2011-05-08 11:52	5.95	16121	United Kingdom
544586	18098C	PORCELAIN BUTTERFLY OIL BURNER	2	2011-02-21 15:04	2.95	17338	United Kingdom
549923	22569	FELTCRAFT CUSHION BUTTERFLY	4	2011-04-13 09:59	3.75	13138	United Kingdom
561080	23180	MUM'S KITCHEN CLOCK	2	2011-07-24 16:13	4.95	UNKNOWN	United Kingdom
563178	23025	DRAWER KNOB VINTAGE GLASS BALL	12	2011-08-12 14:12	2.08	16011	United Kingdom
576412	21289	LARGE STRIPES CHOCOLATE GIFT BAG	16	2011-11-15 11:21	1.25	13455	United Kingdom
562850	21931	JUMBO STORAGE BAG SUKI	100	2011-08-10 10:08	1.79	14680	United Kingdom
568051	85178	VICTORIAN SEWING KIT	12	2011-09-23 12:40	1.25	18189	United Kingdom
558076	23335	EGG FRYING PAN IVORY	4	2011-06-24 17:35	2.08	14031	United Kingdom
548808	22228	BUNNY WOODEN PAINTED WITH BIRD	6	2011-04-04 12:55	0.85	17774	United Kingdom
569372	23228	FILIGREE HEART BIRD WHITE	1	2011-10-03 16:04	2.46	UNKNOWN	United Kingdom
552702	22995	TRAVEL CARD WALLET SUKI	1	2011-05-10 16:00	0.83	UNKNOWN	United Kingdom
560772	21122	SET/10 PINK POLKADOT PARTY CANDLES	1	2011-07-20 16:12	2.46	UNKNOWN	United Kingdom
553134	22431	WATERING CAN BLUE ELEPHANT	6	2011-05-13 12:50	1.95	15382	United Kingdom
557466	21212	PACK OF 72 RETROSPOT CAKE CASES	24	2011-06-20 13:08	0.55	13815	Germany
558991	21464	DISCO BALL ROTATOR BATTERY OPERATED	1	2011-07-05 11:32	4.25	14606	United Kingdom
575690	23661	MILK MAIDS MUG	12	2011-11-10 16:20	1.65	14189	United Kingdom
575973	22666	RECIPE BOX PANTRY YELLOW DESIGN	6	2011-11-13 13:03	2.95	UNKNOWN	EIRE
542720	22419	LIPSTICK PEN RED	12	2011-01-31 14:35	0.42	12778	Netherlands
554979	85123A	WHITE HANGING HEART T-LIGHT HOLDER	6	2011-05-29 11:34	2.95	16931	United Kingdom
554380	84879	ASSORTED COLOUR BIRD ORNAMENT	24	2011-05-24 11:45	1.69	16709	United Kingdom
559807	22663	JUMBO BAG DOLLY GIRL DESIGN	2	2011-07-12 14:48	2.08	17841	United Kingdom
577869	21175	GIN + TONIC DIET METAL SIGN	3	2011-11-22 11:34	2.55	13268	United Kingdom
561363	21932	SCANDINAVIAN PAISLEY PICNIC BAG	3	2011-07-26 15:42	1.65	17238	United Kingdom
580667	23005	TRAVEL CARD WALLET I LOVE LONDON	6	2011-12-05 14:19	0.42	15031	United Kingdom
556041	20728	LUNCH BAG CARS BLUE	3	2011-06-08 12:44	1.65	17954	United Kingdom
576617	21524	DOORMAT SPOTTY HOME SWEET HOME	1	2011-11-15 16:57	15.79	UNKNOWN	United Kingdom
565917	22362	GLASS JAR PEACOCK BATH SALTS	1	2011-09-07 16:15	5.79	UNKNOWN	United Kingdom
580685	48194	DOORMAT HEARTS	2	2011-12-05 15:16	8.25	17676	United Kingdom
555495	23200	JUMBO BAG PEARS	10	2011-06-03 14:42	2.08	17068	United Kingdom
550635	85150	LADIES & GENTLEMEN METAL SIGN	12	2011-04-19 15:20	2.55	18173	United Kingdom
579171	23417	BATHROOM HOOK	1	2011-11-28 14:30	1.65	13030	United Kingdom
541497	22446	PIN CUSHION BABUSHKA PINK	1	2011-01-18 15:19	2.46	UNKNOWN	United Kingdom
536989	72802B	OCEAN SCENT CANDLE IN JEWELLED BOX	2	2010-12-03 15:10	4.25	17238	United Kingdom
556784	23170	REGENCY TEA PLATE ROSES	12	2011-06-14 13:15	1.65	14461	United Kingdom
552714	21175	GIN + TONIC DIET METAL SIGN	12	2011-05-11 09:28	2.55	17164	United Kingdom
537888	84993A	75 GREEN PETIT FOUR CASES	24	2010-12-09 10:04	0.42	15358	United Kingdom
579387	23299	FOOD COVER WITH BEADS SET 2	2	2011-11-29 12:06	3.75	14452	United Kingdom
557878	23239	SET OF 4 KNICK KNACK TINS POPPIES	4	2011-06-23 13:13	4.15	16940	United Kingdom
572132	22429	ENAMEL MEASURING JUG CREAM	4	2011-10-21 10:03	4.25	13725	United Kingdom
565479	22426	ENAMEL WASH BOWL CREAM	16	2011-09-05 11:19	2.95	13999	United Kingdom
556915	21372	MIRRORED WALL ART TABLE LAMP	1	2011-06-15 13:35	0.75	15036	United Kingdom
538252	21463	MIRRORED DISCO BALL	4	2010-12-10 12:29	5.95	16019	United Kingdom
552290	20724	RED RETROSPOT CHARLOTTE BAG	2	2011-05-08 13:32	0.85	16007	United Kingdom
558608	90204	PAIR OF ENAMEL BUTTERFLY HAIRCLIP	4	2011-06-30 15:30	3.35	12524	Germany
568794	23224	CHERUB HEART DECORATION GOLD	12	2011-09-29 10:10	0.83	17447	United Kingdom
545085	21215	IVORY PAPER CUP CAKE CASES	2	2011-02-28 11:19	0.55	15039	United Kingdom
568984	22867	HAND WARMER BIRD DESIGN	1	2011-09-29 15:57	2.1	17813	United Kingdom
568551	20724	RED RETROSPOT CHARLOTTE BAG	10	2011-09-27 14:58	0.85	14883	United Kingdom
581471	23313	VINTAGE CHRISTMAS BUNTING	4	2011-12-08 19:29	4.95	14702	United Kingdom
555279	21714	CITRONELLA CANDLE GARDEN POT	6	2011-06-01 17:42	1.25	16348	United Kingdom
555722	21179	NO JUNK MAIL METAL SIGN	2	2011-06-06 16:06	1.63	UNKNOWN	United Kingdom
542664	21386	IVORY HANGING DECORATION  EGG	4	2011-01-31 12:14	1.63	UNKNOWN	United Kingdom
541491	20719	WOODLAND CHARLOTTE BAG	10	2011-01-18 14:04	0.85	12510	Spain
570187	21802	CHRISTMAS TREE HEART DECORATION	1	2011-10-07 15:09	0.42	UNKNOWN	United Kingdom
549257	20684	STRAWBERRY DREAM CHILDS UMBRELLA	1	2011-04-07 12:29	3.25	14465	United Kingdom
573772	22866	HAND WARMER SCOTTY DOG DESIGN	2	2011-11-01 10:16	2.1	17377	United Kingdom
548203	22974	CHILDRENS DOLLY GIRL MUG	24	2011-03-29 16:40	3.95	UNKNOWN	United Kingdom
546136	46118	FUNKY MONKEY CUSHION COVER	1	2011-03-09 16:32	8.29	UNKNOWN	United Kingdom
575117	22917	HERB MARKER ROSEMARY	1	2011-11-08 14:22	0.65	12748	United Kingdom
566669	23157	SET OF 6 NATIVITY MAGNETS	12	2011-09-14 11:36	2.08	18065	United Kingdom
544393	22662	LUNCH BAG DOLLY GIRL DESIGN	2	2011-02-18 11:56	1.65	16393	United Kingdom
548353	82582	AREA PATROLLED METAL SIGN	18	2011-03-30 15:05	2.1	15980	United Kingdom
543594	22652	TRAVEL SEWING KIT	20	2011-02-10 12:15	1.65	18093	United Kingdom
571670	22965	3 TRADITIONAL BISCUIT CUTTERS  SET	6	2011-10-18 13:12	2.1	12611	Italy
581419	22434	BALLOON PUMP WITH 10 BALLOONS	8	2011-12-08 15:03	1.95	15484	United Kingdom
541832	47567B	TEA TIME KITCHEN APRON	8	2011-01-21 17:14	5.95	17889	United Kingdom
554014	35961	FOLKART ZINC HEART CHRISTMAS DEC	12	2011-05-20 13:13	0.85	13856	United Kingdom
567802	22969	HOMEMADE JAM SCENTED CANDLES	12	2011-09-22 12:06	1.45	14299	United Kingdom
571061	21731	RED TOADSTOOL LED NIGHT LIGHT	9	2011-10-13 14:33	4.13	UNKNOWN	United Kingdom
580884	21914	BLUE HARMONICA IN BOX	2	2011-12-06 12:21	1.25	15907	United Kingdom
546431	21213	PACK OF 72 SKULL CAKE CASES	24	2011-03-14 08:05	0.55	16954	United Kingdom
543182	84997B	RED 3 PIECE RETROSPOT CUTLERY SET	1	2011-02-04 10:40	7.46	UNKNOWN	United Kingdom
561806	22189	CREAM HEART CARD HOLDER	4	2011-07-29 14:55	3.95	12839	United Kingdom
539436	22557	PLASTERS IN TIN VINTAGE PAISLEY	1	2010-12-17 14:49	3.36	UNKNOWN	United Kingdom
581219	47593B	SCOTTIE DOGS BABY BIB	5	2011-12-08 09:28	0.83	UNKNOWN	United Kingdom
548894	23006	TRAVEL CARD WALLET FLOWER MEADOW	1	2011-04-04 16:01	0.83	UNKNOWN	United Kingdom
576339	22367	CHILDRENS APRON SPACEBOY DESIGN	3	2011-11-14 15:27	4.13	14096	United Kingdom
561195	15056N	EDWARDIAN PARASOL NATURAL	2	2011-07-25 13:57	5.95	14796	United Kingdom
546013	22558	CLOTHES PEGS RETROSPOT PACK 24	4	2011-03-08 16:38	1.49	16495	United Kingdom
537208	21401	BLUE PUDDING SPOON	5	2010-12-05 15:12	0.42	15889	United Kingdom
576508	21819	GLITTER CHRISTMAS STAR	4	2011-11-15 12:02	0.39	17777	United Kingdom
576274	20765	CHRYSANTHEMUM SKETCHBOOK	1	2011-11-14 14:24	3.75	17793	United Kingdom
581187	22865	HAND WARMER OWL DESIGN	24	2011-12-07 16:44	2.1	13756	United Kingdom
537434	20770	ABSTRACT CIRCLE JOURNAL	1	2010-12-06 16:57	2.51	UNKNOWN	United Kingdom
546563	21791	VINTAGE HEADS AND TAILS CARD GAME	12	2011-03-15 10:49	1.25	15047	United Kingdom
568101	22720	SET OF 3 CAKE TINS PANTRY DESIGN	6	2011-09-23 15:21	4.95	15978	United Kingdom
568095	23007	SPACEBOY BABY GIFT SET	3	2011-09-23 14:49	16.95	14911	EIRE
581492	90170	DAISY HAIR BAND	1	2011-12-09 10:03	1.65	UNKNOWN	United Kingdom
568660	22115	METAL SIGN EMPIRE TEA	12	2011-09-28 12:33	0.79	15134	United Kingdom
574839	85152	HAND OVER THE CHOCOLATE   SIGN	1	2011-11-07 11:40	2.1	15493	United Kingdom
574228	22403	MAGNETS PACK OF 4 VINTAGE LABELS	12	2011-11-03 12:18	0.39	16678	United Kingdom
547684	22725	ALARM CLOCK BAKELIKE CHOCOLATE	12	2011-03-24 14:46	3.75	12408	Belgium
574700	20755	BLUE PAISLEY POCKET BOOK	4	2011-11-06 13:53	0.85	16033	United Kingdom
552829	21908	CHOCOLATE THIS WAY METAL SIGN	3	2011-05-11 13:42	2.1	12748	United Kingdom
539217	82494L	WOODEN FRAME ANTIQUE WHITE	6	2010-12-16 12:46	2.95	15394	United Kingdom
573082	21218	RED SPOTTY BISCUIT TIN	12	2011-10-27 14:21	3.25	17173	United Kingdom
542922	22551	PLASTERS IN TIN SPACEBOY	12	2011-02-02 09:06	1.65	12682	France
554114	22606	WOODEN SKITTLES GARDEN SET	1	2011-05-22 15:00	15.95	15292	United Kingdom
541219	70006	LOVE HEART POCKET WARMER	2	2011-01-14 14:06	1.63	UNKNOWN	United Kingdom
541221	21976	PACK OF 60 MUSHROOM CAKE CASES	2	2011-01-14 14:28	2.08	UNKNOWN	United Kingdom
551345	21671	RED SPOT CERAMIC DRAWER KNOB	96	2011-04-28 09:03	1.06	14646	Netherlands
556459	23301	GARDENERS KNEELING PAD KEEP CALM	4	2011-06-10 17:25	3.29	UNKNOWN	United Kingdom
563195	22135	MINI LADLE LOVE HEART PINK	1	2011-08-12 16:36	0.83	UNKNOWN	United Kingdom
568539	22932	BAKING MOULD TOFFEE CUP CHOCOLATE	6	2011-09-27 14:07	2.55	13016	United Kingdom
567671	21080	SET/20 RED RETROSPOT PAPER NAPKINS	3	2011-09-21 15:34	1.63	UNKNOWN	United Kingdom
560882	20717	STRAWBERRY SHOPPER BAG	10	2011-07-21 15:47	1.25	17213	United Kingdom
544657	22087	PAPER BUNTING WHITE LACE	6	2011-02-22 13:08	2.95	14895	United Kingdom
540021	47421	ASSORTED COLOUR LIZARD SUCTION HOOK	24	2011-01-04 12:51	0.42	17841	United Kingdom
561969	22631	CIRCUS PARADE LUNCH BOX	1	2011-08-01 13:31	1.95	17757	United Kingdom
556510	23245	SET OF 3 REGENCY CAKE TINS	4	2011-06-13 10:36	4.95	14911	EIRE
554570	48194	DOORMAT HEARTS	2	2011-05-25 10:53	7.95	13728	United Kingdom
572065	84879	ASSORTED COLOUR BIRD ORNAMENT	1	2011-10-20 13:06	1.69	12556	Spain
569905	23332	IVORY WICKER HEART LARGE	12	2011-10-06 16:28	1.65	13549	United Kingdom
564479	20679	EDWARDIAN PARASOL RED	3	2011-08-25 13:12	5.95	12682	France
581218	22221	CAKE STAND LOVEBIRD 2 TIER PINK	6	2011-12-08 09:23	2.95	14191	United Kingdom
577315	21682	LARGE MEDINA STAMPED METAL BOWL	1	2011-11-18 13:25	4.95	17811	United Kingdom
570190	23311	VINTAGE CHRISTMAS STOCKING	12	2011-10-07 15:18	2.55	13456	United Kingdom
549555	22932	BAKING MOULD TOFFEE CUP CHOCOLATE	1	2011-04-10 12:52	2.55	13606	United Kingdom
568703	85183A	CHARLIE & LOLA WASTEPAPER BIN BLUE	2	2011-09-28 15:21	1.25	12748	United Kingdom
556513	22961	JAM MAKING SET PRINTED	5	2011-06-13 10:45	3.29	UNKNOWN	United Kingdom
538071	21530	DAIRY MAID TOASTRACK	1	2010-12-09 14:09	5.91	UNKNOWN	United Kingdom
568221	23031	DRAWER KNOB CRACKLE GLAZE PINK	6	2011-09-26 10:05	1.65	14911	EIRE
537900	22736	RIBBON REEL MAKING SNOWMEN	5	2010-12-09 10:45	1.65	15983	United Kingdom
559153	23154	SET OF 4 JAM JAR MAGNETS	12	2011-07-06 15:10	2.08	13804	United Kingdom
580865	22457	NATURAL SLATE HEART CHALKBOARD	1	2011-12-06 11:58	2.95	17914	United Kingdom
538524	22896	PEG BAG APPLES DESIGN	1	2010-12-13 09:35	5.06	UNKNOWN	United Kingdom
567186	23315	IVORY REFECTORY CLOCK	1	2011-09-18 16:04	9.95	17073	United Kingdom
567618	16161P	WRAP ENGLISH ROSE	25	2011-09-21 12:26	0.42	12721	France
567665	22799	SWEETHEART WIRE FRUIT BOWL	1	2011-09-21 15:22	16.63	UNKNOWN	United Kingdom
537692	21166	COOK WITH WINE METAL SIGN	12	2010-12-08 10:40	1.95	14796	United Kingdom
576574	22193	RED DINER WALL CLOCK	2	2011-11-15 13:53	8.5	13078	United Kingdom
581471	22690	DOORMAT HOME SWEET HOME BLUE	1	2011-12-08 19:29	8.25	14702	United Kingdom
547874	85061W	WHITE JEWELLED HEART DECORATION	24	2011-03-27 15:39	0.85	14476	United Kingdom
565388	22685	FRENCH BLUE METAL DOOR SIGN 0	4	2011-09-02 15:56	1.25	14415	United Kingdom
574014	23247	BISCUIT TIN 50'S CHRISTMAS	216	2011-11-02 12:03	2.89	12415	Australia
544468	21918	SET 12 KIDS COLOUR  CHALK STICKS	24	2011-02-21 08:33	0.42	UNKNOWN	EIRE
562918	85123A	WHITE HANGING HEART T-LIGHT HOLDER	32	2011-08-10 13:51	2.55	15615	United Kingdom
575256	23083	SET 6 PAPER TABLE LANTERN STARS	48	2011-11-09 11:58	3.29	13408	United Kingdom
545713	21731	RED TOADSTOOL LED NIGHT LIGHT	23	2011-03-07 10:11	4.13	UNKNOWN	United Kingdom
554349	15044D	RED PAPER PARASOL	6	2011-05-24 08:49	2.95	14191	United Kingdom
564377	85170C	SET/6 EAU DE NIL BIRD T-LIGHTS	6	2011-08-25 10:26	2.1	15263	United Kingdom
561632	16161U	WRAP SUKI AND FRIENDS	25	2011-07-28 14:30	0.42	15639	United Kingdom
538641	21212	PACK OF 72 RETROSPOT CAKE CASES	24	2010-12-13 14:36	0.55	15640	United Kingdom
577609	23108	SET OF 10 LED DOLLY LIGHTS	2	2011-11-21 09:51	6.25	12349	Italy
575329	22840	ROUND CAKE TIN VINTAGE RED	1	2011-11-09 13:50	7.95	17038	United Kingdom
553703	21900	KEY FOB , SHED	24	2011-05-18 14:57	0.65	13192	United Kingdom
548191	85170C	SET/6 EAU DE NIL BIRD T-LIGHTS	1	2011-03-29 15:20	4.13	UNKNOWN	United Kingdom
537793	22385	JUMBO BAG SPACEBOY DESIGN	100	2010-12-08 12:57	1.65	15032	United Kingdom
569894	22959	WRAP CHRISTMAS VILLAGE	25	2011-10-06 15:53	0.42	15707	United Kingdom
566557	23238	SET OF 4 KNICK KNACK TINS LONDON	48	2011-09-13 11:47	3.75	14646	Netherlands
570983	23365	SET 12 COLOUR PENCILS LOVE LONDON	24	2011-10-13 11:57	0.65	14963	United Kingdom
540813	84970S	HANGING HEART ZINC T-LIGHT HOLDER	12	2011-01-11 12:41	0.85	14669	United Kingdom
543162	21080	SET/20 RED RETROSPOT PAPER NAPKINS	6	2011-02-03 18:08	0.85	17507	United Kingdom
575177	90183B	AMETHYST DROP EARRINGS W LONG BEADS	1	2011-11-08 18:41	2.9	UNKNOWN	United Kingdom
555522	22721	SET OF 3 CAKE TINS SKETCHBOOK	4	2011-06-05 11:29	4.95	15796	United Kingdom
543530	22366	DOORMAT AIRMAIL	1	2011-02-09 12:46	14.13	UNKNOWN	United Kingdom
558918	23174	REGENCY SUGAR BOWL GREEN	4	2011-07-05 09:53	4.15	15646	United Kingdom
571713	21064	BOOM BOX SPEAKER BOYS	2	2011-10-18 16:58	4.13	UNKNOWN	United Kingdom
540473	22291	HANGING CHICK CREAM DECORATION	3	2011-01-07 14:31	1.45	17284	United Kingdom
558068	22426	ENAMEL WASH BOWL CREAM	1	2011-06-24 15:51	7.46	UNKNOWN	United Kingdom
571904	22325	MOBILE VINTAGE HEARTS	3	2011-10-19 14:41	4.95	12522	Germany
569700	22411	JUMBO SHOPPER VINTAGE RED PAISLEY	2	2011-10-05 15:56	4.13	UNKNOWN	United Kingdom
574709	23077	DOUGHNUT LIP GLOSS	20	2011-11-06 14:14	1.25	17768	United Kingdom
562790	22704	WRAP RED APPLES	50	2011-08-09 13:51	0.42	14646	Netherlands
545653	15056N	EDWARDIAN PARASOL NATURAL	3	2011-03-04 13:39	5.95	15311	United Kingdom
546136	22982	PANTRY PASTRY BRUSH	1	2011-03-09 16:32	2.46	UNKNOWN	United Kingdom
554628	22851	SET 20 NAPKINS FAIRY CAKES DESIGN	2	2011-05-25 11:26	0.85	15039	United Kingdom
559697	20828	GLITTER BUTTERFLY CLIPS	2	2011-07-11 17:03	2.55	15577	United Kingdom
553935	21977	PACK OF 60 PINK PAISLEY CAKE CASES	4	2011-05-20 10:32	0.55	15856	United Kingdom
578278	23452	HEART MINI PORTRAIT FRAME	12	2011-11-23 13:51	1.95	12748	United Kingdom
570288	22629	SPACEBOY LUNCH BOX	2	2011-10-10 11:47	1.95	16960	United Kingdom
553658	21823	PAINTED METAL HEART WITH HOLLY BELL	12	2011-05-18 11:42	1.45	16818	United Kingdom
579412	23029	DRAWER KNOB CRACKLE GLAZE GREEN	6	2011-11-29 12:47	1.65	14125	United Kingdom
547444	22748	POPPY'S PLAYHOUSE KITCHEN	6	2011-03-23 10:55	2.1	12811	Portugal
554079	22507	MEMO BOARD RETROSPOT  DESIGN	1	2011-05-22 11:41	4.95	14546	United Kingdom
559042	22668	PINK BABY BUNTING	1	2011-07-05 15:34	5.79	UNKNOWN	United Kingdom
573744	21704	BAG 250G SWIRLY MARBLES	12	2011-11-01 08:16	0.85	17733	United Kingdom
569104	21427	SKULLS STORAGE BOX SMALL	6	2011-09-30 12:30	2.1	15287	United Kingdom
559055	22424	ENAMEL BREAD BIN CREAM	1	2011-07-05 17:09	24.96	UNKNOWN	United Kingdom
567656	22659	LUNCH BOX I LOVE LONDON	1	2011-09-21 14:40	4.13	14096	United Kingdom
539414	22314	OFFICE MUG WARMER CHOC+BLUE	3	2010-12-17 13:45	2.95	16931	United Kingdom
580956	23535	WALL ART BICYCLE SAFETY	1	2011-12-06 14:23	5.95	17841	United Kingdom
544686	22385	JUMBO BAG SPACEBOY DESIGN	1	2011-02-22 17:20	1.95	12748	United Kingdom
561876	84879	ASSORTED COLOUR BIRD ORNAMENT	16	2011-07-31 12:08	1.69	14472	United Kingdom
558637	21733	RED HANGING HEART T-LIGHT HOLDER	1	2011-06-30 20:08	2.95	17891	United Kingdom
555408	22854	CREAM SWEETHEART EGG HOLDER	4	2011-06-03 08:54	4.95	13294	United Kingdom
541293	21080	SET/20 RED RETROSPOT PAPER NAPKINS	2	2011-01-17 13:39	0.85	15311	United Kingdom
541696	22819	BIRTHDAY CARD, RETRO SPOT	13	2011-01-20 18:08	0.42	UNKNOWN	United Kingdom
548984	22507	MEMO BOARD RETROSPOT  DESIGN	2	2011-04-05 12:37	4.95	14546	United Kingdom
544691	22666	RECIPE BOX PANTRY YELLOW DESIGN	6	2011-02-23 09:09	2.95	13804	United Kingdom
579516	21754	HOME BUILDING BLOCK WORD	1	2011-11-29 17:52	6.25	17841	United Kingdom
580777	23355	HOT WATER BOTTLE KEEP CALM	4	2011-12-06 11:06	4.95	14547	United Kingdom
578229	23355	HOT WATER BOTTLE KEEP CALM	2	2011-11-23 11:54	4.95	16066	United Kingdom
540672	21890	S/6 WOODEN SKITTLES IN COTTON BAG	6	2011-01-10 15:51	2.95	15281	United Kingdom
571061	21916	SET 12 RETRO WHITE CHALK STICKS	1	2011-10-13 14:33	0.79	UNKNOWN	United Kingdom
563940	23343	JUMBO BAG VINTAGE CHRISTMAS	10	2011-08-22 09:30	2.08	17416	United Kingdom
579270	23327	HANGING CLEAR MINI BOTTLE	48	2011-11-29 09:50	0.63	15783	United Kingdom
552646	21644	ASSORTED TUTTI FRUTTI HEART BOX	2	2011-05-10 13:26	1.25	14078	United Kingdom
568392	85032D	YULETIDE IMAGES GIFT WRAP SET	12	2011-09-27 10:08	0.65	14272	United Kingdom
557410	21080	SET/20 RED RETROSPOT PAPER NAPKINS	10	2011-06-20 11:36	0.85	14701	United Kingdom
551136	21845	DAIRY MAID STRIPE MUG	36	2011-04-26 13:05	0.79	15301	United Kingdom
545660	21132	SILVER STANDING GNOME	2	2011-03-04 14:28	4.25	17191	United Kingdom
570448	23103	JINGLE BELL HEART DECORATION	24	2011-10-10 14:55	1.65	13224	United Kingdom
558066	21189	WHITE HONEYCOMB PAPER GARLAND	4	2011-06-24 15:45	3.29	UNKNOWN	United Kingdom
540489	84946	ANTIQUE SILVER TEA GLASS ETCHED	12	2011-01-07 16:32	1.25	13593	United Kingdom
565209	23031	DRAWER KNOB CRACKLE GLAZE PINK	2	2011-09-01 16:59	1.65	15910	United Kingdom
568698	16169E	WRAP 50'S  CHRISTMAS	25	2011-09-28 14:57	0.42	14911	EIRE
566269	22440	BALLOON WATER BOMB PACK OF 35	10	2011-09-11 13:39	0.42	17864	United Kingdom
536576	35004C	SET OF 3 COLOURED  FLYING DUCKS	120	2010-12-01 16:11	4.65	13777	United Kingdom
556495	23300	GARDENERS KNEELING PAD CUP OF TEA	3	2011-06-12 15:14	1.65	18069	United Kingdom
551150	22413	METAL SIGN TAKE IT OR LEAVE IT	12	2011-04-26 14:37	2.95	18144	United Kingdom
553660	21845	DAIRY MAID STRIPE MUG	36	2011-05-18 11:58	0.79	14620	United Kingdom
545475	21509	COWBOYS AND INDIANS BIRTHDAY CARD	144	2011-03-03 10:59	0.36	12415	Australia
575855	22414	DOORMAT NEIGHBOURHOOD WITCH	1	2011-11-11 12:24	8.25	14527	United Kingdom
544304	22419	LIPSTICK PEN RED	6	2011-02-17 13:47	0.42	18125	United Kingdom
574444	22551	PLASTERS IN TIN SPACEBOY	3	2011-11-04 11:41	1.65	18122	United Kingdom
570180	21790	VINTAGE SNAP CARDS	12	2011-10-07 14:28	0.85	17509	United Kingdom
556433	21213	PACK OF 72 SKULL CAKE CASES	2	2011-06-10 14:01	2.08	UNKNOWN	United Kingdom
547004	22839	3 TIER CAKE TIN GREEN AND CREAM	1	2011-03-18 14:14	14.95	17419	United Kingdom
572880	22796	PHOTO FRAME 3 CLASSIC HANGING	1	2011-10-26 13:35	9.95	16415	United Kingdom
552668	20735	BLACK MINI TAPE MEASURE	1	2011-05-10 15:05	1.63	UNKNOWN	United Kingdom
571797	20828	GLITTER BUTTERFLY CLIPS	2	2011-10-19 11:41	4.96	UNKNOWN	United Kingdom
563168	23547	WRAP FLOWER SHOP	25	2011-08-12 12:41	0.42	16045	United Kingdom
564758	23169	CLASSIC GLASS COOKIE JAR	2	2011-08-30 10:39	4.15	UNKNOWN	United Kingdom
563549	21094	SET/6 RED SPOTTY PAPER PLATES	4	2011-08-17 12:34	2.46	UNKNOWN	United Kingdom
540154	22325	MOBILE VINTAGE HEARTS	5	2011-01-05 11:30	3.36	UNKNOWN	United Kingdom
557525	85123A	WHITE HANGING HEART T-LIGHT HOLDER	6	2011-06-21 09:26	2.95	12759	Netherlands
561209	20903	VINTAGE KEEPSAKE BOX TRAVELOGUE	1	2011-07-25 16:57	4.13	UNKNOWN	United Kingdom
539285	22569	FELTCRAFT CUSHION BUTTERFLY	4	2010-12-16 15:59	3.75	15366	United Kingdom
559122	84596F	SMALL MARSHMALLOWS PINK BOWL	16	2011-07-06 12:22	0.42	15159	United Kingdom
538630	22822	CREAM WALL PLANTER HEART SHAPED	2	2010-12-13 13:25	5.95	14565	United Kingdom
578533	85034C	3 ROSE MORRIS BOXED CANDLES	12	2011-11-24 14:42	1.25	17767	United Kingdom
540506	22722	SET OF 6 SPICE TINS PANTRY DESIGN	2	2011-01-09 11:12	3.95	17796	United Kingdom
537462	84997B	RED 3 PIECE RETROSPOT CUTLERY SET	6	2010-12-07 10:06	3.75	17228	United Kingdom
546851	22223	CAKE PLATE LOVEBIRD PINK	3	2011-03-17 13:23	4.95	12480	Germany
580160	23343	JUMBO BAG VINTAGE CHRISTMAS	10	2011-12-02 10:47	2.08	12700	France
555853	21386	IVORY HANGING DECORATION  EGG	10	2011-06-07 13:44	0.19	14375	United Kingdom
563565	22966	GINGERBREAD MAN COOKIE CUTTER	2	2011-08-17 14:22	1.25	17338	United Kingdom
580612	22807	SET OF 6 T-LIGHTS TOADSTOOLS	1	2011-12-05 11:58	5.79	UNKNOWN	United Kingdom
565649	22659	LUNCH BOX I LOVE LONDON	2	2011-09-05 16:27	1.95	16712	United Kingdom
540511	22268	EASTER DECORATION SITTING BUNNY	4	2011-01-09 11:34	0.85	14472	United Kingdom
538187	22910	PAPER CHAIN KIT VINTAGE CHRISTMAS	12	2010-12-10 10:27	2.95	16499	United Kingdom
570027	23535	WALL ART BICYCLE SAFETY	4	2011-10-07 10:41	5.95	14844	United Kingdom
581442	23313	VINTAGE CHRISTMAS BUNTING	5	2011-12-08 16:38	4.95	13536	United Kingdom
547248	47566B	TEA TIME PARTY BUNTING	2	2011-03-22 09:23	10.79	UNKNOWN	United Kingdom
564308	21650	ASSORTED TUTTI FRUTTI BRACELET	24	2011-08-24 12:36	0.19	13901	United Kingdom
556071	23082	SET 6 PAPER TABLE LANTERN HEARTS	6	2011-06-08 14:52	3.75	15974	United Kingdom
576636	23084	RABBIT NIGHT LIGHT	48	2011-11-16 09:34	1.79	12912	United Kingdom
572484	84997B	CHILDRENS CUTLERY RETROSPOT RED	2	2011-10-24 13:50	4.15	17220	United Kingdom
579508	23350	ROLL WRAP VINTAGE SPOT	2	2011-11-29 16:33	2.46	UNKNOWN	United Kingdom
548740	22178	VICTORIAN GLASS HANGING T-LIGHT	12	2011-04-04 11:34	1.25	13319	United Kingdom
580372	22424	ENAMEL BREAD BIN CREAM	1	2011-12-02 17:04	12.75	16359	United Kingdom
558571	21878	PACK OF 6 SANDCASTLE FLAGS ASSORTED	12	2011-06-30 14:46	0.85	17017	United Kingdom
555859	17003	BROCADE RING PURSE	36	2011-06-07 14:22	0.29	17987	United Kingdom
543915	22440	BALLOON WATER BOMB PACK OF 35	20	2011-02-14 13:21	0.42	13717	United Kingdom
578272	22142	CHRISTMAS CRAFT WHITE FAIRY	12	2011-11-23 13:40	1.45	17463	United Kingdom
581448	22626	BLACK KITCHEN SCALES	2	2011-12-08 17:24	8.5	15208	United Kingdom
572329	22429	ENAMEL MEASURING JUG CREAM	8	2011-10-24 10:13	4.25	14019	United Kingdom
573907	21523	DOORMAT FANCY FONT HOME SWEET HOME	2	2011-11-01 15:17	8.25	13021	United Kingdom
576617	22340	NOEL GARLAND PAINTED ZINC	6	2011-11-15 16:57	0.83	UNKNOWN	United Kingdom
550208	22683	FRENCH BLUE METAL DOOR SIGN 8	1	2011-04-15 10:39	2.46	UNKNOWN	United Kingdom
578927	23201	JUMBO BAG ALPHABET	3	2011-11-27 12:26	2.08	15747	United Kingdom
555924	82494L	WOODEN FRAME ANTIQUE WHITE	16	2011-06-07 17:12	7.46	UNKNOWN	United Kingdom
558049	84199	GLOW IN DARK DOLPHINS	20	2011-06-24 14:16	0.21	15850	United Kingdom
552956	22699	ROSES REGENCY TEACUP AND SAUCER	6	2011-05-12 12:34	2.95	12431	Australia
546368	21463	MIRRORED DISCO BALL	3	2011-03-11 11:38	5.95	UNKNOWN	United Kingdom
577503	72800E	4 IVORY DINNER CANDLES SILVER FLOCK	1	2011-11-20 12:34	2.55	18110	United Kingdom
557472	84832	ZINC WILLIE WINKIE  CANDLE STICK	12	2011-06-20 13:27	0.85	12432	Norway
549524	21790	VINTAGE SNAP CARDS	1	2011-04-08 15:42	1.63	UNKNOWN	United Kingdom
543099	22971	QUEENS GUARD COFFEE MUG	72	2011-02-03 12:00	2.1	16684	United Kingdom
571435	22952	60 CAKE CASES VINTAGE CHRISTMAS	24	2011-10-17 13:23	0.55	14211	United Kingdom
553869	23077	DOUGHNUT LIP GLOSS	20	2011-05-19 14:27	1.25	15394	United Kingdom
563944	23254	CHILDRENS CUTLERY DOLLY GIRL	4	2011-08-22 10:08	4.15	17581	United Kingdom
549525	22087	PAPER BUNTING WHITE LACE	4	2011-04-08 15:44	5.79	UNKNOWN	United Kingdom
567981	20723	STRAWBERRY CHARLOTTE BAG	25	2011-09-23 11:22	2.46	UNKNOWN	United Kingdom
574672	22077	6 RIBBONS RUSTIC CHARM	1	2011-11-06 12:25	1.95	13532	United Kingdom
564181	23287	RED VINTAGE SPOT BEAKER	8	2011-08-23 14:53	0.85	13862	United Kingdom
562199	22666	RECIPE BOX PANTRY YELLOW DESIGN	2	2011-08-03 12:20	2.95	12748	United Kingdom
573585	21086	SET/6 RED SPOTTY PAPER CUPS	3	2011-10-31 14:41	1.63	UNKNOWN	United Kingdom
556809	22619	SET OF 6 SOLDIER SKITTLES	1	2011-06-14 16:48	3.75	17179	United Kingdom
561879	23285	PINK VINTAGE SPOT BEAKER	8	2011-07-31 12:43	0.85	13722	United Kingdom
560504	21754	HOME BUILDING BLOCK WORD	3	2011-07-19 11:47	5.95	13081	United Kingdom
558709	82494L	WOODEN FRAME ANTIQUE WHITE	6	2011-07-01 13:02	2.95	17338	United Kingdom
580914	21756	BATH BUILDING BLOCK WORD	3	2011-12-06 13:42	6.25	14871	United Kingdom
573915	85208	SET/12 FUNKY FELT FLOWER PEG IN BAG	1	2011-11-01 15:55	2.1	15511	United Kingdom
561356	15060B	FAIRY CAKE DESIGN UMBRELLA	4	2011-07-26 14:56	3.75	14273	United Kingdom
544349	84836	ZINC METAL HEART DECORATION	24	2011-02-18 10:03	1.25	16713	United Kingdom
578307	21287	SCENTED VELVET LOUNGE CANDLE	12	2011-11-23 15:53	0.38	17290	United Kingdom
575135	23110	PARISIENNE KEY CABINET	2	2011-11-08 14:49	5.75	13928	United Kingdom
546530	21977	PACK OF 60 PINK PAISLEY CAKE CASES	480	2011-03-14 13:25	0.55	17404	Sweden
549577	22211	WOOD STAMP SET FLOWERS	12	2011-04-11 08:16	1.65	14286	United Kingdom
580653	23084	RABBIT NIGHT LIGHT	12	2011-12-05 13:34	2.08	17706	United Kingdom
573360	23503	PLAYING CARDS KEEP CALM & CARRY ON	1	2011-10-30 12:51	1.25	15748	United Kingdom
542906	75049L	LARGE CIRCULAR MIRROR MOBILE	1	2011-02-01 15:12	2.46	UNKNOWN	United Kingdom
576365	23192	BUNDLE OF 3 ALPHABET EXERCISE BOOKS	59	2011-11-14 17:55	3.95	UNKNOWN	United Kingdom
575318	23313	VINTAGE CHRISTMAS BUNTING	10	2011-11-09 13:17	4.95	14921	United Kingdom
578698	84997A	CHILDRENS CUTLERY POLKADOT GREEN	4	2011-11-25 10:20	4.15	12620	France
549059	21043	APRON MODERN VINTAGE COTTON	3	2011-04-06 10:46	1.95	15529	United Kingdom
580879	84879	ASSORTED COLOUR BIRD ORNAMENT	8	2011-12-06 12:18	1.69	17346	United Kingdom
564507	22561	WOODEN SCHOOL COLOURING SET	12	2011-08-25 14:34	1.65	15513	United Kingdom
536532	21212	PACK OF 72 RETROSPOT CAKE CASES	24	2010-12-01 13:24	0.55	12433	Norway
550251	23076	ICE CREAM SUNDAE LIP GLOSS	24	2011-04-15 11:44	1.25	14323	United Kingdom
541414	82600	NO SINGING METAL SIGN	1	2011-01-17 16:14	2.1	18212	United Kingdom
573149	21109	LARGE CAKE TOWEL CHOCOLATE SPOTS	2	2011-10-27 19:56	6.75	16438	United Kingdom
550206	22379	RECYCLING BAG RETROSPOT	3	2011-04-15 10:38	4.96	UNKNOWN	United Kingdom
565231	22741	FUNKY DIVA PEN	2	2011-09-02 09:26	1.63	UNKNOWN	United Kingdom
581146	22553	PLASTERS IN TIN SKULLS	24	2011-12-07 13:53	1.65	17602	United Kingdom
581425	22116	METAL SIGN HIS DINNER IS SERVED	2	2011-12-08 15:31	0.79	14796	United Kingdom
545718	21115	ROSE CARAVAN DOORSTOP	2	2011-03-07 10:22	6.75	12614	Germany
542215	22242	5 HOOK HANGER MAGIC TOADSTOOL	12	2011-01-26 12:27	1.65	12472	Germany
565919	22621	TRADITIONAL KNITTING NANCY	2	2011-09-07 16:48	3.29	UNKNOWN	United Kingdom
547049	22768	FAMILY PHOTO FRAME CORNICE	3	2011-03-20 11:56	9.95	17134	United Kingdom
575176	22065	CHRISTMAS PUDDING TRINKET POT	6	2011-11-08 18:29	1.63	UNKNOWN	United Kingdom
545035	21166	COOK WITH WINE METAL SIGN	12	2011-02-25 17:03	2.08	15078	United Kingdom
572886	21090	SET/6 COLLAGE PAPER PLATES	12	2011-10-26 13:46	0.39	12448	Spain
562354	84976	RECTANGULAR SHAPED MIRROR	12	2011-08-04 13:15	0.79	17470	United Kingdom
570521	21479	WHITE SKULL HOT WATER BOTTLE	4	2011-10-11 10:43	4.25	12371	Switzerland
542536	20717	STRAWBERRY SHOPPER BAG	4	2011-01-28 13:37	2.46	UNKNOWN	United Kingdom
565840	23344	JUMBO BAG 50'S CHRISTMAS	2	2011-09-07 12:02	4.13	UNKNOWN	United Kingdom
560109	84251G	GREETING CARD, OVERCROWDED POOL.	12	2011-07-15 09:00	0.19	13491	United Kingdom
565234	22952	60 CAKE CASES VINTAGE CHRISTMAS	1	2011-09-02 09:38	1.25	UNKNOWN	United Kingdom
546368	22607	WOODEN ROUNDERS GARDEN SET	2	2011-03-11 11:38	9.95	UNKNOWN	United Kingdom
575889	16015	MEDIUM CHINESE STYLE SCISSOR	10	2011-11-11 14:09	0.5	16433	United Kingdom
565430	21452	TOADSTOOL MONEY BOX	3	2011-09-04 13:07	2.95	14335	Germany
574939	23084	RABBIT NIGHT LIGHT	3	2011-11-07 17:16	2.08	17109	United Kingdom
560716	22379	RECYCLING BAG RETROSPOT	10	2011-07-20 13:26	2.1	17675	United Kingdom
580468	35970	ZINC FOLKART SLEIGH BELLS	1	2011-12-04 12:31	1.69	12748	United Kingdom
544058	21408	SPOTTY PINK DUCK DOORSTOP	3	2011-02-15 12:56	4.25	14176	United Kingdom
554512	21086	SET/6 RED SPOTTY PAPER CUPS	1	2011-05-24 15:54	1.63	UNKNOWN	United Kingdom
571289	21977	PACK OF 60 PINK PAISLEY CAKE CASES	24	2011-10-16 15:27	0.55	15113	United Kingdom
548203	21671	RED SPOT CERAMIC DRAWER KNOB	7	2011-03-29 16:41	3.95	UNKNOWN	United Kingdom
569479	23373	VINTAGE CHRISTMAS PAPER GIFT BAG	40	2011-10-04 12:41	0.82	13408	United Kingdom
541265	35922	EASTER BUNNY WREATH	1	2011-01-16 16:23	4.95	17609	United Kingdom
577855	21813	GARLAND WITH STARS AND BELLS	2	2011-11-22 11:18	4.95	15877	United Kingdom
543345	22729	ALARM CLOCK BAKELIKE ORANGE	1	2011-02-07 12:29	7.46	UNKNOWN	United Kingdom
564755	23306	SET OF 36 DOILIES PANTRY DESIGN	1	2011-08-30 10:31	2.92	UNKNOWN	United Kingdom
562114	84754	S/15 SILVER GLASS BAUBLES IN BAG	1	2011-08-02 16:14	2.46	UNKNOWN	United Kingdom
572552	22897	OVEN MITT APPLES DESIGN	1	2011-10-24 17:07	3.29	14096	United Kingdom
538857	82494L	WOODEN FRAME ANTIQUE WHITE	24	2010-12-14 13:58	2.55	15311	United Kingdom
563848	22197	POPCORN HOLDER	48	2011-08-19 14:57	0.85	14911	EIRE
575087	20914	SET/5 RED RETROSPOT LID GLASS BOWLS	1	2011-11-08 13:57	2.95	16549	United Kingdom
565767	21213	PACK OF 72 SKULL CAKE CASES	13	2011-09-06 14:28	2.08	UNKNOWN	United Kingdom
552662	22411	JUMBO SHOPPER VINTAGE RED PAISLEY	6	2011-05-10 15:04	4.13	UNKNOWN	United Kingdom
562708	82011C	BATHROOM SCALES FOOTPRINTS IN SAND	2	2011-08-08 14:15	3.75	17085	United Kingdom
565766	22981	PANTRY APPLE CORER	2	2011-09-06 14:23	1.45	17841	United Kingdom
554929	22972	CHILDREN'S SPACEBOY MUG	12	2011-05-27 13:16	1.65	13018	United Kingdom
557129	23284	DOORMAT KEEP CALM AND COME IN	2	2011-06-16 19:59	7.95	17841	United Kingdom
547686	22087	PAPER BUNTING WHITE LACE	6	2011-03-24 14:49	2.95	15513	United Kingdom
541120	22976	CIRCUS PARADE CHILDRENS EGG CUP	12	2011-01-14 09:13	1.25	12490	France
536412	20727	LUNCH BAG  BLACK SKULL.	3	2010-12-01 11:49	1.65	17920	United Kingdom
547730	22993	SET OF 4 PANTRY JELLY MOULDS	2	2011-03-25 11:01	1.25	14796	United Kingdom
538177	22740	POLKADOT PEN	3	2010-12-10 09:51	1.66	UNKNOWN	United Kingdom
565156	84946	ANTIQUE SILVER T-LIGHT GLASS	12	2011-09-01 15:04	1.25	13045	United Kingdom
552281	22851	SET 20 NAPKINS FAIRY CAKES DESIGN	6	2011-05-08 12:42	0.85	15704	United Kingdom
567936	22154	ANGEL DECORATION 3 BUTTONS	48	2011-09-22 18:10	0.42	15194	United Kingdom
551560	23162	REGENCY TEA STRAINER	48	2011-05-03 10:43	3.29	16133	United Kingdom
577700	22338	STAR DECORATION PAINTED ZINC	10	2011-11-21 12:06	0.19	14449	United Kingdom
569676	23358	HOT STUFF HOT WATER BOTTLE	1	2011-10-05 14:12	3.75	UNKNOWN	United Kingdom
575091	21484	CHICK GREY HOT WATER BOTTLE	4	2011-11-08 14:05	4.25	17160	United Kingdom
575688	21165	BEWARE OF THE CAT METAL SIGN	12	2011-11-10 16:15	1.69	18230	United Kingdom
540551	20801	LARGE PINK GLASS SUNDAE DISH	24	2011-01-10 09:43	2.51	UNKNOWN	United Kingdom
579694	23089	GLASS BON BON JAR	2	2011-11-30 14:11	3.29	UNKNOWN	United Kingdom
537867	21484	CHICK GREY HOT WATER BOTTLE	4	2010-12-08 16:48	3.45	16717	United Kingdom
578844	22114	HOT WATER BOTTLE TEA AND SYMPATHY	2	2011-11-25 16:14	8.29	UNKNOWN	United Kingdom
542613	21291	SMALL POLKADOT CHOCOLATE GIFT BAG	16	2011-01-30 14:36	0.85	17431	United Kingdom
572552	22600	CHRISTMAS RETROSPOT STAR WOOD	1	2011-10-24 17:07	1.63	14096	United Kingdom
538646	84945	MULTI COLOUR SILVER T-LIGHT HOLDER	24	2010-12-13 14:55	0.85	17293	United Kingdom
568943	23309	SET OF 60 I LOVE LONDON CAKE CASES	240	2011-09-29 14:50	0.42	17306	United Kingdom
576769	20982	12 PENCILS TALL TUBE SKULLS	12	2011-11-16 13:14	0.85	13575	United Kingdom
573128	22689	DOORMAT MERRY CHRISTMAS RED	6	2011-10-27 16:34	8.25	13538	United Kingdom
581492	21172	PARTY METAL SIGN	1	2011-12-09 10:03	4.13	UNKNOWN	United Kingdom
567670	84792	ENCHANTED BIRD COATHANGER 5 HOOK	1	2011-09-21 15:32	9.13	UNKNOWN	United Kingdom
576890	23480	MINI LIGHTS WOODLAND MUSHROOMS	4	2011-11-16 17:25	3.75	12662	Germany
560104	22939	APRON APPLE DELIGHT	2	2011-07-14 18:56	4.95	17921	United Kingdom
545465	21458	2 PICTURE BOOK EGGS EASTER BUNNY	12	2011-03-03 09:25	1.25	16957	United Kingdom
575631	22114	HOT WATER BOTTLE TEA AND SYMPATHY	1	2011-11-10 13:41	4.25	15184	United Kingdom
539708	22621	TRADITIONAL KNITTING NANCY	1	2010-12-21 12:18	3.36	UNKNOWN	United Kingdom
551385	22926	IVORY GIANT GARDEN THERMOMETER	4	2011-04-28 11:38	5.95	16814	United Kingdom
569134	23399	HOME SWEET HOME HANGING HEART	12	2011-09-30 14:07	0.85	15411	United Kingdom
559045	22952	60 CAKE CASES VINTAGE CHRISTMAS	24	2011-07-05 15:40	0.55	14352	United Kingdom
568558	23424	GINGHAM RECIPE BOOK BOX	4	2011-09-27 16:28	4.95	16354	United Kingdom
537240	22135	LADLE LOVE HEART PINK	1	2010-12-06 10:08	0.85	UNKNOWN	United Kingdom
576513	84029E	RED WOOLLY HOTTIE WHITE HEART.	2	2011-11-15 12:10	4.25	14715	United Kingdom
559513	15060B	FAIRY CAKE DESIGN UMBRELLA	1	2011-07-08 15:56	3.75	14534	United Kingdom
560780	22385	JUMBO BAG SPACEBOY DESIGN	1	2011-07-21 09:31	4.13	UNKNOWN	United Kingdom
571716	21080	SET/20 RED RETROSPOT PAPER NAPKINS	1	2011-10-18 17:05	1.63	UNKNOWN	United Kingdom
541421	20696	FLORAL SOFT CAR TOY	2	2011-01-17 17:44	3.29	UNKNOWN	United Kingdom
536611	62096A	PINK/YELLOW FLOWERS HANDBAG	6	2010-12-02 09:43	1.25	15752	United Kingdom
540551	85099B	JUMBO BAG RED RETROSPOT	1	2011-01-10 09:43	4.21	UNKNOWN	United Kingdom
564141	23241	TREASURE TIN GYMKHANA DESIGN	1	2011-08-23 11:47	2.08	17841	United Kingdom
552046	22692	DOORMAT WELCOME TO OUR HOME	2	2011-05-06 09:44	7.95	15235	United Kingdom
581006	23203	JUMBO BAG VINTAGE DOILY	10	2011-12-07 08:45	2.08	14911	EIRE
566294	21770	OPEN CLOSED METAL SIGN	1	2011-09-11 15:41	4.95	15533	United Kingdom
548514	48184	DOORMAT ENGLISH ROSE	1	2011-03-31 16:03	14.13	UNKNOWN	United Kingdom
545333	75131	METAL TUBE CHIME ON BAMBOO	1	2011-03-01 16:22	3.29	UNKNOWN	United Kingdom
577010	84596B	SMALL DOLLY MIX DESIGN ORANGE BOWL	2	2011-11-17 12:11	0.42	15506	United Kingdom
550471	21165	BEWARE OF THE CAT METAL SIGN	2	2011-04-18 13:52	4.13	UNKNOWN	United Kingdom
576560	22576	SWALLOW WOODEN CHRISTMAS DECORATION	2	2011-11-15 13:21	0.85	12877	United Kingdom
537238	85099B	JUMBO BAG RED RETROSPOT	5	2010-12-06 10:03	1.95	16161	United Kingdom
565406	23310	BUBBLEGUM RING ASSORTED	36	2011-09-04 10:59	0.42	13804	United Kingdom
569520	22187	GREEN CHRISTMAS TREE CARD HOLDER	12	2011-10-04 14:32	1.95	17667	United Kingdom
559120	22659	LUNCH BOX I LOVE LONDON	2	2011-07-06 12:18	1.95	16393	United Kingdom
562345	21232	STRAWBERRY CERAMIC TRINKET BOX	72	2011-08-04 12:14	1.06	13694	United Kingdom
562540	23251	VINTAGE RED ENAMEL TRIM MUG	6	2011-08-05 15:38	1.25	17400	United Kingdom
545021	22427	ENAMEL FLOWER JUG CREAM	3	2011-02-25 14:11	5.95	17663	United Kingdom
564144	22028	PENNY FARTHING BIRTHDAY CARD	12	2011-08-23 11:53	0.42	13939	United Kingdom
559349	22423	REGENCY CAKESTAND 3 TIER	1	2011-07-07 17:33	12.75	15150	United Kingdom
552234	22968	ROSE COTTAGE KEEPSAKE BOX	1	2011-05-06 16:01	19.96	UNKNOWN	United Kingdom
540026	20719	WOODLAND CHARLOTTE BAG	1	2011-01-04 13:25	1.66	UNKNOWN	United Kingdom
549295	22148	EASTER CRAFT 4 CHICKS	1	2011-04-07 19:49	4.13	UNKNOWN	United Kingdom
563548	21232	STRAWBERRY CERAMIC TRINKET BOX	12	2011-08-17 12:30	1.25	12528	Germany
571292	22757	LARGE RED BABUSHKA NOTEBOOK	2	2011-10-16 15:45	1.25	15311	United Kingdom
542906	85194S	HANGING SPRING FLOWER EGG SMALL	6	2011-02-01 15:12	1.63	UNKNOWN	United Kingdom
548863	22321	BIRD DECORATION RED RETROSPOT	12	2011-04-04 13:57	0.85	15311	United Kingdom
561020	21476	STEEL SWEETHEART ROUND TABLE CREAM	1	2011-07-22 17:21	14.95	13563	United Kingdom
539421	22921	HERB MARKER CHIVES	12	2010-12-17 14:21	0.65	14016	EIRE
581401	20685	DOORMAT RED RETROSPOT	2	2011-12-08 13:43	8.25	17644	United Kingdom
539735	22352	LUNCH BOX WITH CUTLERY RETROSPOT	2	2010-12-21 15:17	5.06	UNKNOWN	United Kingdom
557427	23236	DOILEY STORAGE TIN	12	2011-06-20 12:14	2.89	12429	Denmark
541422	84251G	GREETING CARD, OVERCROWDED POOL.	1	2011-01-17 17:48	0.42	UNKNOWN	United Kingdom
565673	47566	PARTY BUNTING	8	2011-09-06 09:45	4.95	14441	United Kingdom
558614	gift_0001_50	DOTCOMGIFTSHOP GIFT VOUCHER £50.00	1	2011-06-30 15:56	41.67	UNKNOWN	United Kingdom
577768	21731	RED TOADSTOOL LED NIGHT LIGHT	1	2011-11-21 15:18	3.29	UNKNOWN	United Kingdom
538877	21452	TOADSTOOL MONEY BOX	1	2010-12-14 15:29	6.77	UNKNOWN	United Kingdom
552831	16016	LARGE CHINESE STYLE SCISSOR	22	2011-05-11 14:12	0.85	13052	United Kingdom
565056	22697	GREEN REGENCY TEACUP AND SAUCER	6	2011-08-31 17:12	2.95	16278	United Kingdom
550474	22475	SKULL DESIGN TV DINNER TRAY	1	2011-04-18 13:58	10.79	UNKNOWN	United Kingdom
565287	20981	12 PENCILS TALL TUBE WOODLAND	12	2011-09-02 11:42	0.85	12483	Sweden
538349	84920	PINK FLOWER FABRIC PONY	2	2010-12-10 14:59	7.62	UNKNOWN	United Kingdom
579404	23444	NEXT DAY CARRIAGE	1	2011-11-29 12:21	15.0	14126	United Kingdom
568135	23344	JUMBO BAG 50'S CHRISTMAS	1	2011-09-23 17:04	4.13	UNKNOWN	United Kingdom
575491	21992	VINTAGE PAISLEY STATIONERY SET	2	2011-11-09 17:47	1.25	15531	United Kingdom
551085	22907	PACK OF 20 NAPKINS PANTRY DESIGN	12	2011-04-26 12:29	0.85	14854	United Kingdom
537389	84916	HAND TOWEL PALE BLUE W FLOWERS	1	2010-12-06 13:41	5.95	17757	United Kingdom
559106	75049L	LARGE CIRCULAR MIRROR MOBILE	6	2011-07-06 11:10	1.25	15889	United Kingdom
545070	21212	PACK OF 72 RETROSPOT CAKE CASES	24	2011-02-27 15:42	0.55	16493	United Kingdom
564221	22134	MINI LADLE LOVE HEART RED	14	2011-08-24 09:36	0.83	UNKNOWN	United Kingdom
540844	22087	PAPER BUNTING WHITE LACE	12	2011-01-11 16:24	2.95	12971	United Kingdom
541711	21246	RED RETROSPOT BIG BOWL	12	2011-01-21 11:18	4.95	14646	Netherlands
546419	22427	ENAMEL FLOWER JUG CREAM	4	2011-03-13 11:06	5.95	16693	United Kingdom
577531	22659	LUNCH BOX I LOVE LONDON	2	2011-11-20 13:58	4.13	UNKNOWN	United Kingdom
553739	22424	ENAMEL BREAD BIN CREAM	2	2011-05-19 09:23	12.75	14895	United Kingdom
577106	20963	APPLE BATH SPONGE	2	2011-11-17 17:18	1.25	14456	United Kingdom
549222	22195	LARGE HEART MEASURING SPOONS	12	2011-04-07 10:43	1.65	12347	Iceland
571735	22558	CLOTHES PEGS RETROSPOT PACK 24	48	2011-10-19 10:03	1.45	14229	United Kingdom
560305	23054	RECYCLED ACAPULCO MAT LAVENDER	1	2011-07-18 10:49	8.25	16511	United Kingdom
536532	22963	JAM JAR WITH GREEN LID	12	2010-12-01 13:24	0.85	12433	Norway
547209	22241	GARLAND WOODEN HAPPY EASTER	12	2011-03-21 14:44	1.25	13081	United Kingdom
549838	23050	RECYCLED ACAPULCO MAT GREEN	2	2011-04-12 13:39	8.25	16705	United Kingdom
566281	22035	VINTAGE CARAVAN GREETING CARD	24	2011-09-11 14:15	0.42	12748	United Kingdom
541221	21556	CERAMIC STRAWBERRY MONEY BOX	1	2011-01-14 14:28	4.13	UNKNOWN	United Kingdom
573992	22139	RETROSPOT TEA SET CERAMIC 11 PC	3	2011-11-02 11:20	4.95	15275	United Kingdom
566817	23209	LUNCH BAG VINTAGE DOILY	30	2011-09-15 10:53	1.65	16160	United Kingdom
542393	21874	GIN AND TONIC MUG	2	2011-01-27 15:02	1.25	18125	United Kingdom
549237	21755	LOVE BUILDING BLOCK WORD	3	2011-04-07 11:29	5.95	13950	United Kingdom
548863	22197	SMALL POPCORN HOLDER	100	2011-04-04 13:57	0.72	15311	United Kingdom
566833	23210	WHITE ROCKING HORSE HAND PAINTED	24	2011-09-15 11:47	1.25	17865	United Kingdom
541788	22111	SCOTTIE DOG HOT WATER BOTTLE	6	2011-01-21 13:05	4.95	13999	United Kingdom
556455	23154	SET OF 4 JAM JAR MAGNETS	12	2011-06-10 16:46	2.08	15856	United Kingdom
552166	84970S	HANGING HEART ZINC T-LIGHT HOLDER	12	2011-05-06 12:21	0.85	13475	United Kingdom
544323	22835	HOT WATER BOTTLE I AM SO POORLY	1	2011-02-17 15:51	9.13	UNKNOWN	United Kingdom
573336	22489	PACK OF 12 TRADITIONAL CRAYONS	2	2011-10-30 11:37	0.42	17372	United Kingdom
549543	21364	PEACE SMALL WOOD LETTERS	1	2011-04-10 11:14	6.75	18118	United Kingdom
581335	22446	PIN CUSHION BABUSHKA PINK	12	2011-12-08 12:07	1.25	15214	United Kingdom
551696	23206	LUNCH BAG APPLE DESIGN	10	2011-05-03 13:39	1.65	14110	United Kingdom
537240	22423	REGENCY CAKESTAND 3 TIER	30	2010-12-06 10:08	12.72	UNKNOWN	United Kingdom
552039	40016	CHINESE DRAGON PAPER LANTERNS	24	2011-05-06 08:10	0.42	13081	United Kingdom
574074	20723	STRAWBERRY CHARLOTTE BAG	1	2011-11-02 15:33	1.63	UNKNOWN	United Kingdom
564840	22449	SILK PURSE BABUSHKA PINK	2	2011-08-30 12:49	2.46	UNKNOWN	United Kingdom
541286	21485	RETROSPOT HEART HOT WATER BOTTLE	4	2011-01-17 13:08	4.95	13982	United Kingdom
549744	22084	PAPER CHAIN KIT EMPIRE	12	2011-04-12 10:30	2.95	15240	United Kingdom
572753	22190	LOCAL CAFE MUG	4	2011-10-25 17:29	2.1	15856	United Kingdom
575331	23391	I LOVE LONDON MINI BACKPACK	8	2011-11-09 13:52	4.15	13209	United Kingdom
572662	21616	4 PEAR BOTANICAL DINNER CANDLES	3	2011-10-25 12:54	1.25	15443	United Kingdom
552702	23200	JUMBO BAG PEARS	4	2011-05-10 16:00	4.13	UNKNOWN	United Kingdom
549847	84077	WORLD WAR 2 GLIDERS ASSTD DESIGNS	192	2011-04-12 14:43	0.29	15358	United Kingdom
553389	21179	NO JUNK MAIL METAL SIGN	1	2011-05-16 16:37	1.63	UNKNOWN	United Kingdom
544574	21356	TOAST ITS - FAIRY FLOWER	12	2011-02-21 13:51	1.25	12365	Cyprus
580884	21931	JUMBO STORAGE BAG SUKI	1	2011-12-06 12:21	2.08	15907	United Kingdom
557636	20749	ASSORTED COLOUR MINI CASES	1	2011-06-21 15:41	7.95	17841	United Kingdom
567636	22570	FELTCRAFT CUSHION RABBIT	4	2011-09-21 13:48	3.75	16358	United Kingdom
574323	72799E	IVORY PILLAR CANDLE SILVER FLOCK	1	2011-11-03 19:50	2.95	16438	United Kingdom
555850	22960	JAM MAKING SET WITH JARS	2	2011-06-07 13:35	4.25	16550	United Kingdom
573020	23103	JINGLE BELL HEART DECORATION	24	2011-10-27 12:37	1.65	14842	United Kingdom
567338	22693	GROW A FLYTRAP OR SUNFLOWER IN TIN	24	2011-09-19 15:00	1.25	14146	United Kingdom
570695	20982	12 PENCILS TALL TUBE SKULLS	12	2011-10-12 08:56	0.85	17489	United Kingdom
566952	23174	REGENCY SUGAR BOWL GREEN	1	2011-09-15 16:37	8.29	UNKNOWN	United Kingdom
581146	23302	KNEELING MAT HOUSEWORK  DESIGN	3	2011-12-07 13:53	0.79	17602	United Kingdom
545224	85099F	JUMBO BAG STRAWBERRY	10	2011-03-01 09:03	1.95	17068	United Kingdom
554827	23084	RABBIT NIGHT LIGHT	240	2011-05-26 15:19	2.08	14646	Netherlands
541869	22381	TOY TIDY PINK POLKADOT	1	2011-01-24 09:35	4.13	UNKNOWN	United Kingdom
575221	22791	T-LIGHT GLASS FLUTED ANTIQUE	12	2011-11-09 11:25	1.25	12949	United Kingdom
568726	85123A	WHITE HANGING HEART T-LIGHT HOLDER	3	2011-09-28 16:35	2.95	16775	United Kingdom
563360	21558	SKULL LUNCH BOX WITH CUTLERY	4	2011-08-15 15:06	2.55	15023	United Kingdom
563745	47503A	ASS FLORAL PRINT MULTI SCREWDRIVER	24	2011-08-19 09:38	0.42	15159	United Kingdom
569667	23298	SPOTTY BUNTING	3	2011-10-05 13:42	4.95	17521	United Kingdom
571918	22900	SET 2 TEA TOWELS I LOVE LONDON	1	2011-10-19 16:05	3.25	17350	United Kingdom
550277	20725	LUNCH BAG RED RETROSPOT	10	2011-04-15 12:48	1.65	12639	Sweden
575745	23582	VINTAGE DOILY JUMBO BAG RED	10	2011-11-11 10:14	2.08	16458	United Kingdom
574481	23354	6 GIFT TAGS 50'S CHRISTMAS	1	2011-11-04 12:45	0.83	18022	United Kingdom
550288	20758	ABSTRACT CIRCLES POCKET BOOK	1	2011-04-15 14:21	0.85	17367	United Kingdom
577411	23207	LUNCH BAG ALPHABET DESIGN	10	2011-11-20 11:00	1.65	17387	United Kingdom
581256	35970	ZINC FOLKART SLEIGH BELLS	10	2011-12-08 11:21	4.13	UNKNOWN	United Kingdom
563549	22358	KINGS CHOICE TEA CADDY	1	2011-08-17 12:34	5.79	UNKNOWN	United Kingdom
560222	16011	ANIMAL STICKERS	24	2011-07-15 15:28	0.21	14293	United Kingdom
581219	22108	PING! MICROWAVE PLATE	2	2011-12-08 09:28	3.29	UNKNOWN	United Kingdom
581219	21718	RED METAL BEACH SPADE	2	2011-12-08 09:28	2.46	UNKNOWN	United Kingdom
541115	22433	WATERING CAN GREEN DINOSAUR	12	2011-01-13 15:34	1.95	12578	Italy
541869	22680	FRENCH BLUE METAL DOOR SIGN 5	1	2011-01-24 09:35	2.46	UNKNOWN	United Kingdom
565233	22452	MEASURING TAPE BABUSHKA PINK	1	2011-09-02 09:34	1.63	UNKNOWN	United Kingdom
559162	20974	12 PENCILS SMALL TUBE SKULL	1	2011-07-06 16:29	1.25	UNKNOWN	United Kingdom
567183	20754	RETROSPOT RED WASHING UP GLOVES	2	2011-09-18 15:33	2.1	14769	United Kingdom
553215	23142	IVORY WIRE KITCHEN ORGANISER	6	2011-05-16 09:50	10.4	13408	United Kingdom
571696	23167	SMALL CERAMIC TOP STORAGE JAR	12	2011-10-18 14:47	0.83	15604	United Kingdom
578844	21739	COSY SLIPPER SHOES SMALL GREEN	2	2011-11-25 16:14	2.46	UNKNOWN	United Kingdom
543989	22382	LUNCH BAG SPACEBOY DESIGN	100	2011-02-15 09:52	1.45	12415	Australia
546008	22178	VICTORIAN GLASS HANGING T-LIGHT	3	2011-03-08 15:43	2.46	UNKNOWN	United Kingdom
566060	22179	SET 10 NIGHT OWL LIGHTS	1	2011-09-08 15:27	13.29	UNKNOWN	United Kingdom
571441	22150	3 STRIPEY MICE FELTCRAFT	3	2011-10-17 13:31	4.13	14096	United Kingdom
581334	84519B	CARROT CHARLIE+LOLA COASTER SET	1	2011-12-08 12:07	1.25	17841	United Kingdom
537638	84535B	FAIRY CAKES NOTEBOOK A6 SIZE	1	2010-12-07 15:28	1.49	UNKNOWN	United Kingdom
539737	22156	HEART DECORATION WITH PEARLS	1	2010-12-21 15:19	1.66	UNKNOWN	United Kingdom
558475	22671	FRENCH LAUNDRY SIGN BLUE METAL	1	2011-06-29 15:58	3.29	UNKNOWN	United Kingdom
568227	23212	HEART WREATH DECORATION WITH BELL	3	2011-09-26 10:57	1.25	17841	United Kingdom
544181	22296	HEART IVORY TRELLIS LARGE	12	2011-02-16 14:56	1.65	17175	United Kingdom
569493	47566	PARTY BUNTING	4	2011-10-04 13:35	4.95	13317	United Kingdom
560991	23256	CHILDRENS CUTLERY SPACEBOY	4	2011-07-22 13:29	4.15	12438	Norway
537362	22633	HAND WARMER UNION JACK	1	2010-12-06 12:34	2.1	17596	United Kingdom
540848	37370	RETRO COFFEE MUGS ASSORTED	1	2011-01-12 09:26	16.13	UNKNOWN	United Kingdom
562540	22443	GROW YOUR OWN HERBS SET OF 3	2	2011-08-05 15:38	7.95	17400	United Kingdom
574839	23532	WALL ART WORK REST AND PLAY	1	2011-11-07 11:40	4.95	15493	United Kingdom
539631	22189	CREAM HEART CARD HOLDER	4	2010-12-20 15:03	3.95	UNKNOWN	United Kingdom
536863	16237	SLEEPING CAT ERASERS	1	2010-12-03 11:19	0.21	17967	United Kingdom
563691	23263	SET OF 3 WOODEN HEART DECORATIONS	3	2011-08-18 12:53	1.25	13668	United Kingdom
572676	22726	ALARM CLOCK BAKELIKE GREEN	8	2011-10-25 13:30	3.75	16258	United Kingdom
574091	21498	RED RETROSPOT WRAP	25	2011-11-03 09:20	0.42	17086	United Kingdom
546896	90201A	PURPLE ENAMEL FLOWER RING	1	2011-03-17 18:24	2.9	UNKNOWN	United Kingdom
538566	22582	PACK OF 6 SWEETIE GIFT BOXES	1	2010-12-13 11:21	5.06	UNKNOWN	United Kingdom
549560	22077	6 RIBBONS RUSTIC CHARM	1	2011-04-10 13:26	1.65	15058	United Kingdom
547248	22479	DAISY GARDEN MARKER	1	2011-03-22 09:23	2.46	UNKNOWN	United Kingdom
563555	22726	ALARM CLOCK BAKELIKE GREEN	1	2011-08-17 13:21	3.75	16755	United Kingdom
550608	22970	LONDON BUS COFFEE MUG	462	2011-04-19 12:19	2.1	12901	United Kingdom
540648	71459	HANGING JAM JAR T-LIGHT HOLDER	240	2011-01-10 14:58	0.72	15061	United Kingdom
566485	22946	WOODEN ADVENT CALENDAR CREAM	2	2011-09-13 09:49	16.95	13880	United Kingdom
562955	22845	VINTAGE CREAM CAT FOOD CONTAINER	1	2011-08-11 10:14	12.46	UNKNOWN	United Kingdom
570088	21933	PINK VINTAGE PAISLEY PICNIC BAG	3	2011-10-07 11:32	1.65	16764	United Kingdom
572103	21874	GIN AND TONIC MUG	1	2011-10-20 15:57	1.65	17571	United Kingdom
570093	47566	PARTY BUNTING	3	2011-10-07 11:55	4.95	18096	United Kingdom
569216	23005	TRAVEL CARD WALLET I LOVE LONDON	5	2011-10-02 12:41	0.42	15555	United Kingdom
569521	20984	12 PENCILS TALL TUBE POSY	3	2011-10-04 14:33	0.29	16474	United Kingdom
537434	21262	WHITE GOOSE FEATHER CHRISTMAS TREE	1	2010-12-06 16:57	7.62	UNKNOWN	United Kingdom
537593	21937	STRAWBERRY   PICNIC BAG	5	2010-12-07 12:21	2.95	14282	United Kingdom
559436	20992	JAZZ HEARTS PURSE NOTEBOOK	32	2011-07-08 12:18	0.39	15901	United Kingdom
549729	21733	RED HANGING HEART T-LIGHT HOLDER	3	2011-04-11 16:17	2.95	13634	United Kingdom
576686	21915	RED  HARMONICA IN BOX	1	2011-11-16 12:08	1.25	16916	United Kingdom
568955	84879	ASSORTED COLOUR BIRD ORNAMENT	8	2011-09-29 15:40	1.69	13759	United Kingdom
543529	85066	CREAM SWEETHEART MINI CHEST	5	2011-02-09 12:16	12.75	18109	United Kingdom
578519	21980	PACK OF 12 RED RETROSPOT TISSUES	2	2011-11-24 13:56	0.39	14591	United Kingdom
539636	22963	JAM JAR WITH GREEN LID	48	2010-12-20 15:15	0.72	12481	Germany
575512	22947	WOODEN ADVENT CALENDAR RED	6	2011-11-10 10:36	7.95	14121	United Kingdom
579472	35967	FOLK ART METAL STAR T-LIGHT HOLDER	4	2011-11-29 15:09	0.38	13521	United Kingdom
543740	22262	FELT EGG COSY CHICKEN	2	2011-02-11 13:36	0.85	15311	United Kingdom
554672	22303	COFFEE MUG APPLES DESIGN	6	2011-05-25 15:54	2.55	14415	United Kingdom
573582	21891	TRADITIONAL WOODEN SKIPPING ROPE	12	2011-10-31 14:23	1.45	16633	United Kingdom
572866	21928	JUMBO BAG SCANDINAVIAN BLUE PAISLEY	4	2011-10-26 13:07	2.08	15005	United Kingdom
567180	23256	CHILDRENS CUTLERY SPACEBOY	2	2011-09-18 14:56	4.15	17802	United Kingdom
569219	23372	SET 36 COLOUR PENCILS DOLLY GIRL	2	2011-10-02 13:01	1.25	13558	United Kingdom
577768	20668	DISCO BALL CHRISTMAS DECORATION	4	2011-11-21 15:18	0.42	UNKNOWN	United Kingdom
555691	23173	REGENCY TEAPOT ROSES	2	2011-06-06 14:31	9.95	12843	United Kingdom
540026	22086	PAPER CHAIN KIT 50'S CHRISTMAS	1	2011-01-04 13:25	5.91	UNKNOWN	United Kingdom
554268	23192	BUNDLE OF 3 ALPHABET EXERCISE BOOKS	1	2011-05-23 12:59	1.65	15311	United Kingdom
555110	23091	ZINC HERB GARDEN CONTAINER	1	2011-05-31 14:34	6.25	17841	United Kingdom
539663	22481	BLACK TEA TOWEL CLASSIC DESIGN	4	2010-12-21 10:26	1.25	17961	United Kingdom
547362	84459A	PINK METAL CHICKEN HEART	96	2011-03-22 12:33	1.25	13694	United Kingdom
562553	22749	FELTCRAFT PRINCESS CHARLOTTE DOLL	1	2011-08-05 16:34	7.46	UNKNOWN	United Kingdom
568656	22114	HOT WATER BOTTLE TEA AND SYMPATHY	8	2011-09-28 12:21	3.95	14911	EIRE
544460	21875	KINGS CHOICE MUG	3	2011-02-20 14:01	1.25	16931	United Kingdom
536378	21931	JUMBO STORAGE BAG SUKI	10	2010-12-01 09:37	1.95	14688	United Kingdom
571318	22720	SET OF 3 CAKE TINS PANTRY DESIGN	96	2011-10-17 10:50	4.95	17404	Sweden
569677	23223	CHRISTMAS TREE HANGING SILVER	12	2011-10-05 14:14	0.83	15106	United Kingdom
576570	84692	BOX OF 24 COCKTAIL PARASOLS	5	2011-11-15 13:47	0.42	17220	United Kingdom
566571	22845	VINTAGE CREAM CAT FOOD CONTAINER	2	2011-09-13 12:49	6.35	17037	United Kingdom
568428	21931	JUMBO STORAGE BAG SUKI	1	2011-09-27 11:27	2.08	14419	United Kingdom
557112	20898	VINTAGE NOTEBOOK TRAVELOGUE	1	2011-06-16 16:31	2.46	UNKNOWN	United Kingdom
573601	85123a	WHITE HANGING HEART T-LIGHT HOLDER	1	2011-10-31 15:24	6.63	UNKNOWN	United Kingdom
549235	22896	PEG BAG APPLES DESIGN	4	2011-04-07 11:16	2.55	15530	United Kingdom
580290	22086	PAPER CHAIN KIT 50'S CHRISTMAS	1	2011-12-02 13:35	2.95	17221	United Kingdom
562146	22382	LUNCH BAG SPACEBOY DESIGN	10	2011-08-03 10:45	1.65	17675	United Kingdom
545078	22138	BAKING SET 9 PIECE RETROSPOT	1	2011-02-28 10:15	10.79	UNKNOWN	United Kingdom
541423	22438	BALLOON ART MAKE YOUR OWN FLOWERS	3	2011-01-17 17:54	1.63	UNKNOWN	United Kingdom
575164	23093	SMALL PARISIENNE HEART PHOTO FRAME	8	2011-11-08 16:55	2.49	18216	United Kingdom
548546	21733	RED HANGING HEART T-LIGHT HOLDER	6	2011-03-31 19:20	2.95	16600	United Kingdom
577359	22469	HEART OF WICKER SMALL	4	2011-11-18 16:07	1.65	14903	United Kingdom
570754	23204	CHARLOTTE BAG APPLES DESIGN	10	2011-10-12 11:40	0.85	12633	Germany
540356	21930	JUMBO STORAGE BAG SKULLS	1	2011-01-06 15:12	4.21	UNKNOWN	United Kingdom
558311	84992	72 SWEETHEART FAIRY CAKE CASES	120	2011-06-28 11:22	0.42	14646	Netherlands
563689	21755	LOVE BUILDING BLOCK WORD	1	2011-08-18 12:43	5.95	15743	United Kingdom
572461	82494L	WOODEN FRAME ANTIQUE WHITE	1	2011-10-24 12:56	2.95	17344	United Kingdom
546682	85178	VICTORIAN SEWING KIT	12	2011-03-16 08:31	1.25	12994	United Kingdom
577742	85183B	CHARLIE & LOLA WASTEPAPER BIN FLORA	4	2011-11-21 13:41	1.25	13755	United Kingdom
579777	22163	HEART STRING MEMO HOLDER HANGING	6	2011-11-30 15:13	1.63	UNKNOWN	United Kingdom
541592	84569B	PACK 3 FIRE ENGINE/CAR PATCHES	1	2011-01-19 15:08	2.46	UNKNOWN	United Kingdom
547822	21539	RED RETROSPOT BUTTER DISH	3	2011-03-25 14:53	4.95	12668	Germany
557626	23174	REGENCY SUGAR BOWL GREEN	6	2011-06-21 14:29	4.15	14175	United Kingdom
571061	21558	SKULL LUNCH BOX WITH CUTLERY	1	2011-10-13 14:33	4.96	UNKNOWN	United Kingdom
575607	22473	TV DINNER TRAY VINTAGE PAISLEY	1	2011-11-10 12:37	10.79	14096	United Kingdom
557960	23301	GARDENERS KNEELING PAD KEEP CALM	1	2011-06-23 19:46	1.65	15453	United Kingdom
578067	21576	LETS GO SHOPPING COTTON TOTE BAG	1	2011-11-22 15:43	4.96	UNKNOWN	United Kingdom
544684	84872A	TEATIME FUNKY FLOWER BACKPACK FOR 2	1	2011-02-22 16:32	10.79	UNKNOWN	United Kingdom
556845	22170	PICTURE FRAME WOOD TRIPLE PORTRAIT	12	2011-06-15 11:30	5.95	17511	United Kingdom
566922	23317	BLUE REFECTORY CLOCK	2	2011-09-15 14:58	9.95	16156	United Kingdom
572028	23170	REGENCY TEA PLATE ROSES	12	2011-10-20 11:47	1.65	15296	United Kingdom
554348	22191	IVORY DINER WALL CLOCK	2	2011-05-24 08:49	8.5	13523	United Kingdom
556290	23093	SMALL PARISIENNE HEART PHOTO FRAME	8	2011-06-10 09:23	2.49	17088	United Kingdom
541866	84509A	SET OF 4 ENGLISH ROSE PLACEMATS	4	2011-01-24 09:25	3.75	16477	United Kingdom
576339	85088	CANDY SPOT HAND BAG	2	2011-11-14 15:27	4.13	14096	United Kingdom
558993	22999	TRAVEL CARD WALLET VINTAGE LEAF	24	2011-07-05 11:49	0.42	16729	United Kingdom
542881	22520	CHILDS GARDEN TROWEL BLUE	2	2011-02-01 12:54	0.85	14587	United Kingdom
572129	35970	ZINC FOLKART SLEIGH BELLS	12	2011-10-21 09:25	1.69	17528	United Kingdom
558191	21933	PINK VINTAGE PAISLEY PICNIC BAG	5	2011-06-27 12:16	1.65	16869	United Kingdom
578270	22712	CARD DOLLY GIRL	5	2011-11-23 13:39	0.83	14096	United Kingdom
550487	23184	BULL DOG BOTTLE OPENER	4	2011-04-18 14:21	4.95	18219	United Kingdom
580115	23510	MINI PLAYING CARDS GYMKHANA	2	2011-12-01 16:22	0.83	UNKNOWN	United Kingdom
546432	22487	WHITE WOOD GARDEN PLANT LADDER	1	2011-03-14 08:21	9.95	14180	United Kingdom
550310	20752	BLUE POLKADOT WASHING UP GLOVES	12	2011-04-17 11:04	2.1	15985	United Kingdom
560050	22411	JUMBO SHOPPER VINTAGE RED PAISLEY	2	2011-07-14 15:07	2.08	UNKNOWN	United Kingdom
555406	21403	BLUE EGG  SPOON	6	2011-06-02 19:50	0.12	17231	United Kingdom
565919	21916	SET 12 RETRO WHITE CHALK STICKS	1	2011-09-07 16:48	0.83	UNKNOWN	United Kingdom
546850	21358	TOAST ITS - HAPPY BIRTHDAY	4	2011-03-17 13:20	1.25	13268	United Kingdom
566446	21843	RED RETROSPOT CAKE STAND	1	2011-09-12 15:40	20.79	UNKNOWN	United Kingdom
563732	22379	RECYCLING BAG RETROSPOT	50	2011-08-18 17:50	1.85	15125	United Kingdom
575989	22493	PAINT YOUR OWN CANVAS SET	2	2011-11-13 14:20	1.65	14698	United Kingdom
557017	22993	SET OF 4 PANTRY JELLY MOULDS	12	2011-06-16 12:29	1.25	13199	United Kingdom
540798	22445	PENCIL CASE LIFE IS BEAUTIFUL	2	2011-01-11 12:11	2.95	17365	United Kingdom
568780	22331	WOODLAND PARTY BAG + STICKER SET	8	2011-09-29 08:27	1.65	18235	United Kingdom
579491	23501	KEY RING BASEBALL BOOT UNION JACK	5	2011-11-29 15:23	1.25	14723	United Kingdom
569524	21673	WHITE SPOT BLUE CERAMIC DRAWER KNOB	1	2011-10-04 14:42	1.45	14506	United Kingdom
540546	70006	LOVE HEART POCKET WARMER	12	2011-01-09 15:56	1.65	12766	Portugal
561214	85087	CANDY SPOT CUSHION COVER	3	2011-07-25 17:00	3.29	UNKNOWN	United Kingdom
567700	21889	WOODEN BOX OF DOMINOES	12	2011-09-22 09:33	1.25	16379	United Kingdom
543547	21929	JUMBO BAG PINK VINTAGE PAISLEY	1	2011-02-09 16:57	1.95	17358	United Kingdom
545897	22979	PANTRY WASHING UP BRUSH	3	2011-03-07 17:22	2.92	UNKNOWN	United Kingdom
563076	21124	SET/10 BLUE POLKADOT PARTY CANDLES	288	2011-08-11 16:12	1.06	14646	Netherlands
571282	22477	WATERING CAN GARDEN MARKER	1	2011-10-16 13:24	1.25	15545	United Kingdom
538379	22617	BAKING SET SPACEBOY DESIGN	1	2010-12-12 11:26	4.95	17126	United Kingdom
540681	22988	SOLDIERS EGG CUP	2	2011-01-10 16:25	2.51	UNKNOWN	United Kingdom
549972	22673	FRENCH GARDEN SIGN BLUE METAL	12	2011-04-13 14:27	1.25	13408	United Kingdom
562931	22983	CARD BILLBOARD FONT	12	2011-08-10 16:19	0.42	14030	United Kingdom
573338	22697	GREEN REGENCY TEACUP AND SAUCER	2	2011-10-30 11:47	2.95	14546	United Kingdom
537346	21802	CHRISTMAS TREE HEART DECORATION	36	2010-12-06 12:21	0.42	15301	United Kingdom
539607	22966	GINGERBREAD MAN COOKIE CUTTER	12	2010-12-20 14:10	1.25	12681	France
551953	21181	PLEASE ONE PERSON METAL SIGN	12	2011-05-05 11:53	2.1	13448	United Kingdom
559162	22811	SET OF 6 T-LIGHTS CACTI	1	2011-07-06 16:29	2.46	UNKNOWN	United Kingdom
575222	22992	REVOLVER WOODEN RULER	6	2011-11-09 11:33	1.95	16880	United Kingdom
575875	10135	COLOURING PENCILS BROWN TUBE	2	2011-11-11 13:06	2.46	UNKNOWN	United Kingdom
580750	22138	BAKING SET 9 PIECE RETROSPOT	3	2011-12-06 09:56	4.95	12749	United Kingdom
575700	23323	WHITE WICKER STAR	12	2011-11-10 16:58	2.1	15111	United Kingdom
566240	20685	DOORMAT RED RETROSPOT	1	2011-09-11 11:29	8.25	14508	United Kingdom
539718	21803	CHRISTMAS TREE STAR DECORATION	1	2010-12-21 13:06	0.43	UNKNOWN	United Kingdom
575965	20982	12 PENCILS TALL TUBE SKULLS	12	2011-11-13 12:32	0.85	13426	United Kingdom
576644	22141	CHRISTMAS CRAFT TREE TOP ANGEL	1	2011-11-16 10:01	4.13	UNKNOWN	United Kingdom
536538	85199S	SMALL HANGING IVORY/RED WOOD BIRD	10	2010-12-01 13:54	0.42	14594	United Kingdom
565450	23255	CHILDRENS CUTLERY CIRCUS PARADE	4	2011-09-04 15:22	4.15	17722	United Kingdom
566847	21929	JUMBO BAG PINK VINTAGE PAISLEY	2	2011-09-15 11:57	2.08	15005	United Kingdom
537434	22633	HAND WARMER UNION JACK	3	2010-12-06 16:57	4.21	UNKNOWN	United Kingdom
556081	22361	GLASS JAR DAISY FRESH COTTON WOOL	1	2011-06-08 15:22	5.79	UNKNOWN	United Kingdom
570187	23307	SET OF 60 PANTRY DESIGN CAKE CASES	3	2011-10-07 15:09	1.25	UNKNOWN	United Kingdom
552654	22411	JUMBO SHOPPER VINTAGE RED PAISLEY	1	2011-05-10 14:20	2.08	15756	United Kingdom
560834	85099B	JUMBO BAG RED RETROSPOT	30	2011-07-21 12:15	2.08	16523	United Kingdom
545568	35915B	BLUE KNITTED HEN	8	2011-03-03 16:22	0.83	UNKNOWN	United Kingdom
571502	23469	CARD HOLDER LOVE BIRD SMALL	6	2011-10-17 15:18	4.15	14422	United Kingdom
539958	22713	CARD I LOVE LONDON	2	2010-12-23 13:26	0.85	UNKNOWN	United Kingdom
552883	22024	RAINY LADIES BIRTHDAY CARD	72	2011-05-12 10:13	0.36	14646	Netherlands
579196	22962	JAM JAR WITH PINK LID	3	2011-11-28 15:54	1.63	14096	United Kingdom
555558	22610	PENS ASSORTED FUNNY FACE	36	2011-06-05 14:06	0.19	14159	United Kingdom
576617	22726	ALARM CLOCK BAKELIKE GREEN	1	2011-11-15 16:57	7.46	UNKNOWN	United Kingdom
577051	85035C	ROSE 3 WICK MORRIS BOX CANDLE	1	2011-11-17 14:02	1.25	14034	United Kingdom
575607	22196	SMALL HEART MEASURING SPOONS	2	2011-11-10 12:37	1.63	14096	United Kingdom
543200	22196	SMALL HEART MEASURING SPOONS	1	2011-02-04 13:03	1.63	UNKNOWN	United Kingdom
575607	23274	STAR T-LIGHT HOLDER WILLIE WINKIE	2	2011-11-10 12:37	3.29	14096	United Kingdom
550464	84992	72 SWEETHEART FAIRY CAKE CASES	24	2011-04-18 13:30	0.55	16550	United Kingdom
572837	23221	REINDEER HEART DECORATION SILVER	12	2011-10-26 12:01	0.83	14754	United Kingdom
539501	21181	PLEASE ONE PERSON METAL SIGN	6	2010-12-20 11:08	2.1	17085	United Kingdom
580005	23323	WHITE WICKER STAR	3	2011-12-01 11:38	2.1	16376	United Kingdom
577793	48185	DOORMAT FAIRY CAKE	2	2011-11-21 16:40	8.25	13468	United Kingdom
578944	20973	12 PENCIL SMALL TUBE WOODLAND	1	2011-11-27 13:41	0.65	16005	United Kingdom
572775	20914	SET/5 RED RETROSPOT LID GLASS BOWLS	6	2011-10-26 10:43	2.95	13126	United Kingdom
572921	23077	DOUGHNUT LIP GLOSS	20	2011-10-26 16:57	1.25	15993	United Kingdom
554139	84836	ZINC METAL HEART DECORATION	12	2011-05-23 10:34	1.25	14911	EIRE
574040	20717	STRAWBERRY SHOPPER BAG	10	2011-11-02 13:01	1.25	14974	United Kingdom
542541	22215	CAKE STAND WHITE TWO TIER LACE	1	2011-01-28 14:25	16.63	UNKNOWN	United Kingdom
558195	21213	PACK OF 72 SKULL CAKE CASES	24	2011-06-27 12:32	0.55	17735	United Kingdom
572483	23068	ALUMINIUM STAMPED HEART	4	2011-10-24 13:50	2.49	16444	United Kingdom
575477	21328	BALLOONS  WRITING SET	2	2011-11-09 16:14	3.29	UNKNOWN	United Kingdom
580848	22138	BAKING SET 9 PIECE RETROSPOT	1	2011-12-06 11:51	4.95	18005	United Kingdom
539742	48138	DOORMAT UNION FLAG	1	2010-12-21 15:20	16.98	UNKNOWN	United Kingdom
571046	10080	GROOVY CACTUS INFLATABLE	3	2011-10-13 13:35	0.39	18096	United Kingdom
569897	21446	12 RED ROSE PEG PLACE SETTINGS	2	2011-10-06 16:01	1.25	17813	United Kingdom
577778	23329	DECORATIVE WICKER HEART LARGE	1	2011-11-21 16:10	1.65	16549	United Kingdom
577034	22065	CHRISTMAS PUDDING TRINKET POT	6	2011-11-17 13:16	0.39	12847	United Kingdom
546007	90116	FRUIT SALAD BAG CHARM	2	2011-03-08 15:34	2.46	UNKNOWN	United Kingdom
574846	22121	NOEL WOODEN BLOCK LETTERS	2	2011-11-07 11:59	5.95	14702	United Kingdom
566403	85123A	WHITE HANGING HEART T-LIGHT HOLDER	64	2011-09-12 13:38	2.55	16985	United Kingdom
544074	22098	BOUDOIR SQUARE TISSUE BOX	2	2011-02-15 14:49	1.25	14156	EIRE
541848	22066	LOVE HEART TRINKET POT	2	2011-01-23 13:31	1.45	17611	United Kingdom
545191	21928	JUMBO BAG SCANDINAVIAN BLUE PAISLEY	10	2011-02-28 15:39	1.95	12811	Portugal
564360	22813	PACK 3 BOXES BIRD PANNETONE	12	2011-08-24 16:13	1.95	12471	Germany
539990	22966	GINGERBREAD MAN COOKIE CUTTER	1	2010-12-23 16:31	1.25	UNKNOWN	United Kingdom
570410	22722	SET OF 6 SPICE TINS PANTRY DESIGN	2	2011-10-10 13:04	3.95	16776	United Kingdom
579499	22469	HEART OF WICKER SMALL	24	2011-11-29 15:59	1.65	17682	United Kingdom
539453	22149	FELTCRAFT 6 FLOWER FRIENDS	2	2010-12-17 17:08	4.21	UNKNOWN	United Kingdom
566258	82583	HOT BATHS METAL SIGN	1	2011-09-11 12:45	2.1	13124	United Kingdom
540387	16237	SLEEPING CAT ERASERS	30	2011-01-06 17:58	0.21	16306	United Kingdom
546652	22961	JAM MAKING SET PRINTED	1	2011-03-15 14:18	3.29	UNKNOWN	United Kingdom
574643	21191	LARGE WHITE HONEYCOMB PAPER BELL	1	2011-11-06 11:25	2.1	17387	United Kingdom
573901	15036	ASSORTED COLOURS SILK FAN	24	2011-11-01 14:49	0.83	14191	United Kingdom
553210	17107D	FLOWER FAIRY,5 SUMMER B'DRAW LINERS	6	2011-05-16 09:40	2.55	14016	EIRE
543832	22625	RED KITCHEN SCALES	2	2011-02-14 10:10	8.5	13381	United Kingdom
573332	40001	WHITE BAMBOO RIBS LAMPSHADE	3	2011-10-30 11:28	0.85	15059	United Kingdom
560363	22423	REGENCY CAKESTAND 3 TIER	1	2011-07-18 12:05	12.75	12589	France
543539	22682	FRENCH BLUE METAL DOOR SIGN 7	1	2011-02-09 14:18	1.25	17757	United Kingdom
546638	21080	SET/20 RED RETROSPOT PAPER NAPKINS	12	2011-03-15 12:52	0.85	15106	United Kingdom
573315	22711	WRAP CIRCUS PARADE	25	2011-10-28 17:27	0.42	17839	United Kingdom
564817	21356	TOAST ITS - FAIRY FLOWER	5	2011-08-30 12:02	0.83	UNKNOWN	United Kingdom
549574	22898	CHILDRENS APRON APPLES DESIGN	8	2011-04-10 16:02	1.95	18226	United Kingdom
572854	90016A	SILVER/M.O.P PENDANT ORBIT NECKLACE	9	2011-10-26 12:28	4.25	14096	United Kingdom
549129	22411	JUMBO SHOPPER VINTAGE RED PAISLEY	1	2011-04-06 14:53	2.08	17042	United Kingdom
571500	23295	SET OF 12 MINI LOAF BAKING CASES	2	2011-10-17 15:09	0.83	UNKNOWN	United Kingdom
554392	22426	ENAMEL WASH BOWL CREAM	1	2011-05-24 12:04	3.75	14534	United Kingdom
576653	23293	SET OF 12 FAIRY CAKE BAKING CASES	128	2011-11-16 10:45	0.72	14156	EIRE
570458	21669	BLUE STRIPE CERAMIC DRAWER KNOB	6	2011-10-10 15:39	1.45	14535	United Kingdom
542133	22112	CHOCOLATE HOT WATER BOTTLE	6	2011-01-25 16:33	4.95	13049	United Kingdom
544205	22385	JUMBO BAG SPACEBOY DESIGN	1	2011-02-17 10:31	4.13	UNKNOWN	United Kingdom
555558	85132C	CHARLIE AND LOLA FIGURES TINS	6	2011-06-05 14:06	1.95	14159	United Kingdom
542625	21428	SET3 BOOK BOX GREEN GINGHAM FLOWER	1	2011-01-31 09:50	8.29	UNKNOWN	United Kingdom
537765	85067	CREAM SWEETHEART WALL CABINET	1	2010-12-08 12:08	18.95	14606	United Kingdom
577228	22271	FELTCRAFT DOLL ROSIE	1	2011-11-18 12:07	2.95	12391	Cyprus
539595	21192	WHITE BELL HONEYCOMB PAPER	3	2010-12-20 13:43	3.36	UNKNOWN	United Kingdom
567935	23503	PLAYING CARDS KEEP CALM & CARRY ON	12	2011-09-22 18:07	1.25	13320	United Kingdom
551997	21983	PACK OF 12 BLUE PAISLEY TISSUES	1	2011-05-05 15:47	0.83	UNKNOWN	United Kingdom
543306	22272	FELTCRAFT DOLL MARIA	1	2011-02-07 11:56	2.95	16686	United Kingdom
581404	21175	GIN AND TONIC DIET METAL SIGN	8	2011-12-08 13:47	2.55	13680	United Kingdom
560090	23031	DRAWER KNOB CRACKLE GLAZE PINK	1	2011-07-14 16:46	3.29	UNKNOWN	United Kingdom
542373	22713	CARD I LOVE LONDON	12	2011-01-27 13:38	0.42	16767	United Kingdom
562031	23182	TOILET SIGN OCCUPIED OR VACANT	8	2011-08-01 17:37	0.83	16984	United Kingdom
542192	21561	DINOSAUR LUNCH BOX WITH CUTLERY	3	2011-01-26 11:27	2.55	14049	United Kingdom
541256	22356	CHARLOTTE BAG PINK POLKADOT	10	2011-01-16 14:36	0.85	13048	United Kingdom
566604	21034	REX CASH+CARRY JUMBO SHOPPER	1	2011-09-13 16:26	0.95	16279	United Kingdom
545568	90014B	GOLD M PEARL  ORBIT NECKLACE	1	2011-03-03 16:22	10.4	UNKNOWN	United Kingdom
556365	21156	RETROSPOT CHILDRENS APRON	2	2011-06-10 11:44	1.95	16370	United Kingdom
569246	22946	WOODEN ADVENT CALENDAR CREAM	2	2011-10-03 09:57	16.63	14096	United Kingdom
579399	84031A	CHARLIE+LOLA RED HOT WATER BOTTLE	1	2011-11-29 12:09	4.65	13137	United Kingdom
580115	22539	MINI JIGSAW DOLLY GIRL	1	2011-12-01 16:22	0.83	UNKNOWN	United Kingdom
581492	21615	4 LAVENDER BOTANICAL DINNER CANDLES	2	2011-12-09 10:03	3.29	UNKNOWN	United Kingdom
536522	47599A	PINK PARTY BAGS	1	2010-12-01 12:49	2.1	15012	United Kingdom
563924	22115	METAL SIGN EMPIRE TEA	1	2011-08-21 14:32	0.79	15984	United Kingdom
536944	20728	LUNCH BAG CARS BLUE	100	2010-12-03 12:20	1.45	12557	Spain
543732	82580	BATHROOM METAL SIGN	2	2011-02-11 12:02	1.25	UNKNOWN	United Kingdom
541684	21902	KEY FOB , FRONT  DOOR	10	2011-01-20 15:22	0.65	15498	United Kingdom
555147	84563B	BLUE & WHITE BREAKFAST TRAY	4	2011-05-31 15:41	2.95	13505	Switzerland
580615	23496	PANTRY KITCHEN THERMOMETER	12	2011-12-05 12:05	1.25	16873	United Kingdom
566477	23160	REGENCY TEA SPOON	12	2011-09-13 09:03	1.25	14359	United Kingdom
555896	22439	6 ROCKET BALLOONS	10	2011-06-07 16:04	0.65	15640	United Kingdom
580744	22210	WOOD STAMP SET BEST WISHES	60	2011-12-06 09:31	0.83	13694	United Kingdom
570674	22163	HEART STRING MEMO HOLDER HANGING	24	2011-10-11 14:59	0.79	14911	EIRE
552963	85152	HAND OVER THE CHOCOLATE   SIGN	5	2011-05-12 12:57	2.1	16743	United Kingdom
578072	15034	PAPER POCKET TRAVELING FAN	24	2011-11-22 16:02	0.14	17759	United Kingdom
541120	21731	RED TOADSTOOL LED NIGHT LIGHT	12	2011-01-14 09:13	1.65	12490	France
561715	22993	SET OF 4 PANTRY JELLY MOULDS	12	2011-07-29 12:03	1.25	13102	United Kingdom
558386	20724	RED RETROSPOT CHARLOTTE BAG	10	2011-06-29 09:32	0.85	14883	United Kingdom
547358	22294	HEART FILIGREE DOVE  SMALL	4	2011-03-22 12:25	1.25	15998	United Kingdom
560387	23284	DOORMAT KEEP CALM AND COME IN	2	2011-07-18 13:00	7.95	14667	United Kingdom
571714	23351	ROLL WRAP 50'S CHRISTMAS	2	2011-10-18 17:00	2.46	UNKNOWN	United Kingdom
558470	21428	SET3 BOOK BOX GREEN GINGHAM FLOWER	4	2011-06-29 15:33	4.25	16801	United Kingdom
541421	22257	FELT FARM ANIMAL SHEEP	5	2011-01-17 17:44	0.83	UNKNOWN	United Kingdom
549307	22993	SET OF 4 PANTRY JELLY MOULDS	12	2011-04-08 09:08	1.25	15119	United Kingdom
558904	23321	SMALL WHITE HEART OF WICKER	1	2011-07-04 16:18	3.29	UNKNOWN	United Kingdom
581579	23199	JUMBO BAG APPLES	30	2011-12-09 12:19	1.79	17581	United Kingdom
556443	23053	RECYCLED ACAPULCO MAT PINK	6	2011-06-10 15:28	8.25	12712	Germany
550144	22628	PICNIC BOXES SET OF 3 RETROSPOT	2	2011-04-14 14:14	4.95	16520	United Kingdom
575199	22384	LUNCH BAG PINK POLKADOT	10	2011-11-09 09:48	1.65	12921	United Kingdom
572065	23329	DECORATIVE WICKER HEART LARGE	2	2011-10-20 13:06	1.65	12556	Spain
569483	22382	LUNCH BAG SPACEBOY DESIGN	10	2011-10-04 12:45	1.65	14057	United Kingdom
550515	21340	CLASSIC METAL BIRDCAGE PLANT HOLDER	1	2011-04-18 17:29	12.75	14502	United Kingdom
549295	17012D	ORIGAMI ROSE INCENSE/CANDLE SET	1	2011-04-07 19:49	2.46	UNKNOWN	United Kingdom
541987	21210	SET OF 72 RETROSPOT PAPER  DOILIES	2	2011-01-24 16:05	1.45	14130	United Kingdom
576617	84969	BOX OF 6 ASSORTED COLOUR TEASPOONS	1	2011-11-15 16:57	8.29	UNKNOWN	United Kingdom
566851	23132	SMALL IVORY HEART WALL ORGANISER	3	2011-09-15 12:16	5.75	15573	United Kingdom
578701	23108	SET OF 10 LED DOLLY LIGHTS	2	2011-11-25 10:52	6.25	17624	United Kingdom
561098	23298	SPOTTY BUNTING	4	2011-07-25 10:56	4.95	14194	United Kingdom
559923	47580	TEA TIME DES TEA COSY	1	2011-07-13 16:07	2.46	UNKNOWN	United Kingdom
570428	22072	RED RETROSPOT TEA CUP AND SAUCER	1	2011-10-10 14:02	3.75	15553	United Kingdom
561465	21901	KEY FOB , BACK DOOR	48	2011-07-27 12:45	0.65	16447	United Kingdom
539988	22569	FELTCRAFT CUSHION BUTTERFLY	1	2010-12-23 16:06	3.75	18116	United Kingdom
552333	20712	JUMBO BAG WOODLAND ANIMALS	10	2011-05-09 10:38	2.08	15039	United Kingdom
565388	23184	BULL DOG BOTTLE OPENER	2	2011-09-02 15:56	4.95	14415	United Kingdom
576920	22720	SET OF 3 CAKE TINS PANTRY DESIGN	3	2011-11-17 10:49	4.95	13871	United Kingdom
580367	22997	TRAVEL CARD WALLET UNION JACK	1	2011-12-02 16:39	0.83	UNKNOWN	United Kingdom
577850	21212	PACK OF 72 RETROSPOT CAKE CASES	24	2011-11-22 11:04	0.55	14911	EIRE
569321	22774	RED DRAWER KNOB ACRYLIC EDWARDIAN	38	2011-10-03 12:23	1.25	UNKNOWN	United Kingdom
562276	47566	PARTY BUNTING	8	2011-08-04 10:23	4.95	17735	United Kingdom
557612	10133	COLOURING PENCILS BROWN TUBE	49	2011-06-21 12:40	0.42	14460	United Kingdom
544391	35095B	RED VICTORIAN FABRIC OVAL BOX	24	2011-02-18 11:53	0.42	15755	United Kingdom
578065	21577	SAVE THE PLANET COTTON TOTE BAG	1	2011-11-22 15:41	4.96	UNKNOWN	United Kingdom
564139	23207	LUNCH BAG ALPHABET DESIGN	2	2011-08-23 11:41	1.65	16904	United Kingdom
537434	22973	CHILDREN'S CIRCUS PARADE MUG	1	2010-12-06 16:57	3.36	UNKNOWN	United Kingdom
566867	22993	SET OF 4 PANTRY JELLY MOULDS	144	2011-09-15 12:56	1.06	13694	United Kingdom
576052	22865	HAND WARMER OWL DESIGN	2	2011-11-13 14:48	2.1	15787	United Kingdom
578515	22227	HANGING HEART MIRROR DECORATION	4	2011-11-24 13:40	0.65	16885	United Kingdom
581450	22720	SET OF 3 CAKE TINS PANTRY DESIGN	3	2011-12-08 17:54	4.95	16794	United Kingdom
567312	22083	PAPER CHAIN KIT RETROSPOT	6	2011-09-19 13:47	2.95	15500	United Kingdom
561899	21844	RED RETROSPOT MUG	12	2011-07-31 15:26	2.55	17173	United Kingdom
564722	23322	LARGE WHITE HEART OF WICKER	3	2011-08-28 12:06	2.95	16456	United Kingdom
563638	15056N	EDWARDIAN PARASOL NATURAL	4	2011-08-18 10:36	5.95	15311	United Kingdom
574684	23313	VINTAGE CHRISTMAS BUNTING	10	2011-11-06 12:56	4.15	17581	United Kingdom
564756	90202D	PINK ENAMEL FLOWER HAIR TIE	1	2011-08-30 10:33	2.9	UNKNOWN	United Kingdom
539451	21212	PACK OF 72 RETROSPOT CAKE CASES	1	2010-12-17 16:59	1.28	UNKNOWN	United Kingdom
561242	23298	SPOTTY BUNTING	12	2011-07-26 11:05	4.95	16258	United Kingdom
575491	21902	KEY FOB , FRONT  DOOR	3	2011-11-09 17:47	0.65	15531	United Kingdom
558315	22699	ROSES REGENCY TEACUP AND SAUCER	6	2011-06-28 11:44	2.95	15065	United Kingdom
550464	22979	PANTRY WASHING UP BRUSH	3	2011-04-18 13:30	1.45	16550	United Kingdom
579187	22993	SET OF 4 PANTRY JELLY MOULDS	1	2011-11-28 15:31	2.46	UNKNOWN	United Kingdom
549958	22558	CLOTHES PEGS RETROSPOT PACK 24	1	2011-04-13 13:47	1.65	17589	United Kingdom
578827	23089	GLASS BON BON JAR	2	2011-11-25 14:25	3.29	UNKNOWN	United Kingdom
567302	22736	RIBBON REEL MAKING SNOWMEN	5	2011-09-19 13:02	1.65	15058	United Kingdom
573076	22489	PACK OF 12 TRADITIONAL CRAYONS	24	2011-10-27 14:05	0.42	13488	United Kingdom
541695	22247	BUNNY DECORATION MAGIC GARDEN	7	2011-01-20 18:01	0.79	UNKNOWN	United Kingdom
564516	22507	MEMO BOARD RETROSPOT  DESIGN	1	2011-08-25 14:45	10.79	UNKNOWN	United Kingdom
569252	23130	MISELTOE HEART WREATH	4	2011-10-03 10:38	4.15	14333	United Kingdom
549852	22423	REGENCY CAKESTAND 3 TIER	2	2011-04-12 15:08	12.75	14289	United Kingdom
572719	22961	JAM MAKING SET PRINTED	12	2011-10-25 15:03	1.45	13871	United Kingdom
578827	21918	SET 12 KIDS COLOUR  CHALK STICKS	1	2011-11-25 14:25	0.83	UNKNOWN	United Kingdom
569230	23170	REGENCY TEA PLATE ROSES	6	2011-10-02 15:07	1.65	16533	United Kingdom
555923	23302	KNEELING MAT HOUSEWORK  DESIGN	1	2011-06-07 17:09	3.29	UNKNOWN	United Kingdom
544459	21876	POTTERING MUG	12	2011-02-20 13:52	1.25	17838	United Kingdom
573344	23497	CLASSIC CHROME BICYCLE BELL	2	2011-10-30 12:07	1.45	14179	United Kingdom
581217	84598	BOYS ALPHABET IRON ON PATCHES	11	2011-12-08 09:20	0.42	UNKNOWN	United Kingdom
547374	21034	REX CASH+CARRY JUMBO SHOPPER	2	2011-03-22 13:54	0.95	16110	United Kingdom
539437	22931	BAKING MOULD HEART WHITE CHOCOLATE	3	2010-12-17 14:54	2.55	UNKNOWN	United Kingdom
545845	22999	TRAVEL CARD WALLET RETRO PETALS	1	2011-03-07 13:38	0.42	12754	Japan
555589	21787	RAIN PONCHO RETROSPOT	24	2011-06-06 09:36	0.85	12802	Netherlands
562779	23298	SPOTTY BUNTING	1	2011-08-09 12:58	4.95	17841	United Kingdom
541827	21873	IF YOU CAN'T STAND THE HEAT MUG	3	2011-01-21 17:05	1.63	UNKNOWN	United Kingdom
573903	23301	GARDENERS KNEELING PAD KEEP CALM	16	2011-11-01 14:51	1.65	14667	United Kingdom
569246	22905	CALENDAR IN SEASON DESIGN	1	2011-10-03 09:57	2.46	14096	United Kingdom
566562	21238	RED RETROSPOT CUP	2	2011-09-13 12:18	0.85	17365	United Kingdom
571305	22845	VINTAGE CREAM CAT FOOD CONTAINER	1	2011-10-17 09:55	12.46	UNKNOWN	United Kingdom
538374	22383	LUNCH BAG SUKI  DESIGN	2	2010-12-12 11:17	1.65	14159	United Kingdom
577082	21108	FAIRY CAKE FLANNEL ASSORTED COLOUR	18	2011-11-17 15:31	0.79	15811	United Kingdom
547511	23050	RECYCLED ACAPULCO MAT GREEN	2	2011-03-23 13:44	8.25	17411	United Kingdom
553048	23254	CHILDRENS CUTLERY DOLLY GIRL	4	2011-05-13 10:02	4.15	14291	United Kingdom
564820	15039	SANDALWOOD FAN	1	2011-08-30 12:16	1.63	UNKNOWN	United Kingdom
562046	20750	RED RETROSPOT MINI CASES	4	2011-08-02 10:34	7.95	12378	Switzerland
566091	22080	RIBBON REEL POLKADOTS	5	2011-09-09 10:37	1.65	17870	United Kingdom
539453	22832	BROCANTE SHELF WITH HOOKS	1	2010-12-17 17:08	21.23	UNKNOWN	United Kingdom
572550	21803	CHRISTMAS TREE STAR DECORATION	2	2011-10-24 17:06	0.42	UNKNOWN	United Kingdom
550946	21669	BLUE STRIPE CERAMIC DRAWER KNOB	12	2011-04-21 15:52	1.25	12708	Germany
552665	22402	MAGNETS PACK OF 4 VINTAGE COLLAGE	1	2011-05-10 15:05	2.46	UNKNOWN	United Kingdom
559923	23307	SET OF 60 PANTRY DESIGN CAKE CASES	25	2011-07-13 16:07	0.55	UNKNOWN	United Kingdom
574896	22574	HEART WOODEN CHRISTMAS DECORATION	1	2011-11-07 14:51	0.85	17014	United Kingdom
554512	22504	CABIN BAG VINTAGE RETROSPOT	1	2011-05-24 15:54	58.29	UNKNOWN	United Kingdom
551148	22087	PAPER BUNTING WHITE LACE	120	2011-04-26 14:12	2.55	15939	United Kingdom
579152	21882	SKULLS TAPE	12	2011-11-28 13:26	0.65	12479	Germany
564849	20977	36 PENCILS TUBE WOODLAND	16	2011-08-30 15:42	1.25	17675	United Kingdom
579187	21070	VINTAGE BILLBOARD MUG	1	2011-11-28 15:31	2.46	UNKNOWN	United Kingdom
552306	21874	GIN AND TONIC MUG	12	2011-05-08 15:20	1.25	13911	United Kingdom
551995	22722	SET OF 6 SPICE TINS PANTRY DESIGN	1	2011-05-05 15:42	4.13	UNKNOWN	United Kingdom
546223	22249	DECORATION WHITE CHICK MAGIC GARDEN	16	2011-03-10 12:22	0.85	14854	United Kingdom
560042	20726	LUNCH BAG WOODLAND	10	2011-07-14 14:46	1.65	17068	United Kingdom
565844	23203	JUMBO BAG VINTAGE DOILY	10	2011-09-07 12:19	2.08	17442	United Kingdom
569005	21500	PINK POLKADOT WRAP	25	2011-09-29 18:30	0.42	16268	United Kingdom
539225	22570	FELTCRAFT CUSHION RABBIT	16	2010-12-16 13:02	3.75	15379	United Kingdom
542527	21498	RED RETROSPOT WRAP	50	2011-01-28 12:48	0.42	17188	United Kingdom
555472	23309	SET OF 60 I LOVE LONDON CAKE CASES	120	2011-06-03 11:46	0.42	16701	United Kingdom
572194	21374	MIRRORED WALL ART SKULLS	1	2011-10-21 11:43	1.25	17832	United Kingdom
537216	47566B	TEA TIME PARTY BUNTING	8	2010-12-05 15:40	4.65	15502	United Kingdom
544790	20675	BLUE POLKADOT BOWL	8	2011-02-23 12:27	1.25	16940	United Kingdom
557502	22989	SET 2 PANTRY DESIGN TEA TOWELS	1	2011-06-20 15:32	6.63	UNKNOWN	United Kingdom
566433	82482	WOODEN PICTURE FRAME WHITE FINISH	6	2011-09-12 14:54	2.95	16839	United Kingdom
553899	23165	LARGE CERAMIC TOP STORAGE JAR	12	2011-05-19 17:25	1.65	14292	United Kingdom
568065	22907	PACK OF 20 NAPKINS PANTRY DESIGN	12	2011-09-23 13:44	0.85	16240	United Kingdom
546541	35241	ENAMEL BLUE RIM BISCUIT BIN	3	2011-03-14 15:11	4.95	14911	EIRE
560090	22031	BOTANICAL LAVENDER BIRTHDAY CARD	1	2011-07-14 16:46	0.42	UNKNOWN	United Kingdom
552839	23199	JUMBO BAG APPLES	10	2011-05-11 14:25	2.08	14367	United Kingdom
542192	20727	LUNCH BAG  BLACK SKULL.	10	2011-01-26 11:27	1.65	14049	United Kingdom
553489	23209	LUNCH BAG DOILEY PATTERN	10	2011-05-17 12:43	1.65	15730	United Kingdom
540538	22661	CHARLOTTE BAG DOLLY GIRL DESIGN	1	2011-01-09 14:36	0.85	17841	United Kingdom
563771	20754	RETROSPOT RED WASHING UP GLOVES	2	2011-08-19 11:17	2.1	17841	United Kingdom
555257	47590A	BLUE HAPPY BIRTHDAY BUNTING	2	2011-06-01 15:28	5.45	17596	United Kingdom
558432	22668	PINK BABY BUNTING	10	2011-06-29 12:16	2.95	17730	United Kingdom
579443	21068	VINTAGE BILLBOARD LOVE/HATE MUG	1	2011-11-29 13:40	1.25	16479	United Kingdom
552967	22488	NATURAL SLATE RECTANGLE CHALKBOARD	5	2011-05-12 13:12	1.65	16006	United Kingdom
550835	22326	ROUND SNACK BOXES SET OF4 WOODLAND	2	2011-04-21 10:52	2.95	15034	United Kingdom
552000	85099B	JUMBO BAG RED RETROSPOT	6	2011-05-05 15:56	2.08	UNKNOWN	United Kingdom
579555	23322	LARGE WHITE HEART OF WICKER	2	2011-11-30 11:08	2.95	16241	United Kingdom
570499	21499	BLUE POLKADOT WRAP	25	2011-10-11 09:19	0.42	12772	Portugal
576840	23264	SET OF 3 WOODEN SLEIGH DECORATIONS	1	2011-11-16 15:23	2.46	UNKNOWN	United Kingdom
561542	22150	3 STRIPEY MICE FELTCRAFT	6	2011-07-28 10:09	1.95	15105	United Kingdom
574701	23100	SILVER BELLS TABLE DECORATION	2	2011-11-06 13:54	1.25	15426	United Kingdom
559418	22716	CARD CIRCUS PARADE	12	2011-07-08 11:36	0.42	12681	France
564060	22627	MINT KITCHEN SCALES	1	2011-08-22 14:37	8.5	17073	United Kingdom
570856	23158	SET OF 5 LUCKY CAT MAGNETS	12	2011-10-12 15:01	2.08	13464	United Kingdom
572224	22910	PAPER CHAIN KIT VINTAGE CHRISTMAS	40	2011-10-21 13:46	2.55	16558	United Kingdom
567290	22749	FELTCRAFT PRINCESS CHARLOTTE DOLL	48	2011-09-19 11:54	3.39	14646	Netherlands
570488	22139	RETROSPOT TEA SET CERAMIC 11 PC	9	2011-10-10 17:12	10.79	14096	United Kingdom
572297	82482	WOODEN PICTURE FRAME WHITE FINISH	6	2011-10-23 14:30	2.95	15953	United Kingdom
559338	21238	RED RETROSPOT CUP	2	2011-07-07 16:30	1.63	UNKNOWN	United Kingdom
552449	72802B	OCEAN SCENT CANDLE IN JEWELLED BOX	6	2011-05-09 13:49	4.25	12355	Bahrain
576593	22642	SET OF 4 NAPKIN CHARMS STARS	1	2011-11-15 14:48	2.55	15720	United Kingdom
543448	22652	TRAVEL SEWING KIT	2	2011-02-08 12:12	4.13	UNKNOWN	United Kingdom
576840	22585	PACK OF 6 BIRDY GIFT TAGS	1	2011-11-16 15:23	2.46	UNKNOWN	United Kingdom
550953	22431	WATERING CAN BLUE ELEPHANT	1	2011-04-21 16:17	4.13	UNKNOWN	United Kingdom
560777	22698	PINK REGENCY TEACUP AND SAUCER	2	2011-07-21 09:30	5.79	UNKNOWN	United Kingdom
571903	22568	FELTCRAFT CUSHION OWL	4	2011-10-19 14:40	3.75	15754	United Kingdom
556047	22713	CARD I LOVE LONDON	12	2011-06-08 12:57	0.42	12901	United Kingdom
554268	23165	LARGE CERAMIC TOP STORAGE JAR	1	2011-05-23 12:59	1.65	15311	United Kingdom
577076	85094	CANDY SPOT EGG WARMER RABBIT	6	2011-11-17 15:08	0.19	14362	United Kingdom
571305	22097	SWALLOW SQUARE TISSUE BOX	2	2011-10-17 09:55	2.46	UNKNOWN	United Kingdom
550006	23201	JUMBO BAG ALPHABET	2	2011-04-14 10:10	2.08	17841	United Kingdom
560233	85099B	JUMBO BAG RED RETROSPOT	4	2011-07-17 11:10	2.08	16813	United Kingdom
581217	22211	WOOD STAMP SET FLOWERS	1	2011-12-08 09:20	3.29	UNKNOWN	United Kingdom
561371	90214F	"LETTER ""F"" BLING KEY RING"	1	2011-07-26 16:25	0.83	UNKNOWN	United Kingdom
579692	22628	PICNIC BOXES SET OF 3 RETROSPOT	16	2011-11-30 14:05	4.95	12433	Norway
550512	21166	COOK WITH WINE METAL SIGN	1	2011-04-18 16:31	2.08	18069	United Kingdom
574545	22980	PANTRY SCRUBBING BRUSH	10	2011-11-04 14:54	1.65	17084	United Kingdom
571304	21936	RED RETROSPOT PICNIC BAG	5	2011-10-17 09:37	2.95	12526	Germany
548708	21213	PACK OF 72 SKULL CAKE CASES	8	2011-04-03 12:41	0.55	13269	United Kingdom
572896	23161	REGENCY CAKE FORK	24	2011-10-26 14:41	1.25	12456	Switzerland
546896	20707	CRAZY DAISY HEART DECORATION	1	2011-03-17 18:24	0.83	UNKNOWN	United Kingdom
564503	21786	POLKADOT RAIN HAT	24	2011-08-25 14:23	0.42	13971	United Kingdom
557130	21977	PACK OF 60 PINK PAISLEY CAKE CASES	24	2011-06-17 08:09	0.55	14005	United Kingdom
543099	85099B	JUMBO BAG RED RETROSPOT	100	2011-02-03 12:00	1.65	16684	United Kingdom
580880	23497	CLASSIC CHROME BICYCLE BELL	12	2011-12-06 12:19	1.45	14121	United Kingdom
557132	23119	PACK OF 6 LARGE FRUIT STRAWS	24	2011-06-17 08:57	0.62	13107	United Kingdom
576617	23292	SPACEBOY CHILDRENS CUP	1	2011-11-15 16:57	2.46	UNKNOWN	United Kingdom
561125	22745	POPPY'S PLAYHOUSE BEDROOM	6	2011-07-25 12:58	2.1	17364	United Kingdom
544684	22156	HEART DECORATION WITH PEARLS	46	2011-02-22 16:32	1.63	UNKNOWN	United Kingdom
547909	21558	SKULL LUNCH BOX WITH CUTLERY	1	2011-03-28 12:22	2.55	15033	United Kingdom
536759	48185	DOORMAT FAIRY CAKE	2	2010-12-02 14:26	7.95	16781	United Kingdom
560499	22918	HERB MARKER PARSLEY	12	2011-07-19 11:03	0.65	16713	United Kingdom
542906	85131B	BEADED CRYSTAL HEART GREEN ON STICK	2	2011-02-01 15:12	0.83	UNKNOWN	United Kingdom
558904	22375	AIRLINE BAG VINTAGE JET SET BROWN	2	2011-07-04 16:18	4.13	UNKNOWN	United Kingdom
554988	22981	PANTRY APPLE CORER	1	2011-05-29 13:32	1.45	15897	United Kingdom
541414	21985	PACK OF 12 HEARTS DESIGN TISSUES	6	2011-01-17 16:14	0.29	18212	United Kingdom
555589	22374	AIRLINE BAG VINTAGE JET SET RED	4	2011-06-06 09:36	4.25	12802	Netherlands
571850	23351	ROLL WRAP 50'S CHRISTMAS	5	2011-10-19 12:54	1.25	14698	United Kingdom
559814	20727	LUNCH BAG  BLACK SKULL.	10	2011-07-12 15:49	1.65	15544	United Kingdom
577076	21172	PARTY METAL SIGN	1	2011-11-17 15:08	1.45	14362	United Kingdom
555865	22469	HEART OF WICKER SMALL	6	2011-06-07 14:30	1.65	14530	United Kingdom
568526	22208	WOOD STAMP SET THANK YOU	12	2011-09-27 13:04	0.83	17656	United Kingdom
581382	23083	SET 6 PAPER TABLE LANTERN STARS	6	2011-12-08 12:57	3.75	13860	United Kingdom
550775	20717	STRAWBERRY SHOPPER BAG	10	2011-04-20 13:18	1.25	15805	United Kingdom
540352	22135	MINI LADLE LOVE HEART PINK	2	2011-01-06 14:27	0.43	UNKNOWN	United Kingdom
573311	20668	DISCO BALL CHRISTMAS DECORATION	6	2011-10-28 16:45	0.12	14071	United Kingdom
537434	22811	SET OF 6 T-LIGHTS CACTI	1	2010-12-06 16:57	5.91	UNKNOWN	United Kingdom
553195	21988	PACK OF 6 SKULL PAPER PLATES	12	2011-05-15 13:45	0.85	12599	France
556484	23096	PETIT TRAY CHIC	2	2011-06-12 13:17	1.65	16938	United Kingdom
575930	23174	REGENCY SUGAR BOWL GREEN	1	2011-11-11 17:58	8.29	UNKNOWN	United Kingdom
565421	22907	PACK OF 20 NAPKINS PANTRY DESIGN	1	2011-09-04 12:10	0.85	16744	United Kingdom
566290	22420	LIPSTICK PEN BABY PINK	1	2011-09-11 15:24	0.42	14456	United Kingdom
536528	22812	PACK 3 BOXES CHRISTMAS PANNETONE	3	2010-12-01 13:17	1.95	15525	United Kingdom
575603	23275	SET OF 3 HANGING OWLS OLLIE BEAK	12	2011-11-10 12:29	1.25	18125	United Kingdom
566560	22633	HAND WARMER UNION JACK	16	2011-09-13 12:09	2.1	17092	United Kingdom
552894	18097C	WHITE TALL PORCELAIN T-LIGHT HOLDER	2	2011-05-12 10:53	2.55	14606	United Kingdom
568048	22699	ROSES REGENCY TEACUP AND SAUCER	6	2011-09-23 12:36	2.95	14911	EIRE
577315	90188	DROP EARRINGS W FLOWER & LEAF	1	2011-11-18 13:25	2.55	17811	United Kingdom
541592	85179A	GREEN BITTY LIGHT CHAIN	1	2011-01-19 15:08	2.46	UNKNOWN	United Kingdom
542708	22937	BAKING MOULD CHOCOLATE CUPCAKES	24	2011-01-31 13:07	2.55	17621	United Kingdom
551534	21928	JUMBO BAG SCANDINAVIAN BLUE PAISLEY	20	2011-05-01 14:59	2.08	14655	United Kingdom
564066	85177	BASKET OF FLOWERS SEWING KIT	12	2011-08-22 15:05	0.85	17703	United Kingdom
544214	22554	PLASTERS IN TIN WOODLAND ANIMALS	1	2011-02-17 11:19	3.29	UNKNOWN	United Kingdom
561704	23002	TRAVEL CARD WALLET SKULLS	3	2011-07-29 11:07	0.42	14606	United Kingdom
577768	23581	JUMBO BAG PAISLEY PARK	1	2011-11-21 15:18	4.13	UNKNOWN	United Kingdom
549551	21871	SAVE THE PLANET MUG	12	2011-04-10 11:48	1.25	15955	United Kingdom
574880	20727	LUNCH BAG  BLACK SKULL.	10	2011-11-07 13:25	1.65	18016	United Kingdom
543033	21198	WHITE HEART CONFETTI IN TUBE	1	2011-02-02 15:48	1.65	17841	United Kingdom
543173	22960	JAM MAKING SET WITH JARS	6	2011-02-04 09:30	4.25	13871	United Kingdom
562549	23346	SPACEBOY BEAKER	6	2011-08-05 16:10	1.25	17092	United Kingdom
561209	21846	PINK DIAMANTE PEN IN GIFT BOX	1	2011-07-25 16:57	8.29	UNKNOWN	United Kingdom
572549	84879	ASSORTED COLOUR BIRD ORNAMENT	8	2011-10-24 17:03	3.12	UNKNOWN	United Kingdom
551854	21623	VINTAGE UNION JACK MEMOBOARD	2	2011-05-04 14:55	9.95	13576	United Kingdom
580983	22598	CHRISTMAS MUSICAL ZINC TREE	8	2011-12-06 16:26	0.83	UNKNOWN	United Kingdom
579297	21042	RED RETROSPOT APRON	1	2011-11-29 11:23	12.46	UNKNOWN	United Kingdom
539492	22594	CHRISTMAS GINGHAM TREE	2	2010-12-20 10:14	1.66	UNKNOWN	United Kingdom
560246	23202	JUMBO BAG VINTAGE LEAF	20	2011-07-17 12:17	2.08	14292	United Kingdom
576879	23012	GLASS APOTHECARY BOTTLE PERFUME	4	2011-11-16 16:52	3.95	18006	United Kingdom
547850	22284	HEN HOUSE DECORATION	1	2011-03-27 12:06	1.65	14472	United Kingdom
563195	22417	PACK OF 60 SPACEBOY CAKE CASES	1	2011-08-12 16:36	1.25	UNKNOWN	United Kingdom
554511	47580	TEA TIME DES TEA COSY	1	2011-05-24 15:52	4.96	UNKNOWN	United Kingdom
560445	22711	WRAP CIRCUS PARADE	200	2011-07-19 09:08	0.34	14156	EIRE
560224	85123A	WHITE HANGING HEART T-LIGHT HOLDER	9	2011-07-15 16:06	2.95	14572	United Kingdom
556916	21982	PACK OF 12 SUKI TISSUES	2	2011-06-15 13:35	0.29	16898	United Kingdom
559163	84251B	GREETING CARD, STICKY GORDON	2	2011-07-06 16:33	0.42	UNKNOWN	United Kingdom
542344	22207	FRYING PAN UNION FLAG	1	2011-01-27 11:30	8.29	UNKNOWN	United Kingdom
569397	22120	WELCOME  WOODEN BLOCK LETTERS	3	2011-10-04 08:26	9.95	12747	United Kingdom
539453	84598	BOYS ALPHABET IRON ON PATCHES	6	2010-12-17 17:08	0.43	UNKNOWN	United Kingdom
570465	22255	FELT TOADSTOOL  SMALL	1	2011-10-10 16:02	1.63	UNKNOWN	United Kingdom
543829	21239	PINK  POLKADOT CUP	96	2011-02-14 09:47	0.72	12939	United Kingdom
571829	22423	REGENCY CAKESTAND 3 TIER	4	2011-10-19 11:53	12.75	16131	United Kingdom
545215	84849D	HOT BATHS SOAP HOLDER	1	2011-02-28 16:47	3.29	UNKNOWN	United Kingdom
564974	90175A	WHITE GLASS CHUNKY CHARM BRACELET	1	2011-08-31 15:32	9.15	UNKNOWN	United Kingdom
560696	21713	CITRONELLA CANDLE FLOWERPOT	1	2011-07-20 12:14	2.1	14606	United Kingdom
551412	21980	PACK OF 12 RED RETROSPOT TISSUES	12	2011-04-28 13:31	0.29	15508	United Kingdom
553144	23165	LARGE CERAMIC TOP STORAGE JAR	12	2011-05-13 13:29	1.65	17669	United Kingdom
574826	23004	TRAVEL CARD WALLET PANTRY	5	2011-11-07 10:58	0.42	15870	United Kingdom
553747	23169	CLASSIC GLASS COOKIE JAR	6	2011-05-19 09:47	4.15	13627	United Kingdom
572671	23113	PANTRY CHOPPING BOARD	36	2011-10-25 13:14	4.15	13340	United Kingdom
574029	23273	HEART T-LIGHT HOLDER WILLIE WINKIE	24	2011-11-02 12:34	1.65	12955	United Kingdom
548490	37342	POLKADOT COFFEE CUP & SAUCER PINK	24	2011-03-31 13:13	0.79	12909	United Kingdom
538566	21704	BAG 250G SWIRLY MARBLES	1	2010-12-13 11:21	1.66	UNKNOWN	United Kingdom
537859	22470	HEART OF WICKER LARGE	5	2010-12-08 16:11	2.95	14030	United Kingdom
537638	21877	HOME SWEET HOME MUG	1	2010-12-07 15:28	3.36	UNKNOWN	United Kingdom
548621	22273	FELTCRAFT DOLL MOLLY	1	2011-04-01 11:54	2.95	16960	United Kingdom
540839	85040B	SET/4 BLUE FLOWER CANDLES IN BOWL	1	2011-01-11 15:42	1.65	16791	United Kingdom
576932	85150	LADIES & GENTLEMEN METAL SIGN	2	2011-11-17 11:12	2.55	15443	United Kingdom
550351	84970L	SINGLE HEART ZINC T-LIGHT HOLDER	12	2011-04-18 10:20	0.95	15491	United Kingdom
573763	23382	BOX OF 6 CHRISTMAS CAKE DECORATIONS	4	2011-11-01 09:56	3.75	17139	United Kingdom
562711	72807C	SET/3 VANILLA SCENTED CANDLE IN BOX	1	2011-08-08 14:53	4.25	16788	United Kingdom
566952	23202	JUMBO BAG VINTAGE LEAF	2	2011-09-15 16:37	4.13	UNKNOWN	United Kingdom
542303	62094B	TURQ ICE CREAM BUM BAG	6	2011-01-27 11:05	2.55	12539	Spain
544664	21533	RETROSPOT LARGE MILK JUG	3	2011-02-22 14:55	4.95	16045	United Kingdom
575767	84012	MAGIC SHEEP WOOL GROWING FROM PAPER	1	2011-11-11 11:11	0.85	17348	United Kingdom
551397	22294	HEART FILIGREE DOVE  SMALL	24	2011-04-28 12:55	1.25	15952	United Kingdom
566278	22505	MEMO BOARD COTTAGE DESIGN	3	2011-09-11 14:05	4.95	13614	United Kingdom
559051	84927E	FLOWERS TILE HOOK	1	2011-07-05 16:47	4.13	UNKNOWN	United Kingdom
571214	22835	HOT WATER BOTTLE I AM SO POORLY	4	2011-10-14 12:56	4.95	14390	United Kingdom
560584	47566	PARTY BUNTING	1	2011-07-19 15:38	4.95	13827	United Kingdom
544398	15056N	EDWARDIAN PARASOL NATURAL	1	2011-02-18 12:27	5.95	15311	United Kingdom
554137	21531	RED RETROSPOT SUGAR JAM BOWL	6	2011-05-23 10:13	2.55	12708	Germany
570186	22735	RIBBON REEL SOCKS AND MITTENS	10	2011-10-07 15:01	1.65	17509	United Kingdom
570465	22905	CALENDAR IN SEASON DESIGN	3	2011-10-10 16:02	2.46	UNKNOWN	United Kingdom
571456	23239	SET OF 4 KNICK KNACK TINS POPPIES	1	2011-10-17 13:57	4.15	16729	United Kingdom
578022	22560	TRADITIONAL MODELLING CLAY	1	2011-11-22 13:25	1.25	17371	United Kingdom
545978	21231	SWEETHEART CERAMIC TRINKET BOX	4	2011-03-08 12:19	1.25	13975	United Kingdom
541695	47593B	SCOTTIE DOGS BABY BIB	3	2011-01-20 18:01	0.83	UNKNOWN	United Kingdom
552267	22822	CREAM WALL PLANTER HEART SHAPED	1	2011-05-08 11:49	5.95	15038	United Kingdom
558067	21080	SET/20 RED RETROSPOT PAPER NAPKINS	24	2011-06-24 15:51	0.85	14156	EIRE
562429	22730	ALARM CLOCK BAKELIKE IVORY	12	2011-08-04 17:23	3.75	13767	United Kingdom
553930	22149	FELTCRAFT 6 FLOWER FRIENDS	6	2011-05-20 10:22	2.1	13178	United Kingdom
554980	22271	FELTCRAFT DOLL ROSIE	1	2011-05-29 11:59	2.95	17613	United Kingdom
574481	23256	CHILDRENS CUTLERY SPACEBOY	2	2011-11-04 12:45	4.15	18022	United Kingdom
547656	21121	SET/10 RED POLKADOT PARTY CANDLES	1	2011-03-24 12:53	1.25	13263	United Kingdom
543354	22150	3 STRIPEY MICE FELTCRAFT	6	2011-02-07 13:50	1.95	13458	United Kingdom
555558	22383	LUNCH BAG SUKI DESIGN	2	2011-06-05 14:06	1.65	14159	United Kingdom
545895	23000	TRAVEL CARD WALLET TRANSPORT	1	2011-03-07 17:14	0.83	UNKNOWN	United Kingdom
566619	22065	CHRISTMAS PUDDING TRINKET POT	48	2011-09-14 09:16	1.25	13798	United Kingdom
556459	15058A	BLUE POLKADOT GARDEN PARASOL	1	2011-06-10 17:25	10.79	UNKNOWN	United Kingdom
578947	20668	DISCO BALL CHRISTMAS DECORATION	72	2011-11-27 13:49	0.12	14547	United Kingdom
580876	22383	LUNCH BAG SUKI DESIGN	2	2011-12-06 12:12	1.65	14071	United Kingdom
578362	22186	RED STAR CARD HOLDER	24	2011-11-24 10:39	1.95	12913	United Kingdom
545872	20713	JUMBO BAG OWLS	2	2011-03-07 14:51	1.95	15752	United Kingdom
572392	21314	SMALL GLASS HEART TRINKET POT	48	2011-10-24 11:54	1.85	14764	United Kingdom
548701	22898	CHILDRENS APRON APPLES DESIGN	7	2011-04-03 11:36	1.95	17629	United Kingdom
580403	21164	HOME SWEET HOME METAL SIGN	2	2011-12-04 11:56	2.95	17858	United Kingdom
537375	22634	CHILDS BREAKFAST SET SPACEBOY	2	2010-12-06 12:55	9.95	17019	United Kingdom
549275	21457	2 PICTURE BOOK EGGS EASTER DUCKS	8	2011-04-07 13:09	1.25	15916	United Kingdom
558731	23204	CHARLOTTE BAG APPLES DESIGN	10	2011-07-01 14:53	0.85	13285	United Kingdom
562260	22908	PACK OF 20 NAPKINS RED APPLES	24	2011-08-03 15:38	0.85	13408	United Kingdom
555924	20980	36 PENCILS TUBE POSY	3	2011-06-07 17:12	0.83	UNKNOWN	United Kingdom
554069	22526	WHEELBARROW FOR CHILDREN	1	2011-05-22 10:57	12.75	15281	United Kingdom
570231	22092	BLUE PAISLEY TISSUE BOX	6	2011-10-09 13:44	0.39	16685	United Kingdom
576837	22866	HAND WARMER SCOTTY DOG DESIGN	1	2011-11-16 15:16	4.13	UNKNOWN	United Kingdom
537081	22750	FELTCRAFT PRINCESS LOLA DOLL	16	2010-12-05 12:00	3.75	15332	Lithuania
544081	22485	SET OF 2 WOODEN MARKET CRATES	2	2011-02-15 15:49	12.75	17819	United Kingdom
553393	84406B	CREAM CUPID HEARTS COAT HANGER	2	2011-05-16 16:46	8.29	UNKNOWN	United Kingdom
541274	21673	WHITE SPOT BLUE CERAMIC DRAWER KNOB	12	2011-01-17 11:24	1.25	15696	United Kingdom
575647	22910	PAPER CHAIN KIT VINTAGE CHRISTMAS	10	2011-11-10 14:16	2.95	16440	United Kingdom
564230	22384	LUNCH BAG PINK POLKADOT	7	2011-08-24 10:22	4.96	UNKNOWN	United Kingdom
579196	23026	DRAWER KNOB VINTAGE GLASS STAR	1	2011-11-28 15:54	4.13	14096	United Kingdom
571883	23536	WALL ART VILLAGE SHOW	1	2011-10-19 13:58	5.95	14704	United Kingdom
552232	22358	KINGS CHOICE TEA CADDY	1	2011-05-06 15:54	5.79	UNKNOWN	United Kingdom
552039	21239	PINK  POLKADOT CUP	8	2011-05-06 08:10	0.85	13081	United Kingdom
539736	22666	RECIPE BOX PANTRY YELLOW DESIGN	3	2010-12-21 15:18	5.91	UNKNOWN	United Kingdom
555383	37446	MINI CAKE STAND WITH HANGING CAKES	2	2011-06-02 15:13	1.45	12517	Germany
576933	22970	LONDON BUS COFFEE MUG	3	2011-11-17 11:29	2.55	15529	United Kingdom
552338	48138	DOORMAT UNION FLAG	1	2011-05-09 11:51	7.95	UNKNOWN	United Kingdom
538630	21928	JUMBO BAG SCANDINAVIAN PAISLEY	10	2010-12-13 13:25	1.95	14565	United Kingdom
558876	85132C	CHARLIE AND LOLA FIGURES TINS	4	2011-07-04 13:36	1.95	17841	United Kingdom
551186	22536	MAGIC DRAWING SLATE PURDEY	60	2011-04-27 10:01	0.42	17857	United Kingdom
580640	23334	IVORY WICKER HEART SMALL	2	2011-12-05 12:51	0.63	16910	United Kingdom
559951	85123A	WHITE HANGING HEART T-LIGHT HOLDER	18	2011-07-14 10:52	2.95	14847	United Kingdom
580729	22791	T-LIGHT GLASS FLUTED ANTIQUE	3	2011-12-05 17:24	2.46	UNKNOWN	United Kingdom
543123	21931	JUMBO STORAGE BAG SUKI	10	2011-02-03 14:08	1.95	18178	United Kingdom
581022	21930	JUMBO STORAGE BAG SKULLS	10	2011-12-07 10:25	2.08	12826	United Kingdom
561702	22625	RED KITCHEN SCALES	2	2011-07-29 10:58	8.5	15149	United Kingdom
549241	22855	FINE WICKER HEART	4	2011-04-07 11:40	1.25	15719	United Kingdom
558769	21027	NINJA RABBIT PINK	3	2011-07-03 14:58	1.25	17899	United Kingdom
547252	21179	NO JUNK MAIL METAL SIGN	12	2011-03-22 10:13	1.25	13900	United Kingdom
545530	48138	DOORMAT UNION FLAG	10	2011-03-03 13:45	6.75	17416	United Kingdom
562789	23297	SET 40 HEART SHAPE PETIT FOUR CASES	240	2011-08-09 13:50	1.45	14646	Netherlands
565261	84997D	CHILDRENS CUTLERY POLKADOT PINK	4	2011-09-02 10:53	4.15	12474	Germany
548158	22697	GREEN REGENCY TEACUP AND SAUCER	9	2011-03-29 13:28	2.95	15906	United Kingdom
560772	22972	CHILDREN'S SPACEBOY MUG	1	2011-07-20 16:12	3.29	UNKNOWN	United Kingdom
577358	21131	GOLD STANDING GNOME	1	2011-11-18 15:59	8.29	UNKNOWN	United Kingdom
540821	21879	HEARTS GIFT TAPE	3	2011-01-11 13:16	0.43	UNKNOWN	United Kingdom
564079	22352	LUNCH BOX WITH CUTLERY RETROSPOT	6	2011-08-22 15:55	2.55	12627	Germany
540185	22693	GROW A FLYTRAP OR SUNFLOWER IN TIN	24	2011-01-05 13:40	1.25	14653	United Kingdom
566024	22720	SET OF 3 CAKE TINS PANTRY DESIGN	3	2011-09-08 12:51	4.95	13871	United Kingdom
561192	22072	RED RETROSPOT TEA CUP AND SAUCER	2	2011-07-25 13:45	3.75	16033	United Kingdom
581230	22530	MAGIC DRAWING SLATE DOLLY GIRL	24	2011-12-08 10:24	0.42	14291	United Kingdom
555728	23108	SET OF 10 LED DOLLY LIGHTS	1	2011-06-06 16:41	6.25	17252	United Kingdom
573419	22941	CHRISTMAS LIGHTS 10 REINDEER	6	2011-10-31 09:38	8.5	13103	United Kingdom
581219	22111	SCOTTIE DOG HOT WATER BOTTLE	2	2011-12-08 09:28	10.79	UNKNOWN	United Kingdom
558083	23309	SET OF 60 I LOVE LONDON CAKE CASES	24	2011-06-26 11:47	0.55	17284	United Kingdom
575929	23145	ZINC T-LIGHT HOLDER STAR LARGE	12	2011-11-11 17:23	0.95	13310	United Kingdom
563147	22945	CHRISTMAS METAL TAGS ASSORTED	24	2011-08-12 11:29	0.85	13695	United Kingdom
547042	21773	DECORATIVE ROSE BATHROOM BOTTLE	1	2011-03-20 11:00	2.46	UNKNOWN	United Kingdom
580690	22756	LARGE YELLOW BABUSHKA NOTEBOOK	12	2011-12-05 15:44	0.39	16597	United Kingdom
575895	22727	ALARM CLOCK BAKELIKE RED	1	2011-11-11 14:50	3.75	17052	United Kingdom
547195	22933	BAKING MOULD EASTER EGG MILK CHOC	6	2011-03-21 12:42	2.95	17204	United Kingdom
562370	22139	RETROSPOT TEA SET CERAMIC 11 PC	3	2011-08-04 14:20	4.95	12626	Germany
565865	21880	RED RETROSPOT TAPE	12	2011-09-07 15:07	0.65	12637	France
555420	40016	CHINESE DRAGON PAPER LANTERNS	24	2011-06-03 10:29	0.42	13458	United Kingdom
543648	85187	S/12 MINI RABBIT EASTER	6	2011-02-11 08:45	1.65	15114	United Kingdom
566952	85116	BLACK CANDELABRA T-LIGHT HOLDER	1	2011-09-15 16:37	1.63	UNKNOWN	United Kingdom
580613	22909	SET OF 20 VINTAGE CHRISTMAS NAPKINS	12	2011-12-05 12:03	0.85	14759	United Kingdom
579792	23264	SET OF 3 WOODEN SLEIGH DECORATIONS	12	2011-11-30 15:43	1.25	12714	France
552572	23207	LUNCH BAG ALPHABET DESIGN	100	2011-05-10 12:11	1.45	14680	United Kingdom
555278	22993	SET OF 4 PANTRY JELLY MOULDS	2	2011-06-01 17:33	2.46	UNKNOWN	United Kingdom
555558	23263	SET OF 3 WOODEN HEART DECORATIONS	10	2011-06-05 14:06	1.25	14159	United Kingdom
573748	21770	OPEN CLOSED METAL SIGN	1	2011-11-01 09:24	4.95	14911	EIRE
562233	22219	LOVEBIRD HANGING DECORATION WHITE	2	2011-08-03 14:54	0.85	14972	United Kingdom
539840	84692	BOX OF 24 COCKTAIL PARASOLS	25	2010-12-22 14:28	0.42	12383	Belgium
552649	20723	STRAWBERRY CHARLOTTE BAG	30	2011-05-10 13:44	0.85	12592	Germany
564756	22211	WOOD STAMP SET FLOWERS	1	2011-08-30 10:33	3.29	UNKNOWN	United Kingdom
561218	22250	DECORATION  BUTTERFLY  MAGIC GARDEN	1	2011-07-25 17:11	1.63	UNKNOWN	United Kingdom
550215	21623	VINTAGE UNION JACK MEMOBOARD	1	2011-04-15 10:43	19.96	UNKNOWN	United Kingdom
570472	23190	BUNDLE OF 3 SCHOOL EXERCISE BOOKS	1	2011-10-10 16:38	1.65	UNKNOWN	United Kingdom
537900	22521	CHILDS GARDEN TROWEL PINK	1	2010-12-09 10:45	0.85	15983	United Kingdom
572330	82583	HOT BATHS METAL SIGN	1	2011-10-24 10:17	2.1	16426	United Kingdom
560996	23307	SET OF 60 PANTRY DESIGN CAKE CASES	3	2011-07-22 13:53	0.55	17625	United Kingdom
541856	20982	12 PENCILS TALL TUBE SKULLS	3	2011-01-23 15:16	0.85	17673	United Kingdom
567792	23349	ROLL WRAP VINTAGE CHRISTMAS	12	2011-09-22 11:40	1.25	17581	United Kingdom
564962	47504H	ENGLISH ROSE SPIRIT LEVEL	2	2011-08-31 14:35	0.79	17777	United Kingdom
577880	23100	SILVER BELLS TABLE DECORATION	12	2011-11-22 11:37	1.25	14515	United Kingdom
545657	22989	SET 2 PANTRY DESIGN TEA TOWELS	6	2011-03-04 14:02	3.25	14911	EIRE
553199	22938	CUPCAKE LACE PAPER SET 6	2	2011-05-15 15:13	1.95	17758	United Kingdom
538808	22556	PLASTERS IN TIN CIRCUS PARADE	24	2010-12-14 12:11	1.65	14057	United Kingdom
556459	20675	BLUE POLKADOT BOWL	1	2011-06-10 17:25	2.46	UNKNOWN	United Kingdom
545082	20768	GREEN FERN JOURNAL	6	2011-02-28 10:37	2.55	16992	United Kingdom
548533	20754	RETROSPOT RED WASHING UP GLOVES	6	2011-03-31 17:17	2.1	13883	United Kingdom
555726	23048	SET OF 10 LANTERNS FAIRY LIGHT STAR	4	2011-06-06 16:23	4.15	12540	Spain
562558	22348	TEA BAG PLATE RED RETROSPOT	15	2011-08-05 16:43	0.85	13451	United Kingdom
575117	20996	JAZZ HEARTS ADDRESS BOOK	2	2011-11-08 14:22	0.19	12748	United Kingdom
574690	51014L	FEATHER PEN,LIGHT PINK	24	2011-11-06 13:11	0.39	12638	Sweden
541421	84931B	BLUE SCOTTIE DOG W FLOWER PATTERN	2	2011-01-17 17:44	1.63	UNKNOWN	United Kingdom
559819	23240	SET OF 4 KNICK KNACK TINS DOILEY	6	2011-07-12 16:58	4.15	12682	France
546998	22951	60 CAKE CASES DOLLY GIRL DESIGN	2	2011-03-18 13:32	0.55	16023	United Kingdom
576564	21159	MOODY BOY  DOOR HANGER	2	2011-11-15 13:32	0.39	15311	United Kingdom
562219	21238	RED RETROSPOT CUP	8	2011-08-03 14:14	0.85	15089	United Kingdom
565919	22111	SCOTTIE DOG HOT WATER BOTTLE	2	2011-09-07 16:48	10.79	UNKNOWN	United Kingdom
544178	21927	BLUE/CREAM STRIPE CUSHION COVER	12	2011-02-16 14:40	1.25	14543	United Kingdom
541838	21430	SET/3 RED GINGHAM ROSE STORAGE BOX	1	2011-01-23 10:43	3.75	12916	United Kingdom
581122	20971	PINK BLUE FELT CRAFT TRINKET BOX	12	2011-12-07 12:33	1.25	12839	United Kingdom
575787	22274	FELTCRAFT DOLL EMILY	6	2011-11-11 11:18	2.95	12518	Germany
573377	22795	SWEETHEART RECIPE BOOK STAND	1	2011-10-30 13:51	6.75	14653	United Kingdom
581398	48116	DOORMAT MULTICOLOUR STRIPE	4	2011-12-08 13:26	8.25	17243	United Kingdom
569026	23343	JUMBO BAG VINTAGE CHRISTMAS	10	2011-09-30 10:18	2.08	16101	United Kingdom
564150	22692	DOORMAT WELCOME TO OUR HOME	4	2011-08-23 12:30	7.95	14936	Channel Islands
570494	23535	WALL ART BICYCLE SAFETY	6	2011-10-11 08:30	5.95	14051	United Kingdom
555324	22807	SET OF 6 T-LIGHTS TOADSTOOLS	1	2011-06-02 11:02	5.79	UNKNOWN	United Kingdom
560279	23088	ZINC HEART FLOWER T-LIGHT HOLDER	16	2011-07-17 15:47	1.25	14198	United Kingdom
560359	23287	RED VINTAGE SPOT BEAKER	6	2011-07-18 11:47	0.85	14159	United Kingdom
574298	20931	BLUE POT PLANT CANDLE	1	2011-11-03 15:56	7.46	UNKNOWN	United Kingdom
567671	22165	DIAMANTE HEART SHAPED WALL MIRROR,	2	2011-09-21 15:34	10.79	UNKNOWN	United Kingdom
562275	22898	CHILDRENS APRON APPLES DESIGN	8	2011-08-04 10:04	1.95	12689	France
540355	21080	SET/20 RED RETROSPOT PAPER NAPKINS	9	2011-01-06 15:11	2.51	UNKNOWN	United Kingdom
551398	22955	36 FOIL STAR CAKE CASES	6	2011-04-28 13:09	2.1	12417	Spain
545417	22846	BREAD BIN DINER STYLE RED	2	2011-03-02 13:42	16.95	15622	United Kingdom
567085	23240	SET OF 4 KNICK KNACK TINS DOILY	6	2011-09-16 12:38	4.15	12434	Australia
541811	47518f	ICON PLACEMAT POP ART ELVIS	1	2011-01-21 15:01	4.13	UNKNOWN	United Kingdom
542541	85026B	EAU DE NILE JEWELLED T-LIGHT HOLDER	3	2011-01-28 14:25	1.63	UNKNOWN	United Kingdom
551986	22722	SET OF 6 SPICE TINS PANTRY DESIGN	1	2011-05-05 14:41	3.95	13888	United Kingdom
554285	15056p	EDWARDIAN PARASOL PINK	1	2011-05-23 14:15	12.46	UNKNOWN	United Kingdom
538592	22111	SCOTTIE DOG HOT WATER BOTTLE	3	2010-12-13 11:47	4.95	15854	United Kingdom
550206	85099B	JUMBO BAG RED RETROSPOT	2	2011-04-15 10:38	4.13	UNKNOWN	United Kingdom
544837	22030	SWALLOWS GREETING CARD	12	2011-02-24 10:29	0.42	15910	United Kingdom
553894	23203	JUMBO BAG DOILEY PATTERNS	20	2011-05-19 17:15	2.08	13658	United Kingdom
558368	23289	DOLLY GIRL CHILDRENS BOWL	8	2011-06-28 15:36	1.25	14329	United Kingdom
568158	20749	ASSORTED COLOUR MINI CASES	12	2011-09-25 12:22	6.35	16133	United Kingdom
564760	85099F	JUMBO BAG STRAWBERRY	4	2011-08-30 10:47	4.13	UNKNOWN	United Kingdom
544089	21086	SET/6 RED SPOTTY PAPER CUPS	2	2011-02-15 17:51	1.63	UNKNOWN	United Kingdom
548162	21731	RED TOADSTOOL LED NIGHT LIGHT	3	2011-03-29 13:42	4.13	UNKNOWN	United Kingdom
536571	84760S	SMALL HANGING GLASS+ZINC LANTERN	12	2010-12-01 15:37	1.45	14696	United Kingdom
580632	21901	KEY FOB , BACK DOOR	5	2011-12-05 12:16	0.65	16360	United Kingdom
549263	22969	HOMEMADE JAM SCENTED CANDLES	12	2011-04-07 12:39	1.45	15800	United Kingdom
559652	22666	RECIPE BOX PANTRY YELLOW DESIGN	6	2011-07-11 12:47	2.95	17164	United Kingdom
574536	22555	PLASTERS IN TIN STRONGMAN	3	2011-11-04 14:35	1.65	15707	United Kingdom
568048	85150	LADIES & GENTLEMEN METAL SIGN	12	2011-09-23 12:36	2.55	14911	EIRE
568367	22588	CARD HOLDER GINGHAM HEART	6	2011-09-26 15:51	2.89	15755	United Kingdom
547071	23126	FELTCRAFT GIRL AMELIE KIT	4	2011-03-20 13:59	4.95	12693	Germany
547658	20725	LUNCH BAG RED RETROSPOT	1	2011-03-24 13:04	1.65	13736	United Kingdom
538488	21429	RED GINGHAM ROSE JEWELLERY BOX	4	2010-12-12 12:41	1.65	13715	United Kingdom
575867	22603	CHRISTMAS RETROSPOT TREE WOOD	4	2011-11-11 12:44	0.85	15034	United Kingdom
538855	21239	PINK  POLKADOT CUP	8	2010-12-14 13:50	0.85	16503	United Kingdom
576593	72351B	SET/6 PINK  BUTTERFLY T-LIGHTS	1	2011-11-15 14:48	2.1	15720	United Kingdom
572192	22169	FAMILY ALBUM WHITE PICTURE FRAME	1	2011-10-21 11:30	8.5	18118	United Kingdom
559310	20675	BLUE POLKADOT BOWL	72	2011-07-07 13:33	1.06	15505	United Kingdom
562263	47504H	ENGLISH ROSE SPIRIT LEVEL	2	2011-08-03 15:45	0.79	17514	United Kingdom
537823	16168M	FUNKY MONKEY GIFT BAG MEDIUM	1	2010-12-08 14:25	0.85	UNKNOWN	United Kingdom
580027	23016	GLASS TWIST BON BON JAR	3	2011-12-01 12:01	7.85	14178	United Kingdom
543529	82486	WOOD S/3 CABINET ANT WHITE FINISH	1	2011-02-09 12:16	8.95	18109	United Kingdom
552467	22077	6 RIBBONS RUSTIC CHARM	12	2011-05-09 15:29	1.65	15249	United Kingdom
574672	22749	FELTCRAFT PRINCESS CHARLOTTE DOLL	1	2011-11-06 12:25	3.75	13532	United Kingdom
545216	15056N	EDWARDIAN PARASOL NATURAL	1	2011-02-28 16:50	12.46	UNKNOWN	United Kingdom
562936	23206	LUNCH BAG APPLE DESIGN	1	2011-08-10 17:12	1.65	UNKNOWN	United Kingdom
558475	21210	SET OF 72 RETROSPOT PAPER  DOILIES	1	2011-06-29 15:58	2.92	UNKNOWN	United Kingdom
568797	85099B	JUMBO BAG RED RETROSPOT	200	2011-09-29 10:22	1.75	13694	United Kingdom
554630	22709	WRAP WEDDING DAY	25	2011-05-25 11:34	0.42	13268	United Kingdom
563076	22625	RED KITCHEN SCALES	12	2011-08-11 16:12	7.65	14646	Netherlands
561022	23289	DOLLY GIRL CHILDRENS BOWL	12	2011-07-24 10:24	1.25	14800	United Kingdom
566017	22385	JUMBO BAG SPACEBOY DESIGN	10	2011-09-08 12:27	2.08	13330	United Kingdom
578993	23382	BOX OF 6 CHRISTMAS CAKE DECORATIONS	1	2011-11-27 15:38	3.75	15987	United Kingdom
558862	22751	FELTCRAFT PRINCESS OLIVIA DOLL	8	2011-07-04 12:25	3.75	13901	United Kingdom
537335	22941	CHRISTMAS LIGHTS 10 REINDEER	1	2010-12-06 12:15	8.5	15048	United Kingdom
570688	23375	50'S CHRISTMAS PAPER GIFT BAG	2	2011-10-11 16:29	1.63	UNKNOWN	United Kingdom
572082	23311	VINTAGE CHRISTMAS STOCKING	6	2011-10-20 14:18	2.55	17672	United Kingdom
554102	22834	HAND WARMER BABUSHKA DESIGN	3	2011-05-22 13:40	2.1	14647	United Kingdom
581191	23322	LARGE WHITE HEART OF WICKER	2	2011-12-07 16:56	2.95	17449	United Kingdom
553393	23201	JUMBO BAG ALPHABET	4	2011-05-16 16:46	4.13	UNKNOWN	United Kingdom
545398	22400	MAGNETS PACK OF 4 HOME SWEET HOME	12	2011-03-02 11:43	1.25	13722	United Kingdom
539737	22178	VICTORIAN GLASS HANGING T-LIGHT	1	2010-12-21 15:19	2.51	UNKNOWN	United Kingdom
576840	35970	ZINC FOLKART SLEIGH BELLS	1	2011-11-16 15:23	4.13	UNKNOWN	United Kingdom
560925	22558	CLOTHES PEGS RETROSPOT PACK 24	24	2011-07-22 09:02	1.65	15061	United Kingdom
577033	22737	RIBBON REEL CHRISTMAS PRESENT	5	2011-11-17 13:16	1.65	17797	United Kingdom
540817	82494L	WOODEN FRAME ANTIQUE WHITE	6	2011-01-11 12:56	2.95	14209	United Kingdom
547664	37482P	CUBIC MUG PINK POLKADOT	6	2011-03-24 13:16	0.39	13069	United Kingdom
562161	22969	HOMEMADE JAM SCENTED CANDLES	12	2011-08-03 11:58	1.45	17841	United Kingdom
565917	20914	SET/5 RED RETROSPOT LID GLASS BOWLS	1	2011-09-07 16:15	5.79	UNKNOWN	United Kingdom
578149	23328	SET 6 SCHOOL MILK BOTTLES IN CRATE	18	2011-11-23 11:11	7.46	UNKNOWN	United Kingdom
576067	22411	JUMBO SHOPPER VINTAGE RED PAISLEY	10	2011-11-13 15:48	2.08	14227	United Kingdom
566233	23433	HANGING QUILTED PATCHWORK APPLES	12	2011-09-11 11:04	0.83	12635	Germany
552574	84978	HANGING HEART JAR T-LIGHT HOLDER	36	2011-05-10 12:20	1.06	15311	United Kingdom
560772	22597	MUSICAL ZINC HEART DECORATION	1	2011-07-20 16:12	1.63	UNKNOWN	United Kingdom
567462	21787	RAIN PONCHO RETROSPOT	3	2011-09-20 12:35	0.85	14446	United Kingdom
576840	21975	PACK OF 60 DINOSAUR CAKE CASES	1	2011-11-16 15:23	1.25	UNKNOWN	United Kingdom
578846	21429	RED GINGHAM ROSE JEWELLERY BOX	2	2011-11-25 17:27	1.95	17757	United Kingdom
543010	22961	JAM MAKING SET PRINTED	12	2011-02-02 13:16	1.45	18250	United Kingdom
542057	22443	GROW YOUR OWN HERBS SET OF 3	1	2011-01-25 11:57	7.95	15967	United Kingdom
577024	23196	VINTAGE LEAF MAGNETIC NOTEPAD	1	2011-11-17 12:47	1.45	14704	United Kingdom
538177	47559B	TEA TIME OVEN GLOVE	1	2010-12-10 09:51	2.51	UNKNOWN	United Kingdom
545188	22548	HEADS AND TAILS SPORTING FUN	4	2011-02-28 15:19	1.25	14056	United Kingdom
578055	22071	SMALL WHITE RETROSPOT MUG IN BOX	3	2011-11-22 15:00	3.75	13986	United Kingdom
560434	22753	SMALL YELLOW BABUSHKA NOTEBOOK	1	2011-07-18 15:56	1.63	UNKNOWN	United Kingdom
573171	23581	JUMBO BAG PAISLEY PARK	10	2011-10-28 10:00	2.08	14218	United Kingdom
540458	22329	ROUND CONTAINER SET OF 5 RETROSPOT	12	2011-01-07 12:28	1.65	12501	Germany
562024	15058B	PINK POLKADOT GARDEN PARASOL	1	2011-08-01 16:07	10.79	UNKNOWN	United Kingdom
569486	22698	PINK REGENCY TEACUP AND SAUCER	1	2011-10-04 12:51	2.95	15339	United Kingdom
536370	10002	INFLATABLE POLITICAL GLOBE	48	2010-12-01 08:45	0.85	12583	France
580367	23163	REGENCY SUGAR TONGS	1	2011-12-02 16:39	4.96	UNKNOWN	United Kingdom
543826	22227	HANGING HEART MIRROR DECORATION	2	2011-02-14 09:41	1.25	UNKNOWN	United Kingdom
548313	22951	60 CAKE CASES DOLLY GIRL DESIGN	12	2011-03-30 12:15	0.55	15353	United Kingdom
556483	22721	SET OF 3 CAKE TINS SKETCHBOOK	1	2011-06-12 13:12	4.95	14823	United Kingdom
550470	17084N	FAIRY DREAMS INCENSE	1	2011-04-18 13:49	0.42	UNKNOWN	United Kingdom
557500	82583	HOT BATHS METAL SIGN	1	2011-06-20 15:27	4.13	UNKNOWN	United Kingdom
566817	23208	LUNCH BAG VINTAGE LEAF DESIGN	30	2011-09-15 10:53	1.65	16160	United Kingdom
557011	22411	JUMBO SHOPPER VINTAGE RED PAISLEY	10	2011-06-16 11:50	2.08	16279	United Kingdom
538518	21014	SWISS CHALET TREE DECORATION	1	2010-12-12 16:14	0.85	14505	United Kingdom
562574	22796	PHOTO FRAME 3 CLASSIC HANGING	2	2011-08-07 12:42	9.95	14903	United Kingdom
542106	22627	MINT KITCHEN SCALES	12	2011-01-25 13:37	7.65	12709	Germany
558888	21890	S/6 WOODEN SKITTLES IN COTTON BAG	1	2011-07-04 15:29	3.25	14056	United Kingdom
559051	21746	SMALL RED RETROSPOT WINDMILL	1	2011-07-05 16:47	2.46	UNKNOWN	United Kingdom
542886	22933	BAKING MOULD EASTER EGG MILK CHOC	2	2011-02-01 13:09	2.95	16515	United Kingdom
554694	21912	VINTAGE SNAKES & LADDERS	1	2011-05-25 17:06	7.46	UNKNOWN	United Kingdom
567128	22636	CHILDS BREAKFAST SET CIRCUS PARADE	2	2011-09-16 14:04	8.5	18055	United Kingdom
568162	23240	SET OF 4 KNICK KNACK TINS DOILY	6	2011-09-25 12:32	4.15	14194	United Kingdom
570249	21913	VINTAGE SEASIDE JIGSAW PUZZLES	4	2011-10-10 08:58	3.75	17509	United Kingdom
563712	22630	DOLLY GIRL LUNCH BOX	12	2011-08-18 15:44	1.95	12680	France
545165	20971	PINK BLUE FELT CRAFT TRINKET BOX	2	2011-02-28 13:41	1.25	16339	United Kingdom
548670	82552	WASHROOM METAL SIGN	3	2011-04-01 15:37	1.45	15356	United Kingdom
580956	20970	PINK FLORAL FELTCRAFT SHOULDER BAG	2	2011-12-06 14:23	3.75	17841	United Kingdom
573153	22138	BAKING SET 9 PIECE RETROSPOT	72	2011-10-28 07:39	4.25	12678	France
547888	84375	SET OF 20 KIDS COOKIE CUTTERS	12	2011-03-28 09:59	2.1	13368	United Kingdom
569331	23254	CHILDRENS CUTLERY DOLLY GIRL	4	2011-10-03 13:39	4.15	16875	United Kingdom
565801	20712	JUMBO BAG WOODLAND ANIMALS	10	2011-09-07 10:28	2.08	12685	France
547374	22523	CHILDS GARDEN FORK PINK	1	2011-03-22 13:54	0.85	16110	United Kingdom
572224	22812	PACK 3 BOXES CHRISTMAS PANNETONE	96	2011-10-21 13:46	1.65	16558	United Kingdom
554694	46776B	WOVEN BERRIES CUSHION COVER	2	2011-05-25 17:06	4.13	UNKNOWN	United Kingdom
568701	23263	SET OF 3 WOODEN HEART DECORATIONS	12	2011-09-28 15:07	1.25	13924	United Kingdom
536862	22178	VICTORIAN GLASS HANGING T-LIGHT	3	2010-12-03 11:13	2.51	UNKNOWN	United Kingdom
557967	23147	SINGLE ANTIQUE ROSE HOOK IVORY	12	2011-06-24 09:40	1.45	17704	United Kingdom
555470	84997C	CHILDRENS CUTLERY POLKADOT BLUE	4	2011-06-03 11:33	4.15	12455	Spain
565994	22698	PINK REGENCY TEACUP AND SAUCER	2	2011-09-08 11:46	2.95	13244	United Kingdom
559876	84596B	SMALL DOLLY MIX DESIGN ORANGE BOWL	8	2011-07-13 11:09	0.42	15752	United Kingdom
554382	22445	PENCIL CASE LIFE IS BEAUTIFUL	6	2011-05-24 11:55	2.95	17365	United Kingdom
544412	21830	ASSORTED CREEPY CRAWLIES	24	2011-02-18 14:21	0.42	16531	United Kingdom
559097	21429	RED GINGHAM ROSE JEWELLERY BOX	8	2011-07-06 10:59	1.95	17562	United Kingdom
542789	21165	BEWARE OF THE CAT METAL SIGN	48	2011-02-01 10:38	1.45	17511	United Kingdom
578347	22988	SOLDIERS EGG CUP	9	2011-11-24 09:26	2.46	UNKNOWN	United Kingdom
544108	22326	ROUND SNACK BOXES SET OF4 WOODLAND	48	2011-02-16 10:53	2.55	12653	Israel
558045	21156	RETROSPOT CHILDRENS APRON	8	2011-06-24 13:35	1.95	12615	France
579408	23354	6 GIFT TAGS 50'S CHRISTMAS	2	2011-11-29 12:34	0.83	14701	United Kingdom
547075	22677	FRENCH BLUE METAL DOOR SIGN 2	10	2011-03-20 14:35	1.25	15288	United Kingdom
536859	22573	STAR WOODEN CHRISTMAS DECORATION	10	2010-12-03 10:43	0.85	12841	United Kingdom
555207	22469	HEART OF WICKER SMALL	12	2011-06-01 12:19	1.65	16818	United Kingdom
569243	23424	GINGHAM RECIPE BOOK BOX	4	2011-10-03 09:44	4.95	13344	United Kingdom
578068	22666	RECIPE BOX PANTRY YELLOW DESIGN	1	2011-11-22 15:45	2.95	14505	United Kingdom
575898	23321	SMALL WHITE HEART OF WICKER	1	2011-11-11 15:08	1.65	16368	United Kingdom
541695	48173C	DOORMAT BLACK FLOCK	1	2011-01-20 18:01	14.13	UNKNOWN	United Kingdom
561894	22489	PACK OF 12 TRADITIONAL CRAYONS	2	2011-07-31 15:00	0.42	14456	United Kingdom
562934	23201	JUMBO BAG ALPHABET	2	2011-08-10 16:56	4.13	UNKNOWN	United Kingdom
577603	21463	MIRRORED DISCO BALL	2	2011-11-21 08:40	5.95	15500	United Kingdom
578814	21497	FANCY FONTS BIRTHDAY WRAP	25	2011-11-25 13:40	0.42	12748	United Kingdom
574573	22607	WOODEN ROUNDERS GARDEN SET	1	2011-11-04 16:35	9.95	14592	United Kingdom
538518	84970L	SINGLE HEART ZINC T-LIGHT HOLDER	6	2010-12-12 16:14	0.95	14505	United Kingdom
573311	47591D	PINK FAIRY CAKE CHILDRENS APRON	1	2011-10-28 16:45	1.95	14071	United Kingdom
557208	21931	JUMBO STORAGE BAG SUKI	10	2011-06-17 11:38	2.08	16172	United Kingdom
536604	85231B	CINAMMON SET OF 9 T-LIGHTS	12	2010-12-02 08:43	0.85	14741	United Kingdom
573274	22197	POPCORN HOLDER	13	2011-10-28 13:10	2.46	UNKNOWN	United Kingdom
571714	23493	VINTAGE DOILY TRAVEL SEWING KIT	1	2011-10-18 17:00	3.29	UNKNOWN	United Kingdom
564049	23309	SET OF 60 I LOVE LONDON CAKE CASES	1	2011-08-22 13:30	0.55	17585	United Kingdom
541256	21985	PACK OF 12 HEARTS DESIGN TISSUES	24	2011-01-16 14:36	0.29	13048	United Kingdom
542776	17021	NAMASTE SWAGAT INCENSE	36	2011-02-01 08:23	0.3	15240	United Kingdom
544177	82583	HOT BATHS METAL SIGN	12	2011-02-16 14:27	2.1	13001	United Kingdom
556475	23322	LARGE WHITE HEART OF WICKER	6	2011-06-12 12:03	2.95	18109	United Kingdom
575621	22469	HEART OF WICKER SMALL	3	2011-11-10 13:03	1.65	16892	United Kingdom
560245	22110	BIRD HOUSE HOT WATER BOTTLE	1	2011-07-17 12:15	2.55	UNKNOWN	Switzerland
580695	21810	CHRISTMAS HANGING STAR WITH BELL	3	2011-12-05 16:03	0.39	13230	United Kingdom
565854	21936	RED RETROSPOT PICNIC BAG	10	2011-09-07 13:22	2.95	12490	France
578827	21251	DINOSAUR HEIGHT CHART STICKER SET	1	2011-11-25 14:25	5.79	UNKNOWN	United Kingdom
574892	22382	LUNCH BAG SPACEBOY DESIGN	1	2011-11-07 14:40	1.65	14700	United Kingdom
570192	23504	PLAYING CARDS JUBILEE UNION JACK	12	2011-10-07 15:26	1.25	17509	United Kingdom
571684	23271	CHRISTMAS TABLE SILVER CANDLE SPIKE	6	2011-10-18 14:11	0.83	16730	United Kingdom
577594	23352	ROLL WRAP 50'S RED CHRISTMAS	9	2011-11-20 16:07	1.25	13142	United Kingdom
557473	22584	PACK OF 6 PANNETONE GIFT BOXES	6	2011-06-20 13:28	2.55	17428	United Kingdom
553946	23118	PARISIENNE JEWELLERY DRAWER	2	2011-05-20 10:48	7.5	15601	United Kingdom
572133	21217	RED RETROSPOT ROUND CAKE TINS	3	2011-10-21 10:11	9.95	12407	Belgium
547488	22472	TV DINNER TRAY DOLLY GIRL	1	2011-03-23 11:30	4.95	13821	United Kingdom
569225	82482	WOODEN PICTURE FRAME WHITE FINISH	6	2011-10-02 14:25	2.95	16930	United Kingdom
567865	23559	WOODLAND BUNNIES LOLLY MAKERS	6	2011-09-22 14:11	2.08	17311	United Kingdom
556243	22508	DOORSTOP RETROSPOT HEART	1	2011-06-09 16:07	7.46	UNKNOWN	United Kingdom
542408	84997D	PINK 3 PIECE POLKADOT CUTLERY SET	4	2011-01-27 16:29	3.75	13280	United Kingdom
545085	85099B	JUMBO BAG RED RETROSPOT	20	2011-02-28 11:19	1.95	15039	United Kingdom
562558	84692	BOX OF 24 COCKTAIL PARASOLS	11	2011-08-05 16:43	0.42	13451	United Kingdom
563680	22667	RECIPE BOX RETROSPOT	6	2011-08-18 12:06	2.95	18272	United Kingdom
580367	20726	LUNCH BAG WOODLAND	2	2011-12-02 16:39	4.13	UNKNOWN	United Kingdom
573373	84991	60 TEATIME FAIRY CAKE CASES	1	2011-10-30 13:37	0.55	14684	United Kingdom
542862	21846	PINK DIAMANTE PEN IN GIFT BOX	2	2011-02-01 11:51	4.95	14606	United Kingdom
550331	21875	KINGS CHOICE MUG	6	2011-04-17 13:43	1.25	15555	United Kingdom
544921	21912	VINTAGE SNAKES & LADDERS	24	2011-02-24 16:35	3.75	17090	United Kingdom
580115	72800E	4 IVORY DINNER CANDLES SILVER FLOCK	1	2011-12-01 16:22	3.29	UNKNOWN	United Kingdom
550836	22171	3 HOOK PHOTO SHELF ANTIQUE WHITE	2	2011-04-21 10:55	8.5	14759	United Kingdom
574896	22090	PAPER BUNTING RETROSPOT	1	2011-11-07 14:51	2.95	17014	United Kingdom
568716	84247E	PACK OF 12 CHRISTMAS FUN CARDS	1	2011-09-28 16:13	2.46	UNKNOWN	United Kingdom
572703	22951	60 CAKE CASES DOLLY GIRL DESIGN	2	2011-10-25 14:35	0.55	16110	United Kingdom
545996	22993	SET OF 4 PANTRY JELLY MOULDS	4	2011-03-08 14:12	1.25	14367	United Kingdom
570465	23189	SET OF 12 FORK CANDLES	1	2011-10-10 16:02	5.79	UNKNOWN	United Kingdom
553189	22367	CHILDRENS APRON SPACEBOY DESIGN	1	2011-05-15 13:14	1.95	15033	United Kingdom
573866	22842	BISCUIT TIN VINTAGE RED	2	2011-11-01 12:06	6.75	17495	United Kingdom
541422	22141	CHRISTMAS CRAFT TREE TOP ANGEL	1	2011-01-17 17:48	4.13	UNKNOWN	United Kingdom
575176	22144	CHRISTMAS CRAFT LITTLE FRIENDS	2	2011-11-08 18:29	4.13	UNKNOWN	United Kingdom
559357	23298	SPOTTY BUNTING	8	2011-07-07 18:56	4.95	17107	United Kingdom
551172	22227	HANGING HEART MIRROR DECORATION	3	2011-04-26 16:53	0.65	17854	United Kingdom
556036	23245	SET OF 3 REGENCY CAKE TINS	4	2011-06-08 12:37	4.95	15159	United Kingdom
547788	21472	LADYBIRD + BEE RAFFIA FOOD COVER	1	2011-03-25 12:00	7.46	UNKNOWN	United Kingdom
562913	21650	ASSORTED TUTTI FRUTTI BRACELET	24	2011-08-10 13:19	0.19	17042	United Kingdom
578312	23084	RABBIT NIGHT LIGHT	48	2011-11-23 16:24	1.79	14032	United Kingdom
571035	23240	SET OF 4 KNICK KNACK TINS DOILY	6	2011-10-13 12:50	4.15	12446	RSA
541410	21755	LOVE BUILDING BLOCK WORD	6	2011-01-17 16:06	5.95	13089	United Kingdom
552188	21238	RED RETROSPOT CUP	8	2011-05-06 14:01	0.85	12394	Belgium
580771	22343	PARTY PIZZA DISH RED RETROSPOT	6	2011-12-06 10:58	0.19	16015	United Kingdom
560188	23317	BLUE REFECTORY CLOCK	2	2011-07-15 12:10	9.95	18229	United Kingdom
573038	21367	MIRRORED WALL ART GENTS	2	2011-10-27 13:48	0.75	17545	United Kingdom
575298	23264	SET OF 3 WOODEN SLEIGH DECORATIONS	5	2011-11-09 12:29	1.25	17841	United Kingdom
577699	22908	PACK OF 20 NAPKINS RED APPLES	12	2011-11-21 12:06	0.85	13971	United Kingdom
552318	90081A	LILY BROOCH AMETHYST COLOUR	2	2011-05-08 16:13	4.95	17231	United Kingdom
580635	23226	FILIGREE HEART DAISY WHITE	4	2011-12-05 12:30	1.25	14649	United Kingdom
550651	37370	RETRO COFFEE MUGS ASSORTED	1	2011-04-19 16:52	1.25	15436	United Kingdom
554359	21933	PINK VINTAGE PAISLEY PICNIC BAG	10	2011-05-24 09:56	1.65	13590	United Kingdom
540551	21935	SUKI  SHOULDER BAG	9	2011-01-10 09:43	1.66	UNKNOWN	United Kingdom
565234	22629	SPACEBOY LUNCH BOX	1	2011-09-02 09:38	4.13	UNKNOWN	United Kingdom
559507	35833P	4 PINK FLOCK CHRISTMAS BALLS	1	2011-07-08 15:22	1.25	15920	United Kingdom
540026	84031A	CHARLIE+LOLA RED HOT WATER BOTTLE	1	2011-01-04 13:25	4.21	UNKNOWN	United Kingdom
559027	20724	RED RETROSPOT CHARLOTTE BAG	10	2011-07-05 14:24	0.85	17046	United Kingdom
563940	22385	JUMBO BAG SPACEBOY DESIGN	10	2011-08-22 09:30	2.08	17416	United Kingdom
542929	21033	JUMBO BAG CHARLIE AND LOLA TOYS	5	2011-02-02 10:34	2.95	17811	United Kingdom
577173	23318	BOX OF 6 MINI VINTAGE CRACKERS	12	2011-11-18 10:57	2.49	14849	United Kingdom
547820	21891	TRADITIONAL WOODEN SKIPPING ROPE	12	2011-03-25 14:46	1.25	13743	United Kingdom
557639	22150	3 STRIPEY MICE FELTCRAFT	1	2011-06-21 16:13	1.95	12933	United Kingdom
542085	20978	36 PENCILS TUBE SKULLS	16	2011-01-25 12:33	1.25	14534	United Kingdom
557969	23204	CHARLOTTE BAG APPLES DESIGN	10	2011-06-24 10:03	0.85	13856	United Kingdom
577497	22075	6 RIBBONS ELEGANT CHRISTMAS	4	2011-11-20 12:22	1.65	17555	United Kingdom
539595	21481	FAWN BLUE HOT WATER BOTTLE	11	2010-12-20 13:43	2.95	UNKNOWN	United Kingdom
540533	20713	JUMBO BAG OWLS	3	2011-01-09 14:12	1.95	15005	United Kingdom
549436	21915	RED  HARMONICA IN BOX	24	2011-04-08 12:34	1.25	18041	United Kingdom
575867	21733	RED HANGING HEART T-LIGHT HOLDER	3	2011-11-11 12:44	2.95	15034	United Kingdom
571913	22466	FAIRY TALE COTTAGE NIGHT LIGHT	12	2011-10-19 15:29	1.95	18210	United Kingdom
542345	21385	IVORY HANGING DECORATION  HEART	6	2011-01-27 11:55	0.85	15910	United Kingdom
568787	90210B	CLEAR ACRYLIC FACETED BANGLE	6	2011-09-29 09:19	2.95	13741	United Kingdom
579885	23093	SMALL PARISIENNE HEART PHOTO FRAME	2	2011-11-30 17:37	2.49	15444	United Kingdom
572680	22852	DOG BOWL VINTAGE CREAM	1	2011-10-25 13:48	4.25	UNKNOWN	Portugal
580294	21411	GINGHAM HEART  DOORSTOP RED	1	2011-12-02 13:46	1.95	17364	United Kingdom
544093	22646	CERAMIC STRAWBERRY CAKE MONEY BANK	12	2011-02-16 09:08	1.45	13750	United Kingdom
537694	22960	JAM MAKING SET WITH JARS	8	2010-12-08 10:46	4.25	14901	United Kingdom
579468	22619	SET OF 6 SOLDIER SKITTLES	1	2011-11-29 14:58	3.75	14711	United Kingdom
572617	23198	PANTRY MAGNETIC  SHOPPING LIST	12	2011-10-25 11:52	1.45	18272	United Kingdom
572074	23382	BOX OF 6 CHRISTMAS CAKE DECORATIONS	6	2011-10-20 13:54	3.75	16284	United Kingdom
538069	22598	CHRISTMAS MUSICAL ZINC TREE	1	2010-12-09 14:08	0.85	16795	United Kingdom
573137	22384	LUNCH BAG PINK POLKADOT	1	2011-10-27 17:15	4.13	UNKNOWN	United Kingdom
550987	21447	12 IVORY ROSE PEG PLACE SETTINGS	4	2011-04-21 18:10	2.46	UNKNOWN	United Kingdom
576365	22077	6 RIBBONS RUSTIC CHARM	60	2011-11-14 17:55	4.95	UNKNOWN	United Kingdom
570388	22697	GREEN REGENCY TEACUP AND SAUCER	6	2011-10-10 12:37	2.95	14911	EIRE
580403	21755	LOVE BUILDING BLOCK WORD	4	2011-12-04 11:56	6.25	17858	United Kingdom
554098	84509A	SET OF 4 ENGLISH ROSE PLACEMATS	2	2011-05-22 13:01	3.75	14769	United Kingdom
543913	22624	IVORY KITCHEN SCALES	1	2011-02-14 13:11	8.5	17591	United Kingdom
550106	20682	RED RETROSPOT CHILDRENS UMBRELLA	1	2011-04-14 12:31	3.25	13772	United Kingdom
571276	23356	LOVE HOT WATER BOTTLE	1	2011-10-16 12:30	5.95	14702	United Kingdom
575757	23192	BUNDLE OF 3 ALPHABET EXERCISE BOOKS	5	2011-11-11 10:49	1.65	17295	United Kingdom
536754	20727	LUNCH BAG  BLACK SKULL.	3	2010-12-02 14:09	1.65	14449	United Kingdom
564760	84380	SET OF 3 BUTTERFLY COOKIE CUTTERS	1	2011-08-30 10:47	2.46	UNKNOWN	United Kingdom
539437	22654	DELUXE SEWING KIT	6	2010-12-17 14:54	11.87	UNKNOWN	United Kingdom
555150	23110	PARISIENNE KEY CABINET	2	2011-05-31 15:53	12.46	UNKNOWN	United Kingdom
571918	22203	MILK PAN RED RETROSPOT	1	2011-10-19 16:05	3.75	17350	United Kingdom
544094	21242	RED RETROSPOT PLATE	8	2011-02-16 09:11	1.69	15810	United Kingdom
572552	22093	MOTORING TISSUE BOX	1	2011-10-24 17:07	2.46	14096	United Kingdom
568048	23401	RUSTIC MIRROR WITH LACE HEART	2	2011-09-23 12:36	6.25	14911	EIRE
539958	21706	FOLDING UMBRELLA RED/WHITE POLKADOT	7	2010-12-23 13:26	3.36	UNKNOWN	United Kingdom
567666	21672	WHITE SPOT RED CERAMIC DRAWER KNOB	12	2011-09-21 15:23	1.45	12520	Germany
566757	21132	SILVER STANDING GNOME	1	2011-09-14 15:54	8.29	UNKNOWN	United Kingdom
557793	85032A	ROMANTIC IMAGES GIFT WRAP SET	1	2011-06-22 17:30	0.65	14998	United Kingdom
565930	23242	TREASURE TIN BUFFALO BILL	6	2011-09-08 10:32	2.08	12685	France
576070	22804	PINK HANGING HEART T-LIGHT HOLDER	3	2011-11-13 15:58	2.95	13451	United Kingdom
553739	22570	FELTCRAFT CUSHION RABBIT	4	2011-05-19 09:23	3.75	14895	United Kingdom
573601	21928	JUMBO BAG SCANDINAVIAN BLUE PAISLEY	2	2011-10-31 15:24	4.13	UNKNOWN	United Kingdom
545410	22722	SET OF 6 SPICE TINS PANTRY DESIGN	4	2011-03-02 12:18	3.95	16670	United Kingdom
537434	21703	BAG 125G SWIRLY MARBLES	2	2010-12-06 16:57	0.85	UNKNOWN	United Kingdom
550320	21976	PACK OF 60 MUSHROOM CAKE CASES	2	2011-04-17 12:37	0.55	12748	United Kingdom
540505	22062	CERAMIC BOWL WITH LOVE HEART DESIGN	6	2011-01-09 11:05	2.95	17095	United Kingdom
552333	22423	REGENCY CAKESTAND 3 TIER	1	2011-05-09 10:38	12.75	15039	United Kingdom
549320	22266	EASTER DECORATION HANGING BUNNY	4	2011-04-08 10:14	0.65	16010	United Kingdom
540704	82483	WOOD 2 DRAWER CABINET WHITE FINISH	4	2011-01-11 10:04	5.95	17742	United Kingdom
551995	21090	SET/6 COLLAGE PAPER PLATES	1	2011-05-05 15:42	0.83	UNKNOWN	United Kingdom
549052	22384	LUNCH BAG PINK POLKADOT	10	2011-04-06 10:19	1.65	17682	United Kingdom
542344	22381	TOY TIDY PINK POLKADOT	1	2011-01-27 11:30	4.13	UNKNOWN	United Kingdom
548674	90160C	TURQ+RED BOUDICCA LARGE BRACELET	1	2011-04-01 16:38	6.95	UNKNOWN	United Kingdom
539490	22723	SET OF 6 HERB TINS SKETCHBOOK	4	2010-12-20 10:00	3.95	17069	United Kingdom
547864	85186A	EASTER BUNNY GARLAND OF FLOWERS	5	2011-03-27 13:10	0.42	15716	United Kingdom
574260	21259	VICTORIAN SEWING BOX SMALL	4	2011-11-03 13:58	5.95	13014	United Kingdom
573585	47310M	SMALL POP BOX FUNKY MONKEY	7	2011-10-31 14:41	1.63	UNKNOWN	United Kingdom
576339	22940	FELTCRAFT CHRISTMAS FAIRY	1	2011-11-14 15:27	8.29	14096	United Kingdom
571407	85014B	RED RETROSPOT UMBRELLA	6	2011-10-17 12:16	5.95	13750	United Kingdom
557959	15058A	BLUE POLKADOT GARDEN PARASOL	1	2011-06-23 19:29	7.95	17351	United Kingdom
556542	22551	PLASTERS IN TIN SPACEBOY	4	2011-06-13 12:52	1.65	14719	United Kingdom
576326	21175	GIN + TONIC DIET METAL SIGN	1	2011-11-14 15:18	2.55	16504	United Kingdom
568057	22721	SET OF 3 CAKE TINS SKETCHBOOK	1	2011-09-23 12:56	10.79	UNKNOWN	United Kingdom
544449	21535	RED RETROSPOT SMALL MILK JUG	2	2011-02-20 12:14	2.55	16115	United Kingdom
539439	20970	PINK FLORAL FELTCRAFT SHOULDER BAG	4	2010-12-17 15:14	3.75	13869	United Kingdom
570836	23192	BUNDLE OF 3 ALPHABET EXERCISE BOOKS	12	2011-10-12 13:55	1.65	17410	United Kingdom
541282	23233	WRAP POPPIES  DESIGN	25	2011-01-17 12:31	0.42	17690	United Kingdom
559817	22610	PENS ASSORTED FUNNY FACE	13	2011-07-12 16:20	0.42	UNKNOWN	United Kingdom
542147	21754	HOME BUILDING BLOCK WORD	6	2011-01-26 10:02	5.95	12782	Portugal
580128	23061	VINTAGE EMBOSSED HEART	6	2011-12-01 17:56	1.25	17576	United Kingdom
550315	15036	ASSORTED COLOURS SILK FAN	24	2011-04-17 11:44	0.83	17990	United Kingdom
581492	22619	SET OF 6 SOLDIER SKITTLES	4	2011-12-09 10:03	7.46	UNKNOWN	United Kingdom
580282	22722	SET OF 6 SPICE TINS PANTRY DESIGN	4	2011-12-02 13:17	3.95	14428	United Kingdom
571508	21211	SET OF 72 SKULL PAPER  DOILIES	2	2011-10-17 15:27	2.92	UNKNOWN	United Kingdom
568174	22632	HAND WARMER RED RETROSPOT	2	2011-09-25 13:23	2.1	16261	United Kingdom
571282	20679	EDWARDIAN PARASOL RED	1	2011-10-16 13:24	5.95	15545	United Kingdom
538211	84029G	KNITTED UNION FLAG HOT WATER BOTTLE	4	2010-12-10 11:47	3.75	17690	United Kingdom
538566	21485	RETROSPOT HEART HOT WATER BOTTLE	2	2010-12-13 11:21	11.02	UNKNOWN	United Kingdom
566482	22852	DOG BOWL VINTAGE CREAM	4	2011-09-13 09:43	4.25	16609	United Kingdom
570664	22208	WOOD STAMP SET THANK YOU	1	2011-10-11 14:21	0.83	16362	United Kingdom
562843	22224	WHITE LOVEBIRD LANTERN	1	2011-08-09 17:37	5.79	UNKNOWN	United Kingdom
576236	22138	BAKING SET 9 PIECE RETROSPOT	2	2011-11-14 13:31	4.95	13755	United Kingdom
549874	22400	MAGNETS PACK OF 4 HOME SWEET HOME	2	2011-04-12 15:23	1.25	16919	United Kingdom
559338	84510A	SET OF 4 ENGLISH ROSE COASTERS	1	2011-07-07 16:30	2.46	UNKNOWN	United Kingdom
580965	23174	REGENCY SUGAR BOWL GREEN	4	2011-12-06 14:52	4.15	12417	Belgium
572561	23424	GINGHAM RECIPE BOOK BOX	4	2011-10-25 08:51	4.95	13652	United Kingdom
566171	22383	LUNCH BAG SUKI DESIGN	1	2011-09-09 12:22	1.65	18118	United Kingdom
554056	37479P	CUBIC MUG FLOCK PINK ON BROWN	1	2011-05-20 15:40	0.39	UNKNOWN	United Kingdom
537666	21912	VINTAGE SNAKES & LADDERS	2	2010-12-07 18:36	7.62	UNKNOWN	United Kingdom
563213	23301	GARDENERS KNEELING PAD KEEP CALM	3	2011-08-14 12:55	1.65	16115	United Kingdom
574561	23120	PACK OF 6 SMALL FRUIT STRAWS	5	2011-11-04 15:52	0.79	UNKNOWN	United Kingdom
561651	22079	RIBBON REEL HEARTS DESIGN	1	2011-07-28 15:36	3.29	UNKNOWN	United Kingdom
552953	20723	STRAWBERRY CHARLOTTE BAG	40	2011-05-12 12:11	0.85	16745	United Kingdom
578290	23557	LANDMARK FRAME BAKER STREET	3	2011-11-23 14:07	12.5	13644	United Kingdom
552295	23043	PAPER LANTERN 9 POINT HOLLY STAR L	1	2011-05-08 14:08	6.25	14224	United Kingdom
556296	22925	BLUE GIANT GARDEN THERMOMETER	2	2011-06-10 09:44	5.95	15114	United Kingdom
557938	21716	BOYS VINTAGE TIN SEASIDE BUCKET	1	2011-06-23 15:35	4.96	UNKNOWN	United Kingdom
578901	22585	PACK OF 6 BIRDY GIFT TAGS	1	2011-11-27 11:47	1.25	17812	United Kingdom
562711	72802A	ROSE SCENT CANDLE IN JEWELLED BOX	1	2011-08-08 14:53	4.25	16788	United Kingdom
574491	22492	MINI PAINT SET VINTAGE	36	2011-11-04 13:05	0.65	16318	United Kingdom
580367	23204	CHARLOTTE BAG APPLES DESIGN	2	2011-12-02 16:39	1.63	UNKNOWN	United Kingdom
578255	23289	DOLLY GIRL CHILDRENS BOWL	1	2011-11-23 12:58	1.25	14675	United Kingdom
558540	22627	MINT KITCHEN SCALES	3	2011-06-30 12:15	8.5	17706	United Kingdom
569700	23393	HOME SWEET HOME CUSHION COVER	1	2011-10-05 15:56	10.79	UNKNOWN	United Kingdom
547903	22424	ENAMEL BREAD BIN CREAM	1	2011-03-28 11:59	12.75	15039	United Kingdom
540455	22726	ALARM CLOCK BAKELIKE GREEN	16	2011-01-07 12:07	3.75	12583	France
568364	22669	RED BABY BUNTING	5	2011-09-26 15:43	2.95	16999	United Kingdom
559050	23120	PACK OF 6 SMALL FRUIT STRAWS	288	2011-07-05 16:08	0.36	13694	United Kingdom
557311	22413	METAL SIGN TAKE IT OR LEAVE IT	2	2011-06-19 15:36	2.95	15700	United Kingdom
579471	21731	RED TOADSTOOL LED NIGHT LIGHT	2	2011-11-29 15:08	4.13	UNKNOWN	United Kingdom
572658	23245	SET OF 3 REGENCY CAKE TINS	4	2011-10-25 12:29	4.95	17690	United Kingdom
548194	22077	6 RIBBONS RUSTIC CHARM	1	2011-03-29 15:30	3.29	UNKNOWN	United Kingdom
579777	21555	CERAMIC STRAWBERRY TRINKET TRAY	2	2011-11-30 15:13	2.46	UNKNOWN	United Kingdom
557793	21843	RED RETROSPOT CAKE STAND	4	2011-06-22 17:30	10.95	14998	United Kingdom
542741	22707	WRAP MONSTER FUN	25	2011-01-31 16:02	0.42	17375	United Kingdom
548664	22325	MOBILE VINTAGE HEARTS	3	2011-04-01 14:45	4.95	14911	EIRE
539647	37370	RETRO COFFEE MUGS ASSORTED	3	2010-12-20 16:08	1.25	15460	United Kingdom
569687	22149	FELTCRAFT 6 FLOWER FRIENDS	6	2011-10-05 14:53	2.1	13709	United Kingdom
565231	22894	TABLECLOTH RED APPLES DESIGN	1	2011-09-02 09:26	20.79	UNKNOWN	United Kingdom
538056	22071	SMALL WHITE RETROSPOT MUG IN BOX	2	2010-12-09 13:34	3.75	17198	United Kingdom
554098	23254	CHILDRENS CUTLERY DOLLY GIRL	2	2011-05-22 13:01	4.15	14769	United Kingdom
565117	23028	DRAWER KNOB CRACKLE GLAZE BLUE	24	2011-09-01 11:33	1.65	13089	United Kingdom
576014	23103	JINGLE BELL HEART DECORATION	3	2011-11-13 14:29	1.65	17218	United Kingdom
569999	23166	MEDIUM CERAMIC TOP STORAGE JAR	24	2011-10-07 08:49	1.25	17030	United Kingdom
571082	22944	CHRISTMAS METAL POSTCARD WITH BELLS	6	2011-10-13 15:25	0.97	UNKNOWN	United Kingdom
569461	22734	SET OF 6 RIBBONS VINTAGE CHRISTMAS	12	2011-10-04 11:36	2.89	16556	United Kingdom
544455	37495	FAIRY CAKE BIRTHDAY CANDLE SET	1	2011-02-20 13:18	3.75	13097	United Kingdom
562099	79321	CHILLI LIGHTS	4	2011-08-02 13:46	5.75	14688	United Kingdom
554151	22442	GROW YOUR OWN FLOWERS SET OF 3	2	2011-05-23 11:07	7.95	14049	United Kingdom
555473	22355	CHARLOTTE BAG SUKI DESIGN	10	2011-06-03 11:59	0.85	14700	United Kingdom
545719	22666	RECIPE BOX PANTRY YELLOW DESIGN	6	2011-03-07 10:28	2.95	13344	United Kingdom
557119	21668	RED STRIPE CERAMIC DRAWER KNOB	36	2011-06-16 17:08	1.25	17416	United Kingdom
580687	21990	MODERN FLORAL STATIONERY SET	12	2011-12-05 15:38	1.25	16379	United Kingdom
541103	22759	SET OF 3 NOTEBOOKS IN PARCEL	12	2011-01-13 14:24	1.65	14215	United Kingdom
558105	21212	PACK OF 72 RETROSPOT CAKE CASES	2	2011-06-26 14:54	0.55	15644	United Kingdom
568949	22271	FELTCRAFT DOLL ROSIE	1	2011-09-29 15:13	5.79	UNKNOWN	United Kingdom
555350	47590A	BLUE HAPPY BIRTHDAY BUNTING	3	2011-06-02 12:08	5.45	17652	United Kingdom
558076	22606	WOODEN SKITTLES GARDEN SET	8	2011-06-24 17:35	12.75	14031	United Kingdom
555851	84987	SET OF 36 TEATIME PAPER DOILIES	2	2011-06-07 13:37	1.45	13050	United Kingdom
558096	22759	SET OF 3 NOTEBOOKS IN PARCEL	3	2011-06-26 13:24	1.65	15532	United Kingdom
547520	22383	LUNCH BAG SUKI DESIGN	10	2011-03-23 14:55	1.65	12564	France
573085	23111	PARISIENNE SEWING BOX	8	2011-10-27 14:27	10.4	14441	United Kingdom
556459	20667	CHERRY BLOSSOM PURSE	1	2011-06-10 17:25	2.46	UNKNOWN	United Kingdom
550464	21060	PARTY INVITES BALLOON GIRL	3	2011-04-18 13:30	0.85	16550	United Kingdom
548874	22191	IVORY DINER WALL CLOCK	2	2011-04-04 15:18	8.5	17716	United Kingdom
552185	20675	BLUE POLKADOT BOWL	16	2011-05-06 13:52	1.25	12921	United Kingdom
553167	21155	RED RETROSPOT PEG BAG	1	2011-05-13 16:19	4.96	UNKNOWN	United Kingdom
564742	23334	IVORY WICKER HEART SMALL	2	2011-08-28 15:01	0.63	17346	United Kingdom
544645	21704	BAG 250G SWIRLY MARBLES	48	2011-02-22 11:58	0.85	16843	United Kingdom
564056	23231	WRAP  VINTAGE DOILY	25	2011-08-22 14:13	0.42	14387	United Kingdom
541999	22530	MAGIC DRAWING SLATE DOLLY GIRL	1	2011-01-25 10:45	0.83	UNKNOWN	United Kingdom
550987	22727	ALARM CLOCK BAKELIKE RED	1	2011-04-21 18:10	7.46	UNKNOWN	United Kingdom
570404	20992	JAZZ HEARTS PURSE NOTEBOOK	24	2011-10-10 12:50	0.39	16395	United Kingdom
541516	90125B	AQUA BERTIE GLASS BEAD BAG CHARM	1	2011-01-18 17:34	1.63	UNKNOWN	United Kingdom
556290	22920	HERB MARKER BASIL	12	2011-06-10 09:23	0.65	17088	United Kingdom
573993	23355	HOT WATER BOTTLE KEEP CALM	4	2011-11-02 11:23	4.95	16790	United Kingdom
565668	21668	RED STRIPE CERAMIC DRAWER KNOB	96	2011-09-06 09:15	1.25	15291	United Kingdom
562113	23182	TOILET SIGN OCCUPIED OR VACANT	1	2011-08-02 16:11	2.46	UNKNOWN	United Kingdom
556237	21731	RED TOADSTOOL LED NIGHT LIGHT	4	2011-06-09 15:34	3.29	UNKNOWN	United Kingdom
554089	22668	PINK BABY BUNTING	5	2011-05-22 12:16	2.95	13527	United Kingdom
553856	22649	STRAWBERRY FAIRY CAKE TEAPOT	1	2011-05-19 13:28	4.95	16813	United Kingdom
560772	22653	BUTTON BOX	3	2011-07-20 16:12	1.63	UNKNOWN	United Kingdom
549838	23206	LUNCH BAG APPLE DESIGN	20	2011-04-12 13:39	1.65	16705	United Kingdom
549910	22659	LUNCH BOX I LOVE LONDON	2	2011-04-12 17:12	1.95	16697	United Kingdom
540169	22194	BLACK DINER WALL CLOCK	1	2011-01-05 12:20	8.5	14527	United Kingdom
550328	22084	PAPER CHAIN KIT EMPIRE	1	2011-04-17 13:18	2.95	17582	United Kingdom
556509	23253	16 PIECE CUTLERY SET PANTRY DESIGN	2	2011-06-13 10:33	15.95	12708	Germany
552451	22628	PICNIC BOXES SET OF 3 RETROSPOT	20	2011-05-09 13:59	4.95	14543	United Kingdom
571824	16161U	WRAP SUKI AND FRIENDS	25	2011-10-19 11:49	0.42	12472	Germany
551518	22423	REGENCY CAKESTAND 3 TIER	1	2011-05-01 11:36	12.75	15708	United Kingdom
578539	22746	POPPY'S PLAYHOUSE LIVINGROOM	12	2011-11-24 14:55	2.1	UNKNOWN	Unspecified
555077	22413	METAL SIGN TAKE IT OR LEAVE IT	4	2011-05-31 12:42	2.95	17975	United Kingdom
578922	23203	JUMBO BAG VINTAGE DOILY	2	2011-11-27 12:00	2.08	17236	United Kingdom
577049	21833	CAMOUFLAGE LED TORCH	6	2011-11-17 13:58	1.69	17397	United Kingdom
577768	21903	MAN FLU METAL SIGN	1	2011-11-21 15:18	4.13	UNKNOWN	United Kingdom
572726	22998	TRAVEL CARD WALLET KEEP CALM	24	2011-10-25 15:19	0.42	16056	United Kingdom
562932	82567	AIRLINE LOUNGE,METAL SIGN	1	2011-08-10 16:39	2.1	16904	United Kingdom
566281	22646	CERAMIC STRAWBERRY CAKE MONEY BANK	4	2011-09-11 14:15	1.45	12748	United Kingdom
575336	15036	ASSORTED COLOURS SILK FAN	12	2011-11-09 13:58	0.83	14968	United Kingdom
566290	23270	SET OF 2 CERAMIC PAINTED HEARTS	2	2011-09-11 15:24	1.45	14456	United Kingdom
575216	23275	SET OF 3 HANGING OWLS OLLIE BEAK	192	2011-11-09 11:04	1.04	13384	United Kingdom
542227	22139	RETROSPOT TEA SET CERAMIC 11 PC	3	2011-01-26 13:33	4.95	14243	United Kingdom
555397	22494	EMERGENCY FIRST AID TIN	1	2011-06-02 17:26	2.46	UNKNOWN	United Kingdom
537237	22735	RIBBON REEL SOCKS AND MITTENS	1	2010-12-06 09:58	3.36	UNKNOWN	United Kingdom
561870	22301	COFFEE MUG CAT + BIRD DESIGN	6	2011-07-31 11:45	2.55	14911	EIRE
564972	23173	REGENCY TEAPOT ROSES	2	2011-08-31 15:30	9.95	12621	Germany
547669	21745	GAOLERS KEYS DECORATIVE GARDEN	1	2011-03-24 13:37	3.75	12748	United Kingdom
569491	23502	PLAYING CARDS VINTAGE DOILY	3	2011-10-04 13:25	1.25	14056	United Kingdom
578147	22170	PICTURE FRAME WOOD TRIPLE PORTRAIT	1	2011-11-23 11:09	6.75	12748	United Kingdom
562933	20711	JUMBO BAG TOYS	1	2011-08-10 16:51	4.13	UNKNOWN	United Kingdom
555393	22470	HEART OF WICKER LARGE	6	2011-06-02 17:00	2.95	14221	United Kingdom
567656	22423	REGENCY CAKESTAND 3 TIER	2	2011-09-21 14:40	24.96	14096	United Kingdom
547504	22908	PACK OF 20 NAPKINS RED APPLES	60	2011-03-23 13:33	0.85	12683	France
578233	23058	CHRISTMAS HANGING SNOWFLAKE	6	2011-11-23 12:20	0.79	14049	United Kingdom
537202	22077	6 RIBBONS RUSTIC CHARM	14	2010-12-05 14:25	1.65	14506	United Kingdom
571909	23395	BELLE JARDINIERE CUSHION COVER	2	2011-10-19 15:08	3.75	15006	United Kingdom
557676	23084	RABBIT NIGHT LIGHT	12	2011-06-22 10:28	2.08	15804	United Kingdom
569261	21992	VINTAGE PAISLEY STATIONERY SET	2	2011-10-03 11:34	1.25	17321	United Kingdom
574942	23507	MINI PLAYING CARDS BUFFALO BILL	40	2011-11-07 17:50	0.42	15330	United Kingdom
577472	21714	CITRONELLA CANDLE GARDEN POT	12	2011-11-20 11:28	1.25	14503	United Kingdom
546108	21519	GIN & TONIC DIET GREETING CARD	12	2011-03-09 12:35	0.42	15529	United Kingdom
543914	21681	GIANT MEDINA STAMPED METAL BOWL	1	2011-02-14 13:19	9.95	14715	United Kingdom
559057	22151	PLACE SETTING WHITE HEART	24	2011-07-06 09:46	0.42	13089	United Kingdom
549189	22427	ENAMEL FLOWER JUG CREAM	3	2011-04-07 10:11	5.95	15235	United Kingdom
568193	23203	JUMBO BAG VINTAGE DOILY	10	2011-09-25 14:37	2.08	17107	United Kingdom
568134	23205	CHARLOTTE BAG VINTAGE ALPHABET	1	2011-09-23 17:02	1.63	UNKNOWN	United Kingdom
551269	22965	3 TRADITIONAL BISCUIT CUTTERS  SET	6	2011-04-27 12:21	2.1	12840	United Kingdom
558759	20971	PINK BLUE FELT CRAFT TRINKET BOX	3	2011-07-03 12:36	1.25	13148	United Kingdom
575336	23294	SET OF 6 SNACK LOAF BAKING CASES	1	2011-11-09 13:58	0.83	14968	United Kingdom
536750	37370	RETRO COFFEE MUGS ASSORTED	6	2010-12-02 14:04	1.06	17850	United Kingdom
574340	85049E	SCANDINAVIAN REDS RIBBONS	3	2011-11-04 10:08	1.25	17377	United Kingdom
574677	21164	HOME SWEET HOME METAL SIGN	1	2011-11-06 12:32	2.95	16445	United Kingdom
544788	21669	BLUE STRIPE CERAMIC DRAWER KNOB	12	2011-02-23 12:18	1.25	13089	United Kingdom
570258	20726	LUNCH BAG WOODLAND	1	2011-10-10 09:56	4.96	UNKNOWN	United Kingdom
549571	84970L	SINGLE HEART ZINC T-LIGHT HOLDER	12	2011-04-10 15:25	0.95	15655	United Kingdom
578115	23321	SMALL WHITE HEART OF WICKER	12	2011-11-23 09:44	1.65	16600	United Kingdom
570127	23369	SET 36 COLOUR PENCILS LOVE LONDON	16	2011-10-07 13:17	1.25	16900	United Kingdom
554922	23201	JUMBO BAG ALPHABET	10	2011-05-27 12:47	2.08	14735	United Kingdom
571289	82552	WASHROOM METAL SIGN	1	2011-10-16 15:27	1.45	15113	United Kingdom
576052	22328	ROUND SNACK BOXES SET OF 4 FRUITS	3	2011-11-13 14:48	2.95	15787	United Kingdom
556187	82482	WOODEN PICTURE FRAME WHITE FINISH	6	2011-06-09 11:49	2.55	15296	United Kingdom
556845	23049	RECYCLED ACAPULCO MAT RED	2	2011-06-15 11:30	8.25	17511	United Kingdom
577010	22983	CARD BILLBOARD FONT	12	2011-11-17 12:11	0.42	15506	United Kingdom
573585	23191	BUNDLE OF 3 RETRO NOTE BOOKS	2	2011-10-31 14:41	3.29	UNKNOWN	United Kingdom
575330	23493	VINTAGE DOILY TRAVEL SEWING KIT	10	2011-11-09 13:50	1.95	15152	United Kingdom
552677	23163	REGENCY SUGAR TONGS	1	2011-05-10 15:07	4.96	UNKNOWN	United Kingdom
540977	22071	SMALL WHITE RETROSPOT MUG IN BOX	3	2011-01-12 15:01	3.36	UNKNOWN	United Kingdom
540828	22734	SET OF 6 RIBBONS VINTAGE CHRISTMAS	1	2011-01-11 14:36	5.91	UNKNOWN	United Kingdom
578846	22546	MINI JIGSAW PURDEY	6	2011-11-25 17:27	0.42	17757	United Kingdom
553225	22730	ALARM CLOCK BAKELIKE IVORY	4	2011-05-16 10:41	3.75	16912	United Kingdom
578344	22383	LUNCH BAG SUKI DESIGN	1	2011-11-24 09:21	4.13	UNKNOWN	United Kingdom
578344	22489	PACK OF 12 TRADITIONAL CRAYONS	1	2011-11-24 09:21	0.83	UNKNOWN	United Kingdom
556812	85015	SET OF 12  VINTAGE POSTCARD SET	1	2011-06-14 17:25	2.46	UNKNOWN	United Kingdom
559052	90175D	TIGRIS EYE CHUNKY CHARM BRACELET	1	2011-07-05 16:53	9.15	UNKNOWN	United Kingdom
574297	21891	TRADITIONAL WOODEN SKIPPING ROPE	12	2011-11-03 15:54	1.45	16602	United Kingdom
581238	22694	WICKER STAR	1	2011-12-08 10:53	3.29	UNKNOWN	United Kingdom
546670	22696	WICKER WREATH LARGE	2	2011-03-15 15:37	1.95	13451	United Kingdom
580697	22643	SET OF 4 NAPKIN CHARMS LEAVES	1	2011-12-05 16:05	0.79	15984	United Kingdom
537163	22466	FAIRY TALE COTTAGE NIGHTLIGHT	24	2010-12-05 13:21	1.95	17863	United Kingdom
573311	48138	DOORMAT UNION FLAG	1	2011-10-28 16:45	8.25	14071	United Kingdom
546909	23000	TRAVEL CARD WALLET TRANSPORT	6	2011-03-17 19:01	0.42	14056	United Kingdom
580518	84832	ZINC WILLIE WINKIE  CANDLE STICK	24	2011-12-04 14:45	0.85	13435	United Kingdom
581420	21790	VINTAGE SNAP CARDS	12	2011-12-08 15:09	0.85	16358	United Kingdom
571188	23397	FOOT STOOL HOME SWEET HOME	2	2011-10-14 11:42	9.95	12783	Portugal
578522	23075	PARLOUR CERAMIC WALL HOOK	3	2011-11-24 14:09	4.15	17254	United Kingdom
545338	22269	EGG CUP NATURAL CHICKEN	8	2011-03-01 17:32	1.25	17449	United Kingdom
541239	21354	TOAST ITS - BEST MUM	1	2011-01-16 10:56	1.25	16401	United Kingdom
540848	90011E	AMBER CRYSTAL DROP EARRINGS	1	2011-01-12 09:26	2.96	UNKNOWN	United Kingdom
545587	22614	PACK OF 12 SPACEBOY TISSUES	12	2011-03-04 09:46	0.29	14796	United Kingdom
569133	22339	CHRISTMAS TREE PAINTED ZINC	96	2011-09-30 14:06	0.19	15185	United Kingdom
572047	23426	METAL SIGN DROP YOUR PANTS	1	2011-10-20 12:13	2.89	16474	United Kingdom
561515	23346	SPACEBOY BEAKER	1	2011-07-27 15:16	2.46	UNKNOWN	United Kingdom
547251	21977	PACK OF 60 PINK PAISLEY CAKE CASES	24	2011-03-22 09:43	0.55	17865	United Kingdom
540595	20749	ASSORTED COLOUR MINI CASES	2	2011-01-10 11:35	7.95	14321	United Kingdom
543458	20675	BLUE POLKADOT BOWL	4	2011-02-08 13:28	1.25	14587	United Kingdom
576075	21972	SET OF 36 DINOSAUR PAPER DOILIES	2	2011-11-13 16:16	1.45	15861	United Kingdom
544484	22384	LUNCH BAG PINK POLKADOT	10	2011-02-21 11:10	1.65	15321	United Kingdom
570019	22662	LUNCH BAG DOLLY GIRL DESIGN	1	2011-10-07 10:13	1.65	17841	United Kingdom
564729	22628	PICNIC BOXES SET OF 3 RETROSPOT	1	2011-08-28 12:44	4.95	13137	United Kingdom
563574	23295	SET OF 12 MINI LOAF BAKING CASES	16	2011-08-17 15:05	0.83	15827	United Kingdom
573125	23172	REGENCY TEA PLATE PINK	12	2011-10-27 16:31	1.65	16855	United Kingdom
536592	90177E	DROP DIAMANTE EARRINGS GREEN	1	2010-12-01 17:06	2.96	UNKNOWN	United Kingdom
579600	23583	LUNCH BAG PAISLEY PARK	10	2011-11-30 12:00	1.65	13647	United Kingdom
556042	21937	STRAWBERRY   PICNIC BAG	10	2011-06-08 12:44	2.95	14367	United Kingdom
561029	22356	CHARLOTTE BAG PINK POLKADOT	10	2011-07-24 11:25	0.85	12490	France
541838	22077	6 RIBBONS RUSTIC CHARM	24	2011-01-23 10:43	1.65	12916	United Kingdom
555383	21121	SET/10 RED POLKADOT PARTY CANDLES	4	2011-06-02 15:13	1.25	12517	Germany
563111	20725	LUNCH BAG RED RETROSPOT	20	2011-08-12 11:08	1.65	15249	United Kingdom
581219	23660	HENRIETTA HEN MUG	1	2011-12-08 09:28	4.13	UNKNOWN	United Kingdom
576905	21889	WOODEN BOX OF DOMINOES	12	2011-11-17 09:31	1.25	13308	United Kingdom
555518	22380	TOY TIDY SPACEBOY	5	2011-06-05 10:58	2.1	14891	United Kingdom
555383	22498	WOODEN REGATTA BUNTING	3	2011-06-02 15:13	5.95	12517	Germany
567094	22383	LUNCH BAG SUKI DESIGN	4	2011-09-16 12:54	1.65	16924	United Kingdom
557349	47566	PARTY BUNTING	4	2011-06-20 10:34	4.95	16717	United Kingdom
538513	21668	RED STRIPE CERAMIC DRAWER KNOB	6	2010-12-12 14:21	1.25	15454	United Kingdom
551718	79030G	TUMBLER NEW ENGLAND	1	2011-05-03 16:06	5.79	UNKNOWN	United Kingdom
541219	22258	FELT FARM ANIMAL RABBIT	4	2011-01-14 14:06	0.83	UNKNOWN	United Kingdom
557019	22269	EGG CUP NATURAL CHICKEN	1	2011-06-16 12:45	0.39	15907	United Kingdom
579097	23311	VINTAGE CHRISTMAS STOCKING	6	2011-11-28 11:11	2.55	13758	United Kingdom
575895	20981	12 PENCILS TALL TUBE WOODLAND	2	2011-11-11 14:50	0.85	17052	United Kingdom
567524	23405	HOME SWEET HOME 2 DRAWER CABINET	4	2011-09-21 08:55	4.95	15696	United Kingdom
560547	22191	IVORY DINER WALL CLOCK	2	2011-07-19 12:39	8.5	17419	United Kingdom
571747	22158	3 HEARTS HANGING DECORATION RUSTIC	8	2011-10-19 10:59	2.95	13849	United Kingdom
552642	22405	MONEY BOX POCKET MONEY DESIGN	12	2011-05-10 13:22	1.25	14288	United Kingdom
545073	48111	DOORMAT 3 SMILEY CATS	2	2011-02-28 09:26	7.95	14036	United Kingdom
570116	22367	CHILDRENS APRON SPACEBOY DESIGN	2	2011-10-07 12:38	1.95	12856	United Kingdom
545027	21238	RED RETROSPOT CUP	1	2011-02-25 14:59	1.63	UNKNOWN	United Kingdom
558240	85087	CANDY SPOT CUSHION COVER	2	2011-06-27 15:27	3.29	UNKNOWN	United Kingdom
557858	22534	MAGIC DRAWING SLATE SPACEBOY	1	2011-06-23 11:51	0.42	14159	United Kingdom
567184	23122	PARTY CHARMS 50 PIECES	3	2011-09-18 15:41	0.83	16033	United Kingdom
556107	22913	RED COAT RACK PARIS FASHION	1	2011-06-08 17:09	4.95	17360	United Kingdom
550515	22523	CHILDS GARDEN FORK PINK	2	2011-04-18 17:29	0.85	14502	United Kingdom
556812	22968	ROSE COTTAGE KEEPSAKE BOX	1	2011-06-14 17:25	19.96	UNKNOWN	United Kingdom
550213	22839	3 TIER CAKE TIN GREEN AND CREAM	1	2011-04-15 10:42	29.17	UNKNOWN	United Kingdom
559202	23108	SET OF 10 LED DOLLY LIGHTS	2	2011-07-07 10:40	6.25	13583	United Kingdom
557757	15060B	FAIRY CAKE DESIGN UMBRELLA	1	2011-06-22 13:28	3.75	14606	United Kingdom
555918	23080	RED METAL BOX TOP SECRET	6	2011-06-07 16:21	8.25	16098	United Kingdom
540247	22667	RECIPE BOX RETROSPOT	1	2011-01-05 15:56	2.95	15464	United Kingdom
539746	21066	VINTAGE RED MUG	1	2010-12-21 15:22	2.51	UNKNOWN	United Kingdom
577520	22725	ALARM CLOCK BAKELIKE CHOCOLATE	1	2011-11-20 13:20	3.75	14553	United Kingdom
541497	10133	COLOURING PENCILS BROWN TUBE	10	2011-01-18 15:19	0.79	UNKNOWN	United Kingdom
555510	21902	KEY FOB , FRONT  DOOR	1	2011-06-03 17:09	1.63	UNKNOWN	United Kingdom
578277	22466	FAIRY TALE COTTAGE NIGHT LIGHT	2	2011-11-23 13:51	1.95	12723	France
547247	22819	BIRTHDAY CARD, RETRO SPOT	12	2011-03-22 09:01	0.42	18225	United Kingdom
569901	22561	WOODEN SCHOOL COLOURING SET	1	2011-10-06 16:20	1.65	12923	United Kingdom
570871	23294	SET OF 6 SNACK LOAF BAKING CASES	1	2011-10-12 16:36	2.46	UNKNOWN	United Kingdom
577074	20755	BLUE PAISLEY POCKET BOOK	12	2011-11-17 15:04	0.85	15399	United Kingdom
547723	22428	ENAMEL FIRE BUCKET CREAM	2	2011-03-25 10:39	6.95	UNKNOWN	United Kingdom
538356	22616	PACK OF 12 LONDON TISSUES	24	2010-12-10 15:56	0.29	14062	United Kingdom
543660	22289	HANGING METAL CHICKEN DECORATION	1	2011-02-11 10:40	2.46	UNKNOWN	United Kingdom
577125	23497	CLASSIC CHROME BICYCLE BELL	12	2011-11-17 18:43	1.45	12445	Spain
567668	47566	PARTY BUNTING	1	2011-09-21 15:29	10.79	UNKNOWN	United Kingdom
572719	84997B	CHILDRENS CUTLERY RETROSPOT RED	4	2011-10-25 15:03	4.15	13871	United Kingdom
540247	21896	POTTING SHED TWINE	3	2011-01-05 15:56	2.1	15464	United Kingdom
579516	46000R	POLYESTER FILLER PAD 45X30CM	2	2011-11-29 17:52	1.45	17841	United Kingdom
540832	22328	ROUND SNACK BOXES SET OF 4 FRUITS	8	2011-01-11 14:42	4.13	UNKNOWN	United Kingdom
574532	23374	RED SPOT PAPER GIFT BAG	10	2011-11-04 14:19	0.82	15676	United Kingdom
571713	22077	6 RIBBONS RUSTIC CHARM	2	2011-10-18 16:58	3.29	UNKNOWN	United Kingdom
569474	22617	BAKING SET SPACEBOY DESIGN	3	2011-10-04 12:39	4.95	14178	United Kingdom
567174	85170C	SET/6 EAU DE NIL BIRD T-LIGHTS	2	2011-09-18 13:31	2.1	16438	United Kingdom
555202	84596B	SMALL DOLLY MIX DESIGN ORANGE BOWL	2	2011-06-01 12:11	0.42	16813	United Kingdom
581194	79321	CHILLI LIGHTS	4	2011-12-07 17:17	5.75	15298	United Kingdom
557956	21891	TRADITIONAL WOODEN SKIPPING ROPE	2	2011-06-23 19:20	1.45	18283	United Kingdom
538508	22546	MINI JIGSAW PURDEY	4	2010-12-12 13:32	0.42	15998	United Kingdom
563195	20961	STRAWBERRY BATH SPONGE	2	2011-08-12 16:36	2.46	UNKNOWN	United Kingdom
568346	21494	ROTATING LEAVES T-LIGHT HOLDER	7	2011-09-26 15:28	2.46	14096	United Kingdom
563935	85111	SILVER GLITTER FLOWER VOTIVE HOLDER	6	2011-08-21 16:24	0.29	15547	United Kingdom
573311	21340	CLASSIC METAL BIRDCAGE PLANT HOLDER	1	2011-10-28 16:45	12.75	14071	United Kingdom
581217	22647	CERAMIC LOVE HEART MONEY BANK	1	2011-12-08 09:20	3.29	UNKNOWN	United Kingdom
552508	21669	BLUE STRIPE CERAMIC DRAWER KNOB	1	2011-05-09 16:27	3.29	UNKNOWN	United Kingdom
552702	15036	ASSORTED COLOURS SILK FAN	158	2011-05-10 16:00	0.83	UNKNOWN	United Kingdom
551713	23145	ZINC T-LIGHT HOLDER STAR LARGE	12	2011-05-03 15:12	0.95	16230	United Kingdom
574481	84509C	SET OF 4 POLKADOT PLACEMATS	1	2011-11-04 12:45	3.75	18022	United Kingdom
548551	22662	LUNCH BAG DOLLY GIRL DESIGN	10	2011-04-01 08:56	1.65	14886	United Kingdom
564835	22515	CHILDS GARDEN SPADE PINK	1	2011-08-30 12:31	4.13	UNKNOWN	United Kingdom
547547	85132A	CHARLIE + LOLA BISCUITS TINS	2	2011-03-23 15:30	8.29	UNKNOWN	United Kingdom
539434	22355	CHARLOTTE BAG SUKI DESIGN	2	2010-12-17 14:41	1.66	UNKNOWN	United Kingdom
557311	21452	TOADSTOOL MONEY BOX	2	2011-06-19 15:36	2.95	15700	United Kingdom
564953	71477	COLOUR GLASS. STAR T-LIGHT HOLDER	72	2011-08-31 13:37	2.75	17588	United Kingdom
564835	23327	HANGING CLEAR MINI BOTTLE	3	2011-08-30 12:31	1.63	UNKNOWN	United Kingdom
573154	22492	MINI PAINT SET VINTAGE	36	2011-10-28 08:20	0.65	UNKNOWN	Hong Kong
551650	22662	LUNCH BAG DOLLY GIRL DESIGN	10	2011-05-03 12:02	1.65	13089	United Kingdom
560291	22385	JUMBO BAG SPACEBOY DESIGN	1	2011-07-18 10:17	4.13	UNKNOWN	United Kingdom
544602	22423	REGENCY CAKESTAND 3 TIER	16	2011-02-22 09:01	10.95	13767	United Kingdom
541129	22173	METAL 4 HOOK HANGER FRENCH CHATEAU	1	2011-01-14 10:14	5.79	UNKNOWN	United Kingdom
569363	20727	LUNCH BAG  BLACK SKULL.	10	2011-10-03 15:08	1.65	13297	United Kingdom
576082	23341	PINK DINER WALL CLOCK	2	2011-11-14 08:22	8.5	12428	Finland
571797	22961	JAM MAKING SET PRINTED	2	2011-10-19 11:41	3.29	UNKNOWN	United Kingdom
559693	21485	RETROSPOT HEART HOT WATER BOTTLE	1	2011-07-11 16:21	4.96	UNKNOWN	United Kingdom
554054	22483	RED GINGHAM TEDDY BEAR	1	2011-05-20 15:29	5.79	UNKNOWN	United Kingdom
559508	21078	SET/20 STRAWBERRY PAPER NAPKINS	1	2011-07-08 15:23	0.85	12748	United Kingdom
553942	21115	ROSE CARAVAN DOORSTOP	2	2011-05-20 10:37	6.75	18055	United Kingdom
565865	23204	CHARLOTTE BAG APPLES DESIGN	10	2011-09-07 15:07	0.85	12637	France
575176	22785	SQUARECUSHION COVER PINK UNION JACK	1	2011-11-08 18:29	16.63	UNKNOWN	United Kingdom
543028	22260	FELT EGG COSY BLUE RABBIT	12	2011-02-02 15:09	0.85	14443	United Kingdom
578705	22554	PLASTERS IN TIN WOODLAND ANIMALS	4	2011-11-25 11:12	1.65	12531	Germany
554854	21976	PACK OF 60 MUSHROOM CAKE CASES	24	2011-05-27 09:39	0.55	16369	United Kingdom
540005	85062	PEARL CRYSTAL PUMPKIN T-LIGHT HLDR	6	2011-01-04 10:38	1.65	17315	United Kingdom
555133	21929	JUMBO BAG PINK VINTAGE PAISLEY	10	2011-05-31 15:32	2.08	16810	United Kingdom
556928	23032	DOORKNOB CRACKED GLAZE IVORY	144	2011-06-15 14:48	1.45	14156	EIRE
561231	20723	STRAWBERRY CHARLOTTE BAG	10	2011-07-26 10:20	0.85	15855	United Kingdom
573094	23013	GLASS APOTHECARY BOTTLE TONIC	1	2011-10-27 14:39	3.95	15707	United Kingdom
543826	84969	BOX OF 6 ASSORTED COLOUR TEASPOONS	1	2011-02-14 09:41	3.29	UNKNOWN	United Kingdom
560239	21340	CLASSIC METAL BIRDCAGE PLANT HOLDER	1	2011-07-17 11:50	12.75	13507	United Kingdom
575735	71477	COLOUR GLASS. STAR T-LIGHT HOLDER	12	2011-11-11 08:46	3.95	14156	EIRE
576840	21125	SET 6 FOOTBALL CELEBRATION CANDLES	1	2011-11-16 15:23	1.25	UNKNOWN	United Kingdom
548522	22448	PIN CUSHION BABUSHKA RED	1	2011-03-31 16:43	6.63	UNKNOWN	United Kingdom
579551	22624	IVORY KITCHEN SCALES	4	2011-11-30 10:49	8.5	15782	United Kingdom
575269	21905	MORE BUTTER METAL SIGN	12	2011-11-09 12:08	0.79	17865	United Kingdom
567043	85175	CACTI T-LIGHT CANDLES	16	2011-09-16 11:27	0.42	13268	United Kingdom
539714	85084	HOLLY TOP CHRISTMAS STOCKING	3	2010-12-21 12:44	0.85	UNKNOWN	United Kingdom
563210	23109	PACK OF SIX LED TEA LIGHTS	2	2011-08-14 12:27	2.89	16466	United Kingdom
538801	21110	LARGE CAKE TOWEL PINK SPOTS	24	2010-12-14 11:51	1.95	16083	United Kingdom
540166	85099C	JUMBO  BAG BAROQUE BLACK WHITE	100	2011-01-05 12:09	1.65	13629	United Kingdom
551467	22178	VICTORIAN GLASS HANGING T-LIGHT	12	2011-04-28 16:20	1.25	12600	Germany
542778	48188	DOORMAT WELCOME PUPPIES	2	2011-02-01 09:01	7.95	14496	United Kingdom
561625	21395	BLUE POLKADOT BEAKER	48	2011-07-28 14:03	0.39	16843	United Kingdom
571235	20711	JUMBO BAG TOYS	10	2011-10-14 14:37	2.08	15078	United Kingdom
562947	20802	SMALL GLASS SUNDAE DISH CLEAR	72	2011-08-11 09:45	1.45	15987	United Kingdom
553575	23118	PARISIENNE JEWELLERY DRAWER	2	2011-05-18 10:08	7.5	18260	United Kingdom
563104	23322	LARGE WHITE HEART OF WICKER	6	2011-08-12 10:13	2.95	13888	United Kingdom
541789	21531	RED RETROSPOT SUGAR JAM BOWL	30	2011-01-21 13:07	2.1	14088	United Kingdom
563922	20936	FORKED CACTUS CANDLE	1	2011-08-21 14:10	2.95	14529	United Kingdom
558896	23206	LUNCH BAG APPLE DESIGN	2	2011-07-04 15:55	1.65	UNKNOWN	United Kingdom
563264	85059	FRENCH ENAMEL WATER BASIN	4	2011-08-15 12:46	3.75	13720	United Kingdom
538379	22916	HERB MARKER THYME	1	2010-12-12 11:26	0.65	17126	United Kingdom
569579	22284	HEN HOUSE DECORATION	60	2011-10-05 11:06	1.65	17666	United Kingdom
562150	85185B	PINK HORSE SOCK PUPPET	6	2011-08-03 10:49	2.95	14132	United Kingdom
574908	23084	RABBIT NIGHT LIGHT	24	2011-11-07 15:37	1.79	16009	United Kingdom
575952	22579	WOODEN TREE CHRISTMAS SCANDINAVIAN	12	2011-11-13 11:55	0.29	16015	United Kingdom
537654	21581	SKULLS  DESIGN  COTTON TOTE BAG	1	2010-12-07 15:59	2.25	UNKNOWN	United Kingdom
572528	23122	PARTY CHARMS 50 PIECES	2	2011-10-24 15:43	0.83	13176	United Kingdom
580612	23382	BOX OF 6 CHRISTMAS CAKE DECORATIONS	5	2011-12-05 11:58	7.46	UNKNOWN	United Kingdom
540530	22189	CREAM HEART CARD HOLDER	4	2011-01-09 14:02	3.95	14755	United Kingdom
548308	22520	CHILDS GARDEN TROWEL BLUE	3	2011-03-30 12:00	0.85	17220	United Kingdom
579284	22960	JAM MAKING SET WITH JARS	60	2011-11-29 10:52	3.75	15061	United Kingdom
539436	84375	SET OF 20 KIDS COOKIE CUTTERS	1	2010-12-17 14:49	4.21	UNKNOWN	United Kingdom
537823	21830	ASSORTED CREEPY CRAWLIES	2	2010-12-08 14:25	0.85	UNKNOWN	United Kingdom
540801	22423	REGENCY CAKESTAND 3 TIER	16	2011-01-11 12:25	10.95	12540	Spain
571909	21313	GLASS HEART T-LIGHT HOLDER	12	2011-10-19 15:08	0.85	15006	United Kingdom
578827	84968A	SET OF 16 VINTAGE ROSE CUTLERY	1	2011-11-25 14:25	24.96	UNKNOWN	United Kingdom
579900	82484	WOOD BLACK BOARD ANT WHITE FINISH	2	2011-12-01 08:34	7.95	15951	United Kingdom
559316	22990	COTTON APRON PANTRY DESIGN	2	2011-07-07 13:54	4.95	12647	Germany
538351	85099C	JUMBO  BAG BAROQUE BLACK WHITE	22	2010-12-10 15:17	4.21	UNKNOWN	United Kingdom
541696	85099C	JUMBO  BAG BAROQUE BLACK WHITE	1	2011-01-20 18:08	4.13	UNKNOWN	United Kingdom
566018	85099B	JUMBO BAG RED RETROSPOT	2	2011-09-08 12:42	2.08	13137	United Kingdom
580883	22632	HAND WARMER RED RETROSPOT	10	2011-12-06 12:21	2.1	16979	United Kingdom
556263	37413	ICON MUG REVOLUTIONARY	10	2011-06-09 18:41	0.39	13969	United Kingdom
542632	47567B	TEA TIME KITCHEN APRON	30	2011-01-31 10:13	5.95	13324	United Kingdom
544823	21672	WHITE SPOT RED CERAMIC DRAWER KNOB	12	2011-02-24 09:28	1.25	14004	United Kingdom
577302	22485	SET OF 2 WOODEN MARKET CRATES	2	2011-11-18 12:57	12.75	17904	United Kingdom
541410	21672	WHITE SPOT RED CERAMIC DRAWER KNOB	24	2011-01-17 16:06	1.25	13089	United Kingdom
540014	21781	MA CAMPAGNE CUTLERY BOX	1	2011-01-04 11:34	14.95	14606	United Kingdom
564713	23247	BISCUIT TIN 50'S CHRISTMAS	2	2011-08-28 10:43	2.89	16768	United Kingdom
545661	85049H	URBAN BLACK RIBBONS	12	2011-03-04 14:41	1.25	15358	United Kingdom
547729	22999	TRAVEL CARD WALLET RETRO PETALS	4	2011-03-25 10:52	0.42	15529	United Kingdom
560926	21944	KITTENS DESIGN FLANNEL	1	2011-07-22 09:20	0.83	UNKNOWN	United Kingdom
552662	22488	NATURAL SLATE RECTANGLE CHALKBOARD	2	2011-05-10 15:04	3.29	UNKNOWN	United Kingdom
574709	85099B	JUMBO BAG RED RETROSPOT	4	2011-11-06 14:14	2.08	17768	United Kingdom
567095	22173	METAL 4 HOOK HANGER FRENCH CHATEAU	8	2011-09-16 13:03	3.29	17049	United Kingdom
555159	22918	HERB MARKER PARSLEY	12	2011-06-01 09:06	0.65	15124	United Kingdom
540168	22195	LARGE HEART MEASURING SPOONS	3	2011-01-05 12:15	1.65	13715	United Kingdom
574914	21774	DECORATIVE CATS BATHROOM BOTTLE	3	2011-11-07 16:16	1.25	17109	United Kingdom
574532	23301	GARDENERS KNEELING PAD KEEP CALM	12	2011-11-04 14:19	1.65	15676	United Kingdom
568712	22804	CANDLEHOLDER PINK HANGING HEART	2	2011-09-28 15:50	2.95	17841	United Kingdom
562955	23283	DOORMAT VINTAGE LEAF	1	2011-08-11 10:14	15.79	UNKNOWN	United Kingdom
579124	21306	SET/4 DAISY MIRROR MAGNETS	3	2011-11-28 12:14	0.29	15721	United Kingdom
548010	23156	SET OF 5 MINI GROCERY MAGNETS	120	2011-03-29 11:04	1.85	14646	Netherlands
549526	85114B	IVORY ENCHANTED FOREST PLACEMAT	60	2011-04-08 15:49	1.45	13630	United Kingdom
537638	84568	GIRLS ALPHABET IRON ON PATCHES	10	2010-12-07 15:28	0.43	UNKNOWN	United Kingdom
538250	20973	12 PENCIL SMALL TUBE WOODLAND	1	2010-12-10 12:20	0.65	18118	United Kingdom
546884	22281	EASTER TREE YELLOW BIRDS	1	2011-03-17 18:08	12.46	UNKNOWN	United Kingdom
545080	84580	MOUSE TOY WITH PINK T-SHIRT	4	2011-02-28 10:33	3.75	13004	United Kingdom
552702	21055	TOOL BOX SOFT TOY	1	2011-05-10 16:00	16.63	UNKNOWN	United Kingdom
572552	23198	PANTRY MAGNETIC  SHOPPING LIST	3	2011-10-24 17:07	3.29	14096	United Kingdom
558066	22669	RED BABY BUNTING	2	2011-06-24 15:45	5.79	UNKNOWN	United Kingdom
554103	82482	WOODEN PICTURE FRAME WHITE FINISH	6	2011-05-22 13:51	2.55	15555	United Kingdom
550470	22156	HEART DECORATION WITH PEARLS	1	2011-04-18 13:49	1.63	UNKNOWN	United Kingdom
554039	23174	REGENCY SUGAR BOWL GREEN	6	2011-05-20 14:27	4.15	15095	United Kingdom
537225	22625	RED KITCHEN SCALES	1	2010-12-05 16:41	8.5	12748	United Kingdom
563499	20726	LUNCH BAG WOODLAND	10	2011-08-16 17:06	1.65	13470	United Kingdom
554074	22178	VICTORIAN GLASS HANGING T-LIGHT	6	2011-05-22 11:28	1.25	13230	United Kingdom
580848	21812	GARLAND WITH HEARTS AND BELLS	1	2011-12-06 11:51	4.95	18005	United Kingdom
565324	22727	ALARM CLOCK BAKELIKE RED	1	2011-09-02 13:18	3.75	13232	United Kingdom
569129	21934	SKULL SHOULDER BAG	2	2011-09-30 13:40	1.65	15034	United Kingdom
556094	84378	SET OF 3 HEART COOKIE CUTTERS	1	2011-06-08 15:26	3.29	UNKNOWN	United Kingdom
551270	22819	BIRTHDAY CARD, RETRO SPOT	12	2011-04-27 12:35	0.42	15891	United Kingdom
567662	23379	PACK OF 12 RED APPLE TISSUES	12	2011-09-21 15:12	0.39	17758	United Kingdom
552170	21928	JUMBO BAG SCANDINAVIAN BLUE PAISLEY	10	2011-05-06 12:53	2.08	16458	United Kingdom
552315	22028	PENNY FARTHING BIRTHDAY CARD	12	2011-05-08 16:10	0.42	12700	France
571225	22596	CHRISTMAS STAR WISH LIST CHALKBOARD	12	2011-10-14 13:41	1.25	14397	United Kingdom
540801	22078	RIBBON REEL LACE DESIGN	10	2011-01-11 12:25	2.1	12540	Spain
544569	21078	SET/20 STRAWBERRY PAPER NAPKINS	6	2011-02-21 12:58	0.85	16980	United Kingdom
551284	22998	TRAVEL CARD WALLET KEEP CALM	7	2011-04-27 14:05	0.42	15005	United Kingdom
567858	47574A	ENGLISH ROSE SCENTED HANGING FLOWER	7	2011-09-22 13:50	0.75	16813	United Kingdom
547222	37449	CERAMIC CAKE STAND + HANGING CAKES	2	2011-03-21 15:07	9.95	18008	United Kingdom
567671	21559	STRAWBERRY LUNCH BOX WITH CUTLERY	1	2011-09-21 15:34	4.96	UNKNOWN	United Kingdom
548919	22978	PANTRY ROLLING PIN	6	2011-04-05 10:18	3.75	13013	United Kingdom
544692	22607	WOODEN ROUNDERS GARDEN SET	4	2011-02-23 09:14	9.95	17499	United Kingdom
575942	22027	TEA PARTY BIRTHDAY CARD	12	2011-11-13 11:44	0.42	15599	United Kingdom
567486	21181	PLEASE ONE PERSON METAL SIGN	12	2011-09-20 13:53	2.1	17340	United Kingdom
554663	21034	REX CASH+CARRY JUMBO SHOPPER	20	2011-05-25 14:29	0.95	14985	United Kingdom
549844	22251	BIRDHOUSE DECORATION MAGIC GARDEN	6	2011-04-12 14:17	1.25	12854	United Kingdom
542275	22829	SWEETHEART WIRE WALL TIDY	2	2011-01-27 10:18	9.95	13089	United Kingdom
564192	22429	ENAMEL MEASURING JUG CREAM	4	2011-08-23 16:36	4.25	17719	United Kingdom
578277	23494	VINTAGE DOILY DELUXE SEWING KIT	3	2011-11-23 13:51	5.95	12723	France
564043	51014L	FEATHER PEN,LIGHT PINK	24	2011-08-22 12:55	0.39	14414	United Kingdom
551014	22709	WRAP WEDDING DAY	25	2011-04-26 11:04	0.42	13209	United Kingdom
548739	22055	MINI CAKE STAND  HANGING STRAWBERY	3	2011-04-04 11:28	1.65	15493	United Kingdom
539252	22610	PENS ASSORTED FUNNY FACE	72	2010-12-16 14:17	0.21	17744	United Kingdom
577316	22759	SET OF 3 NOTEBOOKS IN PARCEL	12	2011-11-18 13:30	1.65	12578	Italy
543177	21042	RED RETROSPOT APRON	10	2011-02-04 09:56	5.95	14466	United Kingdom
551174	20707	CRAZY DAISY HEART DECORATION	2	2011-04-26 17:02	0.83	UNKNOWN	United Kingdom
568104	22230	JIGSAW TREE WITH WATERING CAN	6	2011-09-23 15:50	0.29	16485	United Kingdom
537604	22568	FELTCRAFT CUSHION OWL	4	2010-12-07 13:01	3.75	13488	United Kingdom
573155	23372	SET 36 COLOUR PENCILS DOLLY GIRL	16	2011-10-28 08:34	1.25	13632	United Kingdom
565230	23545	WRAP RED VINTAGE DOILY	25	2011-09-02 09:24	0.42	16705	United Kingdom
550819	84806B	WHITE CANDYSTUFT ARTIFICIAL FLOWER	9	2011-04-20 17:37	1.45	17530	United Kingdom
572653	22566	FELTCRAFT HAIRBAND PINK AND PURPLE	2	2011-10-25 12:12	0.85	15861	United Kingdom
564144	22814	CARD PARTY GAMES	12	2011-08-23 11:53	0.42	13939	United Kingdom
551007	22424	ENAMEL BREAD BIN CREAM	1	2011-04-26 09:49	24.96	UNKNOWN	United Kingdom
578844	23084	RABBIT NIGHT LIGHT	25	2011-11-25 16:14	4.13	UNKNOWN	United Kingdom
560261	15036	ASSORTED COLOURS SILK FAN	12	2011-07-17 13:35	0.83	12841	United Kingdom
569866	22572	ROCKING HORSE GREEN CHRISTMAS	6	2011-10-06 14:50	0.85	12757	Portugal
578827	22905	CALENDAR IN SEASON DESIGN	1	2011-11-25 14:25	2.46	UNKNOWN	United Kingdom
568650	22399	MAGNETS PACK OF 4 CHILDHOOD MEMORY	12	2011-09-28 11:56	1.25	13505	Switzerland
552232	22918	HERB MARKER PARSLEY	1	2011-05-06 15:54	1.63	UNKNOWN	United Kingdom
573130	23583	LUNCH BAG PAISLEY PARK	10	2011-10-27 16:41	1.65	13969	United Kingdom
573903	23544	WALL ART MID CENTURY MODERN	3	2011-11-01 14:51	8.25	14667	United Kingdom
545690	22919	HERB MARKER MINT	3	2011-03-06 12:46	0.65	13263	United Kingdom
537237	21212	PACK OF 72 RETROSPOT CAKE CASES	11	2010-12-06 09:58	1.28	UNKNOWN	United Kingdom
576617	23133	LARGE IVORY HEART WALL ORGANISER	1	2011-11-15 16:57	16.63	UNKNOWN	United Kingdom
573656	21452	TOADSTOOL MONEY BOX	6	2011-10-31 16:02	2.95	12417	Belgium
568987	22666	RECIPE BOX PANTRY YELLOW DESIGN	12	2011-09-29 15:58	2.95	12709	Germany
546365	22367	CHILDRENS APRON SPACEBOY DESIGN	8	2011-03-11 11:35	1.95	12520	Germany
543246	22795	SWEETHEART RECIPE BOOK STAND	2	2011-02-04 14:14	6.75	17315	United Kingdom
541711	22613	PACK OF 20 SPACEBOY NAPKINS	96	2011-01-21 11:18	0.64	14646	Netherlands
572335	21791	VINTAGE HEADS AND TAILS CARD GAME	12	2011-10-24 10:27	1.25	14493	United Kingdom
554557	84970L	SINGLE HEART ZINC T-LIGHT HOLDER	12	2011-05-25 10:12	0.95	15804	United Kingdom
549525	22474	SPACEBOY TV DINNER TRAY	1	2011-04-08 15:44	10.79	UNKNOWN	United Kingdom
543736	22179	SET 10 LIGHTS NIGHT OWL	2	2011-02-11 12:36	6.75	15044	United Kingdom
549847	22029	SPACEBOY BIRTHDAY CARD	12	2011-04-12 14:43	0.42	15358	United Kingdom
574298	20979	36 PENCILS TUBE RED RETROSPOT	2	2011-11-03 15:56	2.46	UNKNOWN	United Kingdom
569488	22197	POPCORN HOLDER	12	2011-10-04 13:10	0.85	16440	United Kingdom
563558	23298	SPOTTY BUNTING	9	2011-08-17 13:40	4.95	14156	EIRE
554998	82482	WOODEN PICTURE FRAME WHITE FINISH	6	2011-05-29 15:35	2.55	15925	United Kingdom
538877	84031A	CHARLIE+LOLA RED HOT WATER BOTTLE	10	2010-12-14 15:29	9.32	UNKNOWN	United Kingdom
568716	22456	NATURAL SLATE CHALKBOARD LARGE	1	2011-09-28 16:13	9.96	UNKNOWN	United Kingdom
560650	22326	ROUND SNACK BOXES SET OF4 WOODLAND	2	2011-07-20 11:38	2.95	15529	United Kingdom
560359	16008	SMALL FOLDING SCISSOR(POINTED EDGE)	1	2011-07-18 11:47	0.12	14159	United Kingdom
565437	22739	RIBBON REEL CHRISTMAS SOCK BAUBLE	10	2011-09-04 13:48	1.65	17050	United Kingdom
580541	22654	DELUXE SEWING KIT	3	2011-12-05 09:03	5.95	15358	United Kingdom
557263	22025	RING OF ROSES BIRTHDAY CARD	72	2011-06-19 11:08	0.36	14646	Netherlands
543800	21928	JUMBO BAG SCANDINAVIAN PAISLEY	8	2011-02-13 11:36	1.95	17282	United Kingdom
539437	20966	SANDWICH BATH SPONGE	6	2010-12-17 14:54	2.51	UNKNOWN	United Kingdom
552514	21791	VINTAGE HEADS AND TAILS CARD GAME	1	2011-05-09 16:30	2.46	UNKNOWN	United Kingdom
569518	21071	VINTAGE BILLBOARD DRINK ME MUG	2	2011-10-04 14:28	1.25	13263	United Kingdom
546388	48187	DOORMAT NEW ENGLAND	1	2011-03-11 13:42	12.46	UNKNOWN	United Kingdom
540458	21080	SET/20 RED RETROSPOT PAPER NAPKINS	12	2011-01-07 12:28	0.85	12501	Germany
577038	21811	HANGING HEART WITH BELL	12	2011-11-17 13:30	0.39	14796	United Kingdom
536956	21905	MORE BUTTER METAL SIGN	6	2010-12-03 12:43	2.1	14210	United Kingdom
557858	22383	LUNCH BAG SUKI DESIGN	4	2011-06-23 11:51	1.65	14159	United Kingdom
566295	51014A	FEATHER PEN,HOT PINK	12	2011-09-11 15:44	0.39	15547	United Kingdom
554866	21509	COWBOYS AND INDIANS BIRTHDAY CARD	12	2011-05-27 10:41	0.42	13488	United Kingdom
573585	21932	SCANDINAVIAN PAISLEY PICNIC BAG	3	2011-10-31 14:41	2.46	UNKNOWN	United Kingdom
548496	22432	WATERING CAN PINK BUNNY	1	2011-03-31 13:40	1.95	12678	France
567873	21981	PACK OF 12 WOODLAND TISSUES	24	2011-09-22 14:25	0.39	13055	United Kingdom
552829	22219	LOVEBIRD HANGING DECORATION WHITE	10	2011-05-11 13:42	0.85	12748	United Kingdom
581015	22345	PARTY PIZZA DISH BLUE POLKADOT	24	2011-12-07 09:35	0.19	13949	United Kingdom
555149	21844	RED RETROSPOT MUG	2	2011-05-31 15:49	5.79	UNKNOWN	United Kingdom
578551	23377	PACK OF 12 DOLLY GIRL TISSUES	12	2011-11-24 15:05	0.39	12937	United Kingdom
570872	22418	10 COLOUR SPACEBOY PEN	1	2011-10-12 16:40	1.63	UNKNOWN	United Kingdom
560772	20700	GREEN CAT FLORAL CUSHION COVER	1	2011-07-20 16:12	4.13	UNKNOWN	United Kingdom
571142	23127	FELTCRAFT GIRL NICOLE KIT	12	2011-10-14 10:21	4.95	14567	United Kingdom
537434	21890	S/6 WOODEN SKITTLES IN COTTON BAG	2	2010-12-06 16:57	5.91	UNKNOWN	United Kingdom
555947	35810A	ENAMEL PINK COFFEE CONTAINER	24	2011-06-08 10:45	0.83	14911	EIRE
546977	22998	TRAVEL CARD WALLET KEEP CALM	2	2011-03-18 12:08	0.83	UNKNOWN	United Kingdom
562468	22771	CLEAR DRAWER KNOB ACRYLIC EDWARDIAN	24	2011-08-05 11:52	1.25	16928	United Kingdom
577057	21311	SET/4 BIRD MIRROR MAGNETS	1	2011-11-17 14:26	0.29	12748	United Kingdom
559816	22504	CABIN BAG VINTAGE RETROSPOT	3	2011-07-12 16:11	16.63	UNKNOWN	United Kingdom
567670	46776A	WOVEN BUBBLE GUM CUSHION COVER	1	2011-09-21 15:32	4.13	UNKNOWN	United Kingdom
566616	21210	SET OF 72 RETROSPOT PAPER  DOILIES	12	2011-09-14 08:35	1.45	12895	United Kingdom
575983	22558	CLOTHES PEGS RETROSPOT PACK 24	1	2011-11-13 13:45	1.65	13379	United Kingdom
579501	23319	BOX OF 6 MINI 50'S CRACKERS	18	2011-11-29 16:16	2.08	14088	United Kingdom
555722	37342	POLKADOT COFFEE CUP & SAUCER PINK	4	2011-06-06 16:06	2.46	UNKNOWN	United Kingdom
581492	22633	HAND WARMER UNION JACK	1	2011-12-09 10:03	4.13	UNKNOWN	United Kingdom
568049	23393	HOME SWEET HOME CUSHION COVER	1	2011-09-23 12:38	3.75	17841	United Kingdom
538174	22808	SET OF 6 T-LIGHTS EASTER CHICKS	18	2010-12-10 09:35	2.95	12471	Germany
553542	22676	FRENCH BLUE METAL DOOR SIGN 1	1	2011-05-17 15:34	2.46	UNKNOWN	United Kingdom
553058	85130A	BEADED PEARL HEART WHITE LARGE	5	2011-05-13 10:44	1.65	17790	United Kingdom
542026	22192	BLUE DINER WALL CLOCK	2	2011-01-25 11:41	8.5	15110	United Kingdom
570416	22556	PLASTERS IN TIN CIRCUS PARADE	12	2011-10-10 13:30	1.65	15608	United Kingdom
548801	22993	SET OF 4 PANTRY JELLY MOULDS	12	2011-04-04 12:44	1.25	15289	United Kingdom
559128	22551	PLASTERS IN TIN SPACEBOY	3	2011-07-06 12:39	1.65	17238	United Kingdom
577701	23237	SET OF 4 KNICK KNACK TINS LEAF	3	2011-11-21 12:11	4.15	13673	United Kingdom
538894	22326	ROUND SNACK BOXES SET OF4 WOODLAND	2	2010-12-14 17:22	2.95	16161	United Kingdom
577723	22749	FELTCRAFT PRINCESS CHARLOTTE DOLL	2	2011-11-21 12:36	3.75	16713	United Kingdom
561502	84978	HANGING HEART JAR T-LIGHT HOLDER	12	2011-07-27 14:14	1.25	14305	United Kingdom
541484	21584	RETROSPOT SMALL TUBE MATCHES	3	2011-01-18 12:46	1.65	16814	United Kingdom
557316	21914	BLUE HARMONICA IN BOX	12	2011-06-19 16:04	1.25	17299	United Kingdom
561040	85114B	IVORY ENCHANTED FOREST PLACEMAT	6	2011-07-24 12:05	1.65	12431	Australia
544930	20914	SET/5 RED RETROSPOT LID GLASS BOWLS	2	2011-02-24 18:26	2.95	17472	United Kingdom
546660	22846	BREAD BIN DINER STYLE RED	1	2011-03-15 14:32	16.95	14156	EIRE
550750	22566	FELTCRAFT HAIRBAND PINK AND PURPLE	12	2011-04-20 11:45	0.85	13632	United Kingdom
566251	23432	PRETTY HANGING QUILTED HEARTS	24	2011-09-11 12:13	0.83	12841	United Kingdom
554382	22970	LONDON BUS COFFEE MUG	4	2011-05-24 11:55	2.55	17365	United Kingdom
560712	21033	JUMBO BAG CHARLIE AND LOLA TOYS	2	2011-07-20 13:06	2.08	14456	United Kingdom
578472	22781	GUMBALL MAGAZINE RACK	2	2011-11-24 12:40	7.65	12476	Germany
568061	72817	SET OF 2 CHRISTMAS DECOUPAGE CANDLE	3	2011-09-23 13:12	0.79	16910	United Kingdom
571275	22672	FRENCH BATHROOM SIGN BLUE METAL	6	2011-10-16 12:28	1.65	15994	United Kingdom
566604	22086	PAPER CHAIN KIT 50'S CHRISTMAS	3	2011-09-13 16:26	2.95	16279	United Kingdom
548165	21977	PACK OF 60 PINK PAISLEY CAKE CASES	2	2011-03-29 13:44	2.08	UNKNOWN	United Kingdom
557292	21829	DINOSAUR KEYRINGS ASSORTED	36	2011-06-19 13:06	0.21	17562	United Kingdom
553750	84945	MULTI COLOUR SILVER T-LIGHT HOLDER	24	2011-05-19 10:16	0.85	15660	United Kingdom
565475	22558	CLOTHES PEGS RETROSPOT PACK 24	144	2011-09-05 10:47	1.45	14156	EIRE
574721	22713	CARD I LOVE LONDON	12	2011-11-06 14:43	0.42	17920	United Kingdom
565863	84879	ASSORTED COLOUR BIRD ORNAMENT	16	2011-09-07 15:00	1.69	17422	United Kingdom
575602	23199	JUMBO BAG APPLES	2	2011-11-10 12:27	2.08	17059	United Kingdom
567475	22417	PACK OF 60 SPACEBOY CAKE CASES	1	2011-09-20 13:11	0.55	16360	United Kingdom
567875	23301	GARDENERS KNEELING PAD KEEP CALM	2	2011-09-22 14:29	1.65	16348	United Kingdom
539718	21656	RIDGED GLASS POSY VASE	1	2010-12-21 13:06	3.36	UNKNOWN	United Kingdom
581196	85099B	JUMBO BAG RED RETROSPOT	10	2011-12-07 17:25	2.08	12935	United Kingdom
538177	21883	STARS GIFT TAPE	1	2010-12-10 09:51	1.66	UNKNOWN	United Kingdom
556484	22795	SWEETHEART RECIPE BOOK STAND	1	2011-06-12 13:17	6.75	16938	United Kingdom
578844	21015	DARK BIRD HOUSE TREE DECORATION	7	2011-11-25 16:14	0.83	UNKNOWN	United Kingdom
556484	22348	TEA BAG PLATE RED RETROSPOT	3	2011-06-12 13:17	0.85	16938	United Kingdom
550632	22784	LANTERN CREAM GAZEBO	1	2011-04-19 14:56	4.95	16907	United Kingdom
576025	22065	CHRISTMAS PUDDING TRINKET POT	1	2011-11-13 14:34	0.39	13232	United Kingdom
544778	22441	GROW YOUR OWN BASIL IN ENAMEL MUG	1	2011-02-23 12:03	2.1	14978	United Kingdom
552690	21658	GLASS  BEURRE DISH	4	2011-05-10 15:10	3.95	16676	United Kingdom
545695	22961	JAM MAKING SET PRINTED	24	2011-03-06 14:15	1.45	17050	United Kingdom
538071	22909	SET OF 20 VINTAGE CHRISTMAS NAPKINS	5	2010-12-09 14:09	1.66	UNKNOWN	United Kingdom
549547	20752	BLUE POLKADOT WASHING UP GLOVES	1	2011-04-10 11:33	2.1	16359	United Kingdom
567424	21977	PACK OF 60 PINK PAISLEY CAKE CASES	24	2011-09-20 11:16	0.55	16369	United Kingdom
548522	22149	FELTCRAFT 6 FLOWER FRIENDS	1	2011-03-31 16:43	4.13	UNKNOWN	United Kingdom
551718	21931	JUMBO STORAGE BAG SUKI	1	2011-05-03 16:06	4.13	UNKNOWN	United Kingdom
549570	22084	PAPER CHAIN KIT EMPIRE	2	2011-04-10 15:19	2.95	17550	United Kingdom
551008	22720	SET OF 3 CAKE TINS PANTRY DESIGN	1	2011-04-26 09:50	10.79	UNKNOWN	United Kingdom
565149	84012	MAGIC SHEEP WOOL GROWING FROM PAPER	24	2011-09-01 14:13	0.85	14414	United Kingdom
545166	22926	IVORY GIANT GARDEN THERMOMETER	2	2011-02-28 14:03	5.95	17027	United Kingdom
571797	21430	SET/3 RED GINGHAM ROSE STORAGE BOX	4	2011-10-19 11:41	7.46	UNKNOWN	United Kingdom
575947	21928	JUMBO BAG SCANDINAVIAN BLUE PAISLEY	3	2011-11-13 11:50	4.13	UNKNOWN	United Kingdom
558809	21948	SET OF 6 CAKE CHOPSTICKS	1	2011-07-04 11:10	2.46	UNKNOWN	United Kingdom
567980	20679	EDWARDIAN PARASOL RED	1	2011-09-23 11:22	5.95	15311	United Kingdom
564306	20754	RETROSPOT RED WASHING UP GLOVES	12	2011-08-24 12:23	2.1	17865	United Kingdom
560650	22029	SPACEBOY BIRTHDAY CARD	12	2011-07-20 11:38	0.42	15529	United Kingdom
549693	21078	SET/20 STRAWBERRY PAPER NAPKINS	12	2011-04-11 13:43	0.85	14696	United Kingdom
545216	23002	TRAVEL CARD WALLET SKULLS	2	2011-02-28 16:50	0.83	UNKNOWN	United Kingdom
558706	84946	ANTIQUE SILVER T-LIGHT GLASS	144	2011-07-01 12:52	1.06	16839	United Kingdom
566408	23176	ABC TREASURE BOOK BOX	2	2011-09-12 13:43	2.25	16984	United Kingdom
537199	22809	SET OF 6 T-LIGHTS SANTA	6	2010-12-05 14:06	2.95	15894	United Kingdom
559782	23239	SET OF 4 KNICK KNACK TINS POPPIES	6	2011-07-12 11:55	4.15	12722	France
541131	22171	3 HOOK PHOTO SHELF ANTIQUE WHITE	1	2011-01-14 10:16	16.63	UNKNOWN	United Kingdom
576339	22031	BOTANICAL LAVENDER BIRTHDAY CARD	7	2011-11-14 15:27	0.83	14096	United Kingdom
539434	22446	PIN CUSHION BABUSHKA PINK	1	2010-12-17 14:41	6.77	UNKNOWN	United Kingdom
577485	22047	EMPIRE GIFT WRAP	25	2011-11-20 11:56	0.42	16360	United Kingdom
572540	85014a	BLACK/BLUE POLKADOT UMBRELLA	1	2011-10-24 16:17	12.46	UNKNOWN	United Kingdom
575601	22970	LONDON BUS COFFEE MUG	1	2011-11-10 12:16	2.55	UNKNOWN	United Kingdom
572703	23298	SPOTTY BUNTING	1	2011-10-25 14:35	4.95	16110	United Kingdom
569898	22431	WATERING CAN BLUE ELEPHANT	1	2011-10-06 16:08	4.13	UNKNOWN	United Kingdom
566787	20676	RED RETROSPOT BOWL	1	2011-09-15 10:31	2.46	UNKNOWN	United Kingdom
576617	22271	FELTCRAFT DOLL ROSIE	1	2011-11-15 16:57	5.79	UNKNOWN	United Kingdom
575960	22578	WOODEN STAR CHRISTMAS SCANDINAVIAN	6	2011-11-13 12:28	0.29	15429	United Kingdom
561507	21452	TOADSTOOL MONEY BOX	6	2011-07-27 14:21	2.95	12397	Belgium
559816	20700	GREEN CAT FLORAL CUSHION COVER	1	2011-07-12 16:11	4.13	UNKNOWN	United Kingdom
580937	21428	SET3 BOOK BOX GREEN GINGHAM FLOWER	4	2011-12-06 14:13	4.25	16143	United Kingdom
559357	23080	RED METAL BOX TOP SECRET	2	2011-07-07 18:56	8.25	17107	United Kingdom
569406	22037	ROBOT BIRTHDAY CARD	36	2011-10-04 09:09	0.42	16253	United Kingdom
553661	23175	REGENCY MILK JUG PINK	28	2011-05-18 11:59	2.75	13572	United Kingdom
540681	82581	TOILET METAL SIGN	1	2011-01-10 16:25	1.28	UNKNOWN	United Kingdom
537050	22440	BALLOON WATER BOMB PACK OF 35	10	2010-12-05 11:10	0.42	14800	United Kingdom
576087	23388	WOODLAND MINI BACKPACK	4	2011-11-14 08:31	4.15	12689	France
570180	23504	PLAYING CARDS JUBILEE UNION JACK	12	2011-10-07 14:28	1.25	17509	United Kingdom
568212	23380	PACK OF 12 VINTAGE DOILY TISSUES	1	2011-09-25 16:05	0.39	15154	United Kingdom
552231	62018	SOMBRERO	3	2011-05-06 15:47	1.95	17364	United Kingdom
544460	21135	VICTORIAN  METAL POSTCARD SPRING	1	2011-02-20 14:01	1.69	16931	United Kingdom
571653	22573	STAR WOODEN CHRISTMAS DECORATION	24	2011-10-18 12:17	0.72	14298	United Kingdom
538155	84849A	HELLO SAILOR BLUE SOAP HOLDER	1	2010-12-09 16:52	1.69	16907	United Kingdom
570239	22866	HAND WARMER SCOTTY DOG DESIGN	3	2011-10-09 15:04	2.1	16518	United Kingdom
543802	20975	12 PENCILS SMALL TUBE RED RETROSPOT	1	2011-02-13 12:03	0.65	13742	United Kingdom
575739	22699	ROSES REGENCY TEACUP AND SAUCER	4	2011-11-11 09:05	5.79	UNKNOWN	United Kingdom
580167	21034	REX CASH+CARRY JUMBO SHOPPER	2	2011-12-02 11:28	0.95	17386	United Kingdom
545294	35920	FOUR RABBIT EASTER DECORATIONS	8	2011-03-01 12:07	1.25	17965	United Kingdom
561388	23235	STORAGE TIN VINTAGE LEAF	48	2011-07-27 09:32	2.49	12753	Japan
581125	22544	MINI JIGSAW SPACEBOY	3	2011-12-07 12:41	0.19	14087	United Kingdom
545078	84978	HANGING HEART JAR T-LIGHT HOLDER	8	2011-02-28 10:15	2.46	UNKNOWN	United Kingdom
575681	23302	KNEELING MAT HOUSEWORK  DESIGN	1	2011-11-10 15:32	1.65	16903	United Kingdom
575854	22465	HANGING METAL STAR LANTERN	12	2011-11-11 12:20	1.65	14125	United Kingdom
541424	84968A	SET OF 16 VINTAGE ROSE CUTLERY	1	2011-01-17 17:57	8.29	UNKNOWN	United Kingdom
547967	23182	TOILET SIGN OCCUPIED OR VACANT	1	2011-03-28 15:49	2.46	UNKNOWN	United Kingdom
545815	22798	ANTIQUE GLASS DRESSING TABLE POT	8	2011-03-07 12:26	2.95	14012	United Kingdom
572513	20616	CHERRY BLOSSOM PASSPORT COVER	1	2011-10-24 14:36	0.75	16728	United Kingdom
571931	23111	PARISIENNE SEWING BOX	1	2011-10-19 16:59	24.96	UNKNOWN	United Kingdom
547882	22151	PLACE SETTING WHITE HEART	24	2011-03-28 07:53	0.42	14911	EIRE
548189	22048	BIRTHDAY BANQUET GIFT WRAP	25	2011-03-29 15:15	0.42	16607	United Kingdom
555941	21086	SET/6 RED SPOTTY PAPER CUPS	36	2011-06-08 10:10	0.65	12726	France
548708	22530	MAGIC DRAWING SLATE DOLLY GIRL	6	2011-04-03 12:41	0.42	13269	United Kingdom
544434	20974	12 PENCILS SMALL TUBE SKULL	24	2011-02-18 16:12	0.65	UNKNOWN	United Kingdom
556728	20724	RED RETROSPOT CHARLOTTE BAG	3	2011-06-14 11:36	0.85	15719	United Kingdom
548757	22361	GLASS JAR DAISY FRESH COTTON WOOL	6	2011-04-04 12:31	2.95	17419	United Kingdom
576614	23394	POSTE FRANCE CUSHION COVER	1	2011-11-15 16:38	3.75	12933	United Kingdom
553162	22561	WOODEN SCHOOL COLOURING SET	2	2011-05-13 15:53	3.29	UNKNOWN	United Kingdom
544167	22730	ALARM CLOCK BAKELIKE IVORY	4	2011-02-16 13:14	3.75	14755	United Kingdom
567340	21671	RED SPOT CERAMIC DRAWER KNOB	12	2011-09-19 15:02	1.45	12540	Spain
555949	21754	HOME BUILDING BLOCK WORD	3	2011-06-08 10:50	5.95	16626	United Kingdom
554491	85129D	BEADED CRYSTAL HEART PINK SMALL	1	2011-05-24 13:50	1.25	14606	United Kingdom
545530	22274	FELTCRAFT DOLL EMILY	6	2011-03-03 13:45	2.95	17416	United Kingdom
561879	21210	SET OF 72 RETROSPOT PAPER  DOILIES	12	2011-07-31 12:43	1.45	13722	United Kingdom
567890	22733	3D TRADITIONAL CHRISTMAS STICKERS	18	2011-09-22 15:40	1.25	14125	United Kingdom
544823	22849	BREAD BIN DINER STYLE MINT	4	2011-02-24 09:28	14.95	14004	United Kingdom
541848	21579	LOLITA  DESIGN  COTTON TOTE BAG	1	2011-01-23 13:31	2.25	17611	United Kingdom
570871	23188	VINTAGE  2 METRE FOLDING RULER	2	2011-10-12 16:36	3.29	UNKNOWN	United Kingdom
579067	84879	ASSORTED COLOUR BIRD ORNAMENT	16	2011-11-28 10:31	1.69	14470	United Kingdom
543182	22456	NATURAL SLATE CHALKBOARD LARGE	1	2011-02-04 10:40	9.96	UNKNOWN	United Kingdom
559040	23199	JUMBO BAG APPLES	1	2011-07-05 15:33	4.13	UNKNOWN	United Kingdom
547396	21929	JUMBO BAG PINK VINTAGE PAISLEY	14	2011-03-22 16:54	4.96	UNKNOWN	United Kingdom
565445	23101	SILVER STARS TABLE DECORATION	4	2011-09-04 14:50	0.83	13548	United Kingdom
577095	21124	SET/10 BLUE POLKADOT PARTY CANDLES	2	2011-11-17 16:39	1.25	15867	United Kingdom
540995	22909	SET OF 20 VINTAGE CHRISTMAS NAPKINS	1	2011-01-13 09:30	1.63	UNKNOWN	United Kingdom
553035	22863	SOAP DISH BROCANTE	1	2011-05-12 20:13	2.95	17337	United Kingdom
564719	17012D	ORIGAMI ROSE INCENSE/CANDLE SET	1	2011-08-28 11:55	0.85	15325	United Kingdom
537685	21786	POLKADOT RAIN HAT	24	2010-12-08 10:21	0.42	18077	United Kingdom
563734	85015	SET OF 12  VINTAGE POSTCARD SET	1	2011-08-18 18:11	0.65	14064	United Kingdom
571657	85048	15CM CHRISTMAS GLASS BALL 20 LIGHTS	2	2011-10-18 12:44	7.95	13835	United Kingdom
539317	21385	IVORY HANGING DECORATION  HEART	1	2010-12-16 19:04	0.85	17392	United Kingdom
576559	22577	WOODEN HEART CHRISTMAS SCANDINAVIAN	5	2011-11-15 13:19	0.29	14711	United Kingdom
539502	22531	MAGIC DRAWING SLATE CIRCUS PARADE	6	2010-12-20 11:14	0.42	14099	United Kingdom
551995	DCGS0003	BOXED GLASS ASHTRAY	1	2011-05-05 15:42	2.46	UNKNOWN	United Kingdom
562939	20682	RED RETROSPOT CHILDRENS UMBRELLA	12	2011-08-11 08:37	3.25	15498	United Kingdom
568387	22960	JAM MAKING SET WITH JARS	6	2011-09-27 10:04	4.25	13704	United Kingdom
540848	85206A	CREAM FELT EASTER EGG BASKET	1	2011-01-12 09:26	3.36	UNKNOWN	United Kingdom
569904	48194	DOORMAT HEARTS	2	2011-10-06 16:27	8.25	13023	United Kingdom
568908	22427	ENAMEL FLOWER JUG CREAM	3	2011-09-29 13:38	5.95	16653	United Kingdom
540418	22601	CHRISTMAS RETROSPOT ANGEL WOOD	2	2011-01-07 11:04	1.66	UNKNOWN	United Kingdom
553767	84832	ZINC WILLIE WINKIE  CANDLE STICK	1	2011-05-19 10:46	1.63	UNKNOWN	United Kingdom
554483	72807A	SET/3 ROSE CANDLE IN JEWELLED BOX	4	2011-05-24 12:57	4.25	13771	United Kingdom
542526	22662	LUNCH BAG DOLLY GIRL DESIGN	10	2011-01-28 12:43	1.65	14659	United Kingdom
581493	20718	RED RETROSPOT SHOPPER BAG	10	2011-12-09 10:10	1.25	12423	Belgium
560772	85087	CANDY SPOT CUSHION COVER	4	2011-07-20 16:12	3.29	UNKNOWN	United Kingdom
577516	21158	MOODY GIRL DOOR HANGER	1	2011-11-20 13:08	0.39	16533	United Kingdom
581492	90175A	WHITE GLASS CHUNKY CHARM BRACELET	2	2011-12-09 10:03	9.15	UNKNOWN	United Kingdom
568791	23284	DOORMAT KEEP CALM AND COME IN	10	2011-09-29 09:51	7.08	16650	United Kingdom
569236	21403	BLUE EGG  SPOON	6	2011-10-02 15:49	0.12	14432	United Kingdom
558475	15058A	BLUE POLKADOT GARDEN PARASOL	1	2011-06-29 15:58	10.79	UNKNOWN	United Kingdom
552803	84906	PINK BUTTERFLY CUSHION COVER	2	2011-05-11 12:32	1.95	14573	United Kingdom
546537	22344	PARTY PIZZA DISH PINK POLKADOT	4	2011-03-14 14:32	0.85	15005	United Kingdom
543245	22804	CANDLEHOLDER PINK HANGING HEART	1	2011-02-04 14:08	2.95	16725	United Kingdom
580884	23382	BOX OF 6 CHRISTMAS CAKE DECORATIONS	1	2011-12-06 12:21	3.75	15907	United Kingdom
547878	84970S	HANGING HEART ZINC T-LIGHT HOLDER	90	2011-03-27 16:01	0.85	15939	United Kingdom
551173	21218	RED SPOTTY BISCUIT TIN	1	2011-04-26 16:54	8.29	UNKNOWN	United Kingdom
571185	23435	3 RAFFIA RIBBONS VINTAGE CHRISTMAS	10	2011-10-14 11:15	0.79	13047	United Kingdom
552563	47566	PARTY BUNTING	50	2011-05-10 11:54	4.15	17597	United Kingdom
539492	22665	RECIPE BOX BLUE SKETCHBOOK DESIGN	1	2010-12-20 10:14	5.91	UNKNOWN	United Kingdom
555542	22312	OFFICE MUG WARMER POLKADOT	6	2011-06-05 12:51	2.95	15108	European Community
574474	21889	WOODEN BOX OF DOMINOES	1	2011-11-04 12:05	1.25	17979	United Kingdom
539321	22940	FELTCRAFT CHRISTMAS FAIRY	1	2010-12-16 19:19	4.25	14723	United Kingdom
562717	72807B	SET/3 OCEAN SCENT CANDLE JEWEL BOX	1	2011-08-08 15:42	8.29	UNKNOWN	United Kingdom
541848	21830	ASSORTED CREEPY CRAWLIES	24	2011-01-23 13:31	0.42	17611	United Kingdom
553006	23298	SPOTTY BUNTING	3	2011-05-12 16:45	4.95	15544	United Kingdom
572552	21948	SET OF 6 CAKE CHOPSTICKS	1	2011-10-24 17:07	2.46	14096	United Kingdom
556263	22374	AIRLINE BAG VINTAGE JET SET RED	1	2011-06-09 18:41	4.25	13969	United Kingdom
562949	22427	ENAMEL FLOWER JUG CREAM	3	2011-08-11 09:47	5.95	14346	United Kingdom
543543	85026B	EAU DE NILE JEWELLED T-LIGHT HOLDER	3	2011-02-09 15:33	0.85	17843	United Kingdom
556330	22819	BIRTHDAY CARD, RETRO SPOT	12	2011-06-10 11:29	0.42	17797	United Kingdom
555488	21733	RED HANGING HEART T-LIGHT HOLDER	3	2011-06-03 13:43	2.95	16942	United Kingdom
562928	21232	STRAWBERRY CERAMIC TRINKET BOX	4	2011-08-10 15:29	1.25	15494	United Kingdom
543187	22727	ALARM CLOCK BAKELIKE RED	4	2011-02-04 11:43	3.75	14778	United Kingdom
568703	22919	HERB MARKER MINT	6	2011-09-28 15:21	0.65	12748	United Kingdom
566787	22139	RETROSPOT TEA SET CERAMIC 11 PC	1	2011-09-15 10:31	10.79	UNKNOWN	United Kingdom
568589	72799F	IVORY PILLAR CANDLE GOLD FLOCK	6	2011-09-28 10:27	2.95	17405	United Kingdom
577126	23256	CHILDRENS CUTLERY SPACEBOY	8	2011-11-17 19:22	4.15	12406	Denmark
543285	22423	REGENCY CAKESTAND 3 TIER	1	2011-02-07 09:48	12.75	14600	United Kingdom
559817	71143	ANTIQUE SILVER BOOK MARK WITH BEADS	8	2011-07-12 16:20	0.83	UNKNOWN	United Kingdom
579539	23073	GEORGIAN TRINKET BOX	2	2011-11-30 10:06	12.5	14911	EIRE
559923	22895	SET OF 2 TEA TOWELS APPLE AND PEARS	1	2011-07-13 16:07	6.63	UNKNOWN	United Kingdom
544818	84380	SET OF 3 BUTTERFLY COOKIE CUTTERS	12	2011-02-23 16:45	1.25	12437	France
570234	23322	LARGE WHITE HEART OF WICKER	6	2011-10-09 14:22	2.95	17790	United Kingdom
559693	23322	LARGE WHITE HEART OF WICKER	1	2011-07-11 16:21	5.79	UNKNOWN	United Kingdom
580615	23451	SQUARE MINI PORTRAIT FRAME	12	2011-12-05 12:05	1.95	16873	United Kingdom
566674	20971	PINK BLUE FELT CRAFT TRINKET BOX	12	2011-09-14 11:41	1.25	15105	United Kingdom
570444	22439	6 ROCKET BALLOONS	4	2011-10-10 14:38	0.65	17284	United Kingdom
580730	20978	36 PENCILS TUBE SKULLS	3	2011-12-05 17:28	2.46	UNKNOWN	United Kingdom
559928	21199	PINK  HEART CONFETTI IN TUBE	12	2011-07-14 08:52	1.65	12405	Finland
576062	84755	COLOUR GLASS T-LIGHT HOLDER HANGING	8	2011-11-13 15:30	0.65	12867	United Kingdom
558738	47590A	BLUE HAPPY BIRTHDAY BUNTING	3	2011-07-01 15:35	5.45	12922	United Kingdom
560777	21035	SET/2 RED RETROSPOT TEA TOWELS	1	2011-07-21 09:30	6.25	UNKNOWN	United Kingdom
576779	22208	WOOD STAMP SET THANK YOU	23	2011-11-16 13:25	0.83	14554	United Kingdom
572318	22349	DOG BOWL CHASING BALL DESIGN	2	2011-10-23 16:19	3.75	15436	United Kingdom
557636	22326	ROUND SNACK BOXES SET OF4 WOODLAND	1	2011-06-21 15:41	2.95	17841	United Kingdom
543519	84997A	GREEN 3 PIECE POLKADOT CUTLERY SET	24	2011-02-09 11:38	4.15	17083	United Kingdom
539044	21731	RED TOADSTOOL LED NIGHT LIGHT	10	2010-12-15 15:47	1.65	15727	United Kingdom
548732	22383	LUNCH BAG SUKI  DESIGN	10	2011-04-04 10:16	1.65	16142	United Kingdom
571601	47590B	PINK HAPPY BIRTHDAY BUNTING	2	2011-10-18 10:53	5.45	17073	United Kingdom
550899	22090	PAPER BUNTING RETROSPOT	6	2011-04-21 12:07	2.95	13505	Switzerland
543546	22297	HEART IVORY TRELLIS SMALL	5	2011-02-09 16:52	2.46	UNKNOWN	United Kingdom
571640	23501	KEY RING BASEBALL BOOT UNION JACK	80	2011-10-18 12:01	1.25	17203	United Kingdom
569544	23515	EMBROIDERED RIBBON REEL DAISY	1	2011-10-04 16:33	4.13	UNKNOWN	United Kingdom
561321	23068	ALUMINIUM STAMPED HEART	4	2011-07-26 12:59	2.49	13668	United Kingdom
557129	22151	PLACE SETTING WHITE HEART	6	2011-06-16 19:59	0.42	17841	United Kingdom
559051	22820	GIFT BAG BIRTHDAY	5	2011-07-05 16:47	0.42	UNKNOWN	United Kingdom
567675	21833	CAMOUFLAGE LED TORCH	24	2011-09-21 15:54	1.69	15351	United Kingdom
554366	22349	DOG BOWL CHASING BALL DESIGN	756	2011-05-24 10:24	4.18	17450	United Kingdom
551966	47566B	TEA TIME PARTY BUNTING	1	2011-05-05 13:14	4.95	15356	United Kingdom
569684	22795	SWEETHEART RECIPE BOOK STAND	2	2011-10-05 14:42	6.75	13947	United Kingdom
581253	22694	WICKER STAR	4	2011-12-08 11:15	2.1	16891	United Kingdom
553917	22178	VICTORIAN GLASS HANGING T-LIGHT	12	2011-05-20 08:30	1.25	17615	United Kingdom
536381	84971S	SMALL HEART FLOWERS HOOK	6	2010-12-01 09:41	0.85	15311	United Kingdom
543532	22468	BABUSHKA LIGHTS STRING OF 10	1	2011-02-09 12:59	13.29	UNKNOWN	United Kingdom
546528	20725	LUNCH BAG RED RETROSPOT	100	2011-03-14 13:04	1.45	15311	United Kingdom
577540	48184	DOORMAT ENGLISH ROSE	1	2011-11-20 14:28	8.25	14984	United Kingdom
572562	22569	FELTCRAFT CUSHION BUTTERFLY	4	2011-10-25 09:07	3.75	13481	United Kingdom
540848	90114	SUMMER DAISIES BAG CHARM	1	2011-01-12 09:26	2.51	UNKNOWN	United Kingdom
571266	23542	WALL ART 70'S ALPHABET	4	2011-10-16 11:41	8.25	17769	United Kingdom
539676	22396	MAGNETS PACK OF 4 RETRO PHOTO	24	2010-12-21 10:54	0.42	12423	Belgium
559052	35911A	MULTICOLOUR RABBIT EGG WARMER	3	2011-07-05 16:53	0.83	UNKNOWN	United Kingdom
560711	22433	WATERING CAN GREEN DINOSAUR	1	2011-07-20 12:58	1.95	17841	United Kingdom
560726	17021	NAMASTE SWAGAT INCENSE	6	2011-07-20 14:16	0.3	17962	United Kingdom
552464	22531	MAGIC DRAWING SLATE CIRCUS PARADE	96	2011-05-09 15:12	0.42	12726	France
550285	22925	BLUE GIANT GARDEN THERMOMETER	2	2011-04-15 14:14	5.95	15249	United Kingdom
569336	22819	BIRTHDAY CARD, RETRO SPOT	12	2011-10-03 14:05	0.42	15088	United Kingdom
568719	23125	6PC WOOD PLATE SET DISPOSABLE	1	2011-09-28 16:19	2.46	UNKNOWN	United Kingdom
542345	22244	3 HOOK HANGER MAGIC GARDEN	1	2011-01-27 11:55	1.95	15910	United Kingdom
561359	23208	LUNCH BAG VINTAGE LEAF DESIGN	10	2011-07-26 15:29	1.65	17160	United Kingdom
574356	22645	CERAMIC HEART FAIRY CAKE MONEY BANK	17	2011-11-04 10:48	4.13	UNKNOWN	United Kingdom
562271	22728	ALARM CLOCK BAKELIKE PINK	1	2011-08-03 17:05	3.75	16098	United Kingdom
544894	85099C	JUMBO  BAG BAROQUE BLACK WHITE	10	2011-02-24 12:09	1.95	15805	United Kingdom
572562	23209	LUNCH BAG VINTAGE DOILY	10	2011-10-25 09:07	1.65	13481	United Kingdom
543909	21947	SET OF 6 HEART CHOPSTICKS	1	2011-02-14 12:32	2.46	UNKNOWN	United Kingdom
554079	84991	60 TEATIME FAIRY CAKE CASES	3	2011-05-22 11:41	0.55	14546	United Kingdom
544316	22832	BROCANTE SHELF WITH HOOKS	2	2011-02-17 14:49	10.75	16556	United Kingdom
541810	22896	PEG BAG APPLES DESIGN	1	2011-01-21 15:00	4.96	UNKNOWN	United Kingdom
558641	21172	PARTY METAL SIGN	12	2011-07-01 09:19	1.45	17865	United Kingdom
564187	20727	LUNCH BAG  BLACK SKULL.	2	2011-08-23 15:24	1.65	15005	United Kingdom
579167	71459	HANGING JAM JAR T-LIGHT HOLDERS	12	2011-11-28 14:06	0.85	16800	United Kingdom
542611	21930	JUMBO STORAGE BAG SKULLS	10	2011-01-30 14:13	1.95	15415	United Kingdom
574280	22355	CHARLOTTE BAG SUKI DESIGN	30	2011-11-03 14:47	0.85	13408	United Kingdom
536560	79321	CHILLI LIGHTS	48	2010-12-01 15:00	4.25	13093	United Kingdom
566249	22469	HEART OF WICKER SMALL	6	2011-09-11 12:09	1.65	13527	United Kingdom
537240	22431	WATERING CAN BLUE ELEPHANT	1	2010-12-06 10:08	4.21	UNKNOWN	United Kingdom
574298	22466	FAIRY TALE COTTAGE NIGHT LIGHT	1	2011-11-03 15:56	4.13	UNKNOWN	United Kingdom
570465	22580	ADVENT CALENDAR GINGHAM SACK	2	2011-10-10 16:02	4.13	UNKNOWN	United Kingdom
547664	84596L	BISCUITS SMALL BOWL LIGHT BLUE	24	2011-03-24 13:16	0.42	13069	United Kingdom
578067	22580	ADVENT CALENDAR GINGHAM SACK	7	2011-11-22 15:43	4.13	UNKNOWN	United Kingdom
545078	22178	VICTORIAN GLASS HANGING T-LIGHT	1	2011-02-28 10:15	2.46	UNKNOWN	United Kingdom
558416	22487	WHITE WOOD GARDEN PLANT LADDER	1	2011-06-29 10:50	9.95	16059	United Kingdom
563205	22692	DOORMAT WELCOME TO OUR HOME	2	2011-08-14 12:03	7.95	14040	United Kingdom
568316	21136	PAINTED METAL PEARS ASSORTED	8	2011-09-26 13:21	1.69	16407	United Kingdom
574683	22424	ENAMEL BREAD BIN CREAM	1	2011-11-06 12:50	12.75	16372	United Kingdom
567668	20777	CHRYSANTHEMUM NOTEBOOK	1	2011-09-21 15:29	1.63	UNKNOWN	United Kingdom
578057	21367	MIRRORED WALL ART GENTS	1	2011-11-22 15:05	0.75	12920	United Kingdom
571463	22652	TRAVEL SEWING KIT	10	2011-10-17 14:23	1.65	16463	United Kingdom
557213	21722	SWEET PUDDING STICKER SHEET	6	2011-06-17 12:16	0.85	15021	United Kingdom
539107	22960	JAM MAKING SET WITH JARS	24	2010-12-16 10:52	3.75	16705	United Kingdom
569220	22086	PAPER CHAIN KIT 50'S CHRISTMAS	4	2011-10-02 13:26	2.95	16007	United Kingdom
544162	22289	HANGING METAL CHICKEN DECORATION	3	2011-02-16 13:00	1.25	14959	United Kingdom
542906	20985	HEART CALCULATOR	1	2011-02-01 15:12	2.46	UNKNOWN	United Kingdom
557870	22384	LUNCH BAG PINK POLKADOT	10	2011-06-23 12:36	1.65	14404	United Kingdom
558237	22663	JUMBO BAG DOLLY GIRL DESIGN	2	2011-06-27 15:04	2.08	12867	United Kingdom
573415	22784	LANTERN CREAM GAZEBO	3	2011-10-30 16:17	4.95	13607	United Kingdom
549520	84946	ANTIQUE SILVER T-LIGHT GLASS	72	2011-04-08 15:19	1.06	13265	United Kingdom
565766	22219	LOVEBIRD HANGING DECORATION WHITE	6	2011-09-06 14:23	0.85	17841	United Kingdom
546136	84673B	BLUE FLY SWAT	1	2011-03-09 16:32	1.25	UNKNOWN	United Kingdom
567982	23190	BUNDLE OF 3 SCHOOL EXERCISE BOOKS	1	2011-09-23 11:25	1.65	UNKNOWN	United Kingdom
581217	84030E	ENGLISH ROSE HOT WATER BOTTLE	1	2011-12-08 09:20	8.29	UNKNOWN	United Kingdom
561914	20719	WOODLAND CHARLOTTE BAG	10	2011-08-01 11:13	0.85	17676	United Kingdom
560712	23283	DOORMAT VINTAGE LEAF	1	2011-07-20 13:06	7.95	14456	United Kingdom
577171	22411	JUMBO SHOPPER VINTAGE RED PAISLEY	10	2011-11-18 10:52	2.08	17159	United Kingdom
570790	20726	LUNCH BAG WOODLAND	10	2011-10-12 11:55	1.65	13575	United Kingdom
557494	22352	LUNCH BOX WITH CUTLERY RETROSPOT	1	2011-06-20 15:19	4.96	UNKNOWN	United Kingdom
545999	84992	72 SWEETHEART FAIRY CAKE CASES	24	2011-03-08 14:44	0.55	13089	United Kingdom
540026	22133	PINK LOVE HEART SHAPE CUP	1	2011-01-04 13:25	1.66	UNKNOWN	United Kingdom
564359	23275	SET OF 3 HANGING OWLS OLLIE BEAK	3	2011-08-24 16:02	1.25	14056	United Kingdom
544469	22560	TRADITIONAL MODELLING CLAY	24	2011-02-21 08:35	1.25	UNKNOWN	EIRE
551686	23156	SET OF 5 MINI GROCERY MAGNETS	12	2011-05-03 12:53	2.08	13668	United Kingdom
569322	23355	HOT WATER BOTTLE KEEP CALM	12	2011-10-03 12:31	4.95	16912	United Kingdom
576345	21106	CREAM SLICE FLANNEL CHOCOLATE SPOT	12	2011-11-14 15:37	2.95	12374	Austria
577504	23582	VINTAGE DOILY JUMBO BAG RED	2	2011-11-20 12:36	2.08	14159	United Kingdom
539595	21846	PINK DIAMANTE PEN IN GIFT BOX	1	2010-12-20 13:43	4.21	UNKNOWN	United Kingdom
580729	35967	FOLK ART METAL STAR T-LIGHT HOLDER	8	2011-12-05 17:24	0.83	UNKNOWN	United Kingdom
548194	22499	WOODEN UNION JACK BUNTING	2	2011-03-29 15:30	12.46	UNKNOWN	United Kingdom
568945	21733	RED HANGING HEART T-LIGHT HOLDER	6	2011-09-29 14:52	2.95	14239	United Kingdom
556502	22927	GREEN GIANT GARDEN THERMOMETER	2	2011-06-13 08:43	5.95	13761	United Kingdom
537815	21479	WHITE SKULL HOT WATER BOTTLE	4	2010-12-08 13:49	3.75	17676	United Kingdom
567865	22687	DOORMAT CHRISTMAS VILLAGE	4	2011-09-22 14:11	8.25	17311	United Kingdom
547382	20727	LUNCH BAG  BLACK SKULL.	2	2011-03-22 15:31	1.65	15457	United Kingdom
577746	22734	SET OF 6 RIBBONS VINTAGE CHRISTMAS	6	2011-11-21 14:17	2.89	15274	United Kingdom
570001	84879	ASSORTED COLOUR BIRD ORNAMENT	24	2011-10-07 09:10	1.69	14427	United Kingdom
564837	85014B	RED RETROSPOT UMBRELLA	1	2011-08-30 12:40	12.46	UNKNOWN	United Kingdom
577403	21993	FLORAL FOLK STATIONERY SET	24	2011-11-20 10:15	1.25	13988	United Kingdom
539595	21929	JUMBO BAG PINK VINTAGE PAISLEY	1	2010-12-20 13:43	4.21	UNKNOWN	United Kingdom
575007	23367	SET 12 COLOUR PENCILS SPACEBOY	16	2011-11-08 11:20	0.65	14140	United Kingdom
545897	22359	GLASS JAR KINGS CHOICE	1	2011-03-07 17:22	5.79	UNKNOWN	United Kingdom
572096	72817	SET OF 2 CHRISTMAS DECOUPAGE CANDLE	3	2011-10-20 15:20	0.79	16813	United Kingdom
558066	22355	CHARLOTTE BAG SUKI DESIGN	1	2011-06-24 15:45	1.63	UNKNOWN	United Kingdom
564554	22840	ROUND CAKE TIN VINTAGE RED	4	2011-08-25 19:39	7.95	17189	United Kingdom
566162	21877	HOME SWEET HOME MUG	12	2011-09-09 11:46	1.65	15249	United Kingdom
564554	23198	PANTRY MAGNETIC  SHOPPING LIST	2	2011-08-25 19:39	1.45	17189	United Kingdom
553920	22138	BAKING SET 9 PIECE RETROSPOT	3	2011-05-20 08:57	4.95	15955	United Kingdom
554546	22993	SET OF 4 PANTRY JELLY MOULDS	3	2011-05-25 09:37	1.25	UNKNOWN	United Kingdom
558532	71053	WHITE METAL LANTERN	7	2011-06-30 11:32	3.75	15039	United Kingdom
558680	23032	DRAWER KNOB CRACKLE GLAZE IVORY	2	2011-07-01 11:19	3.29	UNKNOWN	United Kingdom
561369	23297	SET 40 HEART SHAPE PETIT FOUR CASES	3	2011-07-26 16:22	3.29	UNKNOWN	United Kingdom
580146	21668	RED STRIPE CERAMIC DRAWER KNOB	6	2011-12-02 10:07	3.29	UNKNOWN	United Kingdom
575856	72817	SET OF 2 CHRISTMAS DECOUPAGE CANDLE	2	2011-11-11 12:28	0.79	16386	United Kingdom
575734	20685	DOORMAT RED RETROSPOT	2	2011-11-11 08:39	8.25	12384	Switzerland
562553	20972	PINK CREAM FELT CRAFT TRINKET BOX	3	2011-08-05 16:34	2.46	UNKNOWN	United Kingdom
539434	21656	RIDGED GLASS POSY VASE	2	2010-12-17 14:41	3.36	UNKNOWN	United Kingdom
564020	20914	SET/5 RED RETROSPOT LID GLASS BOWLS	6	2011-08-22 11:57	2.95	13971	United Kingdom
549746	71459	HANGING JAM JAR T-LIGHT HOLDER	96	2011-04-12 10:38	0.72	15251	United Kingdom
580502	22766	PHOTO FRAME CORNICE	2	2011-12-04 13:15	2.95	16931	United Kingdom
579269	72225C	LAVENDER SCENT CAKE CANDLE	24	2011-11-29 09:48	0.29	14601	United Kingdom
544087	20760	GARDEN PATH POCKET BOOK	3	2011-02-15 17:02	0.85	17530	United Kingdom
538071	22531	MAGIC DRAWING SLATE CIRCUS PARADE	1	2010-12-09 14:09	0.85	UNKNOWN	United Kingdom
575930	22579	WOODEN TREE CHRISTMAS SCANDINAVIAN	2	2011-11-11 17:58	0.83	UNKNOWN	United Kingdom
544599	22093	MOTORING TISSUE BOX	1	2011-02-21 18:15	2.46	UNKNOWN	United Kingdom
546466	84519B	CARROT CHARLIE+LOLA COASTER SET	3	2011-03-14 11:04	1.25	18118	United Kingdom
579777	21813	GARLAND WITH STARS AND BELLS	12	2011-11-30 15:13	3.29	UNKNOWN	United Kingdom
575135	23118	PARISIENNE JEWELLERY DRAWER	2	2011-11-08 14:49	7.5	13928	United Kingdom
557311	22847	BREAD BIN DINER STYLE IVORY	1	2011-06-19 15:36	16.95	15700	United Kingdom
578827	35961	FOLKART ZINC HEART CHRISTMAS DEC	34	2011-11-25 14:25	1.63	UNKNOWN	United Kingdom
544311	22356	CHARLOTTE BAG PINK POLKADOT	2	2011-02-17 14:19	0.85	17841	United Kingdom
570082	21015	DARK BIRD HOUSE TREE DECORATION	24	2011-10-07 11:19	0.29	12524	Germany
554151	20974	12 PENCILS SMALL TUBE SKULL	12	2011-05-23 11:07	0.65	14049	United Kingdom
539379	21527	RED RETROSPOT TRADITIONAL TEAPOT	2	2010-12-17 11:43	7.95	15780	United Kingdom
574733	23229	VINTAGE DONKEY TAIL GAME	4	2011-11-06 15:17	3.75	17082	United Kingdom
544599	22679	FRENCH BLUE METAL DOOR SIGN 4	1	2011-02-21 18:15	2.46	UNKNOWN	United Kingdom
559665	22470	HEART OF WICKER LARGE	5	2011-07-11 13:35	2.95	12556	Spain
558526	22698	PINK REGENCY TEACUP AND SAUCER	48	2011-06-30 11:01	2.55	17949	United Kingdom
556813	22228	BUNNY WOODEN PAINTED WITH BIRD	1	2011-06-14 17:28	1.63	UNKNOWN	United Kingdom
540848	84520B	PACK 20 ENGLISH ROSE PAPER NAPKINS	6	2011-01-12 09:26	1.66	UNKNOWN	United Kingdom
539451	22960	JAM MAKING SET WITH JARS	5	2010-12-17 16:59	8.47	UNKNOWN	United Kingdom
545084	20681	PINK POLKADOT CHILDRENS UMBRELLA	6	2011-02-28 10:55	3.25	12458	Switzerland
563183	82551	LAUNDRY 15C METAL SIGN	12	2011-08-12 14:47	1.45	14110	United Kingdom
556636	23108	SET OF 10 LED DOLLY LIGHTS	2	2011-06-13 15:30	12.46	UNKNOWN	United Kingdom
553570	21519	GIN & TONIC DIET GREETING CARD	12	2011-05-18 09:23	0.42	13756	United Kingdom
540242	85053	FRENCH ENAMEL CANDLEHOLDER	1	2011-01-05 15:30	2.1	15046	United Kingdom
542107	22968	ROSE COTTAGE KEEPSAKE BOX	1	2011-01-25 13:38	9.95	16222	United Kingdom
573585	23158	SET OF 5 LUCKY CAT MAGNETS	2	2011-10-31 14:41	4.13	UNKNOWN	United Kingdom
558867	23284	DOORMAT KEEP CALM AND COME IN	1	2011-07-04 12:41	7.95	17765	United Kingdom
551653	21558	SKULL LUNCH BOX WITH CUTLERY	18	2011-05-03 12:03	2.55	13282	United Kingdom
567631	22423	REGENCY CAKESTAND 3 TIER	2	2011-09-21 13:33	12.75	13350	United Kingdom
538566	22620	4 TRADITIONAL SPINNING TOPS	2	2010-12-13 11:21	2.51	UNKNOWN	United Kingdom
573020	23344	JUMBO BAG 50'S CHRISTMAS	10	2011-10-27 12:37	2.08	14842	United Kingdom
548450	85123A	WHITE HANGING HEART T-LIGHT HOLDER	32	2011-03-31 11:20	2.55	15856	United Kingdom
540268	22178	VICTORIAN GLASS HANGING T-LIGHT	36	2011-01-06 11:25	1.25	13458	United Kingdom
569414	23206	LUNCH BAG APPLE DESIGN	9	2011-10-04 10:11	4.96	UNKNOWN	United Kingdom
575895	21015	DARK BIRD HOUSE TREE DECORATION	2	2011-11-11 14:50	0.29	17052	United Kingdom
568650	22489	PACK OF 12 TRADITIONAL CRAYONS	24	2011-09-28 11:56	0.42	13505	Switzerland
564754	22494	EMERGENCY FIRST AID TIN	1	2011-08-30 10:29	2.46	UNKNOWN	United Kingdom
562101	20724	RED RETROSPOT CHARLOTTE BAG	10	2011-08-02 14:04	0.85	13850	United Kingdom
568698	22594	CHRISTMAS GINGHAM TREE	12	2011-09-28 14:57	0.85	14911	EIRE
555564	22993	SET OF 4 PANTRY JELLY MOULDS	2	2011-06-05 15:01	1.25	15005	United Kingdom
566612	21563	RED HEART SHAPE LOVE BUCKET	5	2011-09-13 17:16	2.95	16229	United Kingdom
552288	22898	CHILDRENS APRON APPLES DESIGN	8	2011-05-08 13:20	1.95	13313	United Kingdom
568716	37327	ASSTD MULTICOLOUR CIRCLES MUG	6	2011-09-28 16:13	0.97	UNKNOWN	United Kingdom
564713	21754	HOME BUILDING BLOCK WORD	2	2011-08-28 10:43	5.95	16768	United Kingdom
572925	21539	RED RETROSPOT BUTTER DISH	3	2011-10-27 09:18	4.95	12523	France
568156	21744	SNOWFLAKE PORTABLE TABLE LIGHT	1	2011-09-25 12:16	2.95	14367	United Kingdom
574873	22810	SET OF 6 T-LIGHTS SNOWMEN	1	2011-11-07 13:01	2.95	16362	United Kingdom
558371	22328	ROUND SNACK BOXES SET OF 4 FRUITS	7	2011-06-28 15:44	4.13	UNKNOWN	United Kingdom
537830	84341B	SMALL PINK MAGIC CHRISTMAS TREE	2	2010-12-08 14:46	0.85	13649	United Kingdom
544097	22913	RED COAT RACK PARIS FASHION	3	2011-02-16 09:56	4.95	12455	Cyprus
541696	22343	PARTY PIZZA DISH RED RETROSPOT	3	2011-01-20 18:08	0.42	UNKNOWN	United Kingdom
557938	23084	RABBIT NIGHT LIGHT	2	2011-06-23 15:35	4.13	UNKNOWN	United Kingdom
536396	85123A	WHITE HANGING HEART T-LIGHT HOLDER	6	2010-12-01 10:51	2.55	17850	United Kingdom
549831	21080	SET/20 RED RETROSPOT PAPER NAPKINS	24	2011-04-12 13:10	0.85	14844	United Kingdom
545664	84849B	FAIRY SOAP SOAP HOLDER	12	2011-03-04 15:15	1.69	12584	Italy
540316	22720	SET OF 3 CAKE TINS PANTRY DESIGN	3	2011-01-06 13:00	4.95	16676	United Kingdom
573905	23300	GARDENERS KNEELING PAD CUP OF TEA	1	2011-11-01 15:06	1.65	16971	United Kingdom
573551	23284	DOORMAT KEEP CALM AND COME IN	2	2011-10-31 13:35	8.25	15044	United Kingdom
555397	21078	SET/20 STRAWBERRY PAPER NAPKINS	1	2011-06-02 17:26	1.63	UNKNOWN	United Kingdom
563111	21668	RED STRIPE CERAMIC DRAWER KNOB	12	2011-08-12 11:08	1.25	15249	United Kingdom
580503	23313	VINTAGE CHRISTMAS BUNTING	3	2011-12-04 13:20	4.95	13956	United Kingdom
579517	23300	GARDENERS KNEELING PAD CUP OF TEA	1	2011-11-29 18:02	1.65	12748	United Kingdom
553915	22961	JAM MAKING SET PRINTED	12	2011-05-19 19:51	1.45	18225	United Kingdom
536987	85123A	WHITE HANGING HEART T-LIGHT HOLDER	6	2010-12-03 14:54	2.95	17198	United Kingdom
556719	22627	MINT KITCHEN SCALES	2	2011-06-14 11:21	8.5	17428	United Kingdom
551995	22662	LUNCH BAG DOLLY GIRL DESIGN	1	2011-05-05 15:42	4.13	UNKNOWN	United Kingdom
550288	85049A	TRADITIONAL CHRISTMAS RIBBONS	2	2011-04-15 14:21	1.25	17367	United Kingdom
569486	23323	WHITE WICKER STAR	4	2011-10-04 12:51	2.1	15339	United Kingdom
541783	22962	JAM JAR WITH PINK LID	12	2011-01-21 11:55	0.85	16618	United Kingdom
561391	22754	SMALL RED BABUSHKA NOTEBOOK	12	2011-07-27 09:59	0.85	16628	United Kingdom
546648	21481	FAWN BLUE HOT WATER BOTTLE	1	2011-03-15 14:15	6.63	UNKNOWN	United Kingdom
567507	21786	POLKADOT RAIN HAT	1	2011-09-20 14:46	0.79	UNKNOWN	United Kingdom
578344	22441	GROW YOUR OWN BASIL IN ENAMEL MUG	1	2011-11-24 09:21	4.13	UNKNOWN	United Kingdom
553523	20675	BLUE POLKADOT BOWL	1	2011-05-17 14:46	2.46	UNKNOWN	United Kingdom
542890	21755	LOVE BUILDING BLOCK WORD	2	2011-02-01 13:25	5.95	15311	United Kingdom
577358	22169	FAMILY ALBUM WHITE PICTURE FRAME	1	2011-11-18 15:59	16.63	UNKNOWN	United Kingdom
562131	84755	COLOUR GLASS T-LIGHT HOLDER HANGING	16	2011-08-03 09:30	0.65	18178	United Kingdom
564378	90164A	PINK ROSEBUD PEARL BRACELET	2	2011-08-25 10:26	7.5	12417	Belgium
548257	85159A	BLACK TEA,COFFEE,SUGAR JARS	12	2011-03-30 10:54	1.95	13802	United Kingdom
545897	22026	BANQUET BIRTHDAY  CARD	1	2011-03-07 17:22	0.83	UNKNOWN	United Kingdom
557468	22998	TRAVEL CARD WALLET KEEP CALM	6	2011-06-20 13:14	0.42	16713	United Kingdom
559052	21621	VINTAGE UNION JACK BUNTING	9	2011-07-05 16:53	8.5	UNKNOWN	United Kingdom
563434	22971	QUEENS GUARD COFFEE MUG	12	2011-08-16 12:21	2.55	14057	United Kingdom
543467	21731	RED TOADSTOOL LED NIGHT LIGHT	3	2011-02-08 14:35	3.29	UNKNOWN	United Kingdom
546007	20971	PINK BLUE FELT CRAFT TRINKET BOX	5	2011-03-08 15:34	2.46	UNKNOWN	United Kingdom
557761	21374	MIRRORED WALL ART SKULLS	12	2011-06-22 13:59	1.25	14214	United Kingdom
545338	22730	ALARM CLOCK BAKELIKE IVORY	1	2011-03-01 17:32	3.75	17449	United Kingdom
552234	47566B	TEA TIME PARTY BUNTING	1	2011-05-06 16:01	10.79	UNKNOWN	United Kingdom
560359	21535	RED RETROSPOT SMALL MILK JUG	1	2011-07-18 11:47	2.55	14159	United Kingdom
544766	72801c	4 ROSE PINK DINNER CANDLES	2	2011-02-23 11:09	2.46	UNKNOWN	United Kingdom
575851	22030	SWALLOWS GREETING CARD	24	2011-11-11 12:13	0.42	14662	United Kingdom
554089	22749	FELTCRAFT PRINCESS CHARLOTTE DOLL	1	2011-05-22 12:16	3.75	13527	United Kingdom
541816	21931	JUMBO STORAGE BAG SUKI	4	2011-01-21 15:56	1.95	17799	United Kingdom
568134	23426	METAL SIGN DROP YOUR PANTS	1	2011-09-23 17:02	5.79	UNKNOWN	United Kingdom
539474	22311	OFFICE MUG WARMER BLACK+SILVER	1	2010-12-19 14:27	2.95	15581	United Kingdom
543989	23233	WRAP POPPIES  DESIGN	100	2011-02-15 09:52	0.42	12415	Australia
572865	22652	TRAVEL SEWING KIT	1	2011-10-26 13:01	1.65	17841	United Kingdom
577480	21326	AGED GLASS SILVER T-LIGHT HOLDER	36	2011-11-20 11:37	0.65	14525	United Kingdom
552654	22727	ALARM CLOCK BAKELIKE RED	1	2011-05-10 14:20	3.75	15756	United Kingdom
557878	23298	SPOTTY BUNTING	10	2011-06-23 13:13	4.95	16940	United Kingdom
540976	22394	PAPERWEIGHT KINGS CHOICE	12	2011-01-12 15:00	0.85	12652	France
560238	23152	IVORY SWEETHEART WIRE LETTER RACK	4	2011-07-17 11:41	3.75	17725	United Kingdom
562258	21467	CHERRY CROCHET FOOD COVER	1	2011-08-03 15:28	3.75	16348	United Kingdom
541830	47310M	SMALL POP BOX,FUNKY MONKEY	3	2011-01-21 17:09	1.63	UNKNOWN	United Kingdom
560911	85035C	ROSE 3 WICK MORRIS BOX CANDLE	2	2011-07-21 18:00	4.25	17961	United Kingdom
550193	22423	REGENCY CAKESTAND 3 TIER	4	2011-04-15 09:27	12.75	13952	United Kingdom
539595	85038	6 CHOCOLATE LOVE HEART T-LIGHTS	1	2010-12-20 13:43	4.21	UNKNOWN	United Kingdom
538418	72598	SET/12 TAPER CANDLES	2	2010-12-12 12:00	0.85	17372	United Kingdom
566849	23157	SET OF 6 NATIVITY MAGNETS	36	2011-09-15 12:03	2.08	16341	United Kingdom
540415	22079	RIBBON REEL HEARTS DESIGN	10	2011-01-07 10:47	1.65	16889	United Kingdom
571034	22423	REGENCY CAKESTAND 3 TIER	3	2011-10-13 12:47	12.75	12359	Cyprus
559340	23284	DOORMAT KEEP CALM AND COME IN	4	2011-07-07 16:51	7.95	13699	United Kingdom
549906	22815	CARD PSYCHEDELIC APPLES	12	2011-04-12 16:28	0.42	14998	United Kingdom
567656	22569	FELTCRAFT CUSHION BUTTERFLY	2	2011-09-21 14:40	7.46	14096	United Kingdom
553538	23205	CHARLOTTE BAG VINTAGE ALPHABET	10	2011-05-17 15:26	0.85	15855	United Kingdom
570488	48194	DOORMAT HEARTS	2	2011-10-10 17:12	15.79	14096	United Kingdom
546438	22980	PANTRY SCRUBBING BRUSH	48	2011-03-14 09:59	1.45	15125	United Kingdom
559693	22505	MEMO BOARD COTTAGE DESIGN	8	2011-07-11 16:21	5.79	UNKNOWN	United Kingdom
536401	21907	I'M ON HOLIDAY METAL SIGN	2	2010-12-01 11:21	2.1	15862	United Kingdom
552715	22179	SET 10 LIGHTS NIGHT OWL	4	2011-05-11 09:35	6.75	12921	United Kingdom
566891	22086	PAPER CHAIN KIT 50'S CHRISTMAS	6	2011-09-15 13:51	2.95	14894	United Kingdom
553052	23168	CLASSIC CAFE SUGAR DISPENSER	36	2011-05-13 10:14	1.04	15251	United Kingdom
544685	48188	DOORMAT WELCOME PUPPIES	2	2011-02-22 17:13	7.95	13285	United Kingdom
575959	20718	RED RETROSPOT SHOPPER BAG	10	2011-11-13 12:27	1.25	14547	United Kingdom
565768	22384	LUNCH BAG PINK POLKADOT	30	2011-09-06 14:29	1.65	14040	United Kingdom
543555	22728	ALARM CLOCK BAKELIKE PINK	4	2011-02-10 10:18	3.75	17686	United Kingdom
580279	21754	HOME BUILDING BLOCK WORD	6	2011-12-02 13:12	6.25	15123	United Kingdom
550500	21385	IVORY HANGING DECORATION  HEART	1	2011-04-18 15:26	1.63	UNKNOWN	United Kingdom
572765	22811	SET OF 6 T-LIGHTS CACTI	96	2011-10-26 10:02	2.55	16013	United Kingdom
573270	85048	15CM CHRISTMAS GLASS BALL 20 LIGHTS	2	2011-10-28 13:00	7.95	17418	United Kingdom
539283	85123A	WHITE HANGING HEART T-LIGHT HOLDER	12	2010-12-16 15:47	2.95	14092	United Kingdom
563697	82581	TOILET METAL SIGN	6	2011-08-18 13:44	0.55	16813	United Kingdom
564227	22382	LUNCH BAG SPACEBOY DESIGN	10	2011-08-24 10:19	1.65	15249	United Kingdom
541219	22473	TV DINNER TRAY VINTAGE PAISLEY	2	2011-01-14 14:06	4.13	UNKNOWN	United Kingdom
575510	22622	BOX OF VINTAGE ALPHABET BLOCKS	24	2011-11-10 10:33	9.95	14646	Netherlands
579157	22821	GIFT BAG PSYCHEDELIC APPLES	12	2011-11-28 13:51	0.65	15540	United Kingdom
542265	22190	LOCAL CAFE MUG	1	2011-01-26 17:27	2.1	15867	United Kingdom
536540	22492	MINI PAINT SET VINTAGE	36	2010-12-01 14:05	0.65	14911	EIRE
579509	23111	PARISIENNE SEWING BOX	1	2011-11-29 16:44	12.5	12963	United Kingdom
538177	22283	6 EGG HOUSE PAINTED WOOD	2	2010-12-10 09:51	16.13	UNKNOWN	United Kingdom
550316	84970S	HANGING HEART ZINC T-LIGHT HOLDER	12	2011-04-17 11:45	0.85	16193	United Kingdom
537054	22300	COFFEE MUG DOG + BALL DESIGN	1	2010-12-05 11:40	2.55	16931	United Kingdom
536488	20878	SET/9 CHRISTMAS T-LIGHTS SCENTED	2	2010-12-01 12:31	1.25	17897	United Kingdom
551815	23284	DOORMAT KEEP CALM AND COME IN	2	2011-05-04 11:46	7.95	18065	United Kingdom
575177	23308	SET OF 60 VINTAGE LEAF CAKE CASES	1	2011-11-08 18:41	1.25	UNKNOWN	United Kingdom
577893	23555	LANDMARK FRAME NOTTING HILL	2	2011-11-22 11:47	12.5	17073	United Kingdom
559034	22749	FELTCRAFT PRINCESS CHARLOTTE DOLL	4	2011-07-05 14:56	3.75	13109	United Kingdom
549259	22741	FUNKY DIVA PEN	48	2011-04-07 12:33	0.85	13712	United Kingdom
545078	22219	LOVEBIRD HANGING DECORATION WHITE	1	2011-02-28 10:15	1.63	UNKNOWN	United Kingdom
540813	22147	FELTCRAFT BUTTERFLY HEARTS	4	2011-01-11 12:41	1.45	14669	United Kingdom
554098	22729	ALARM CLOCK BAKELIKE ORANGE	3	2011-05-22 13:01	3.75	14769	United Kingdom
564727	84951A	SET OF 4 PISTACHIO LOVEBIRD COASTER	2	2011-08-28 12:31	0.79	16686	United Kingdom
539049	85099F	JUMBO BAG STRAWBERRY	20	2010-12-15 16:21	1.95	15615	United Kingdom
557271	22746	POPPY'S PLAYHOUSE LIVINGROOM	8	2011-06-19 11:41	2.1	17769	United Kingdom
544893	21908	CHOCOLATE THIS WAY METAL SIGN	12	2011-02-24 12:01	2.1	17865	United Kingdom
547018	22230	JIGSAW TREE WITH WATERING CAN	1	2011-03-18 14:53	0.85	17043	United Kingdom
564136	44228	CANNABIS LEAF BEAD CURTAIN	12	2011-08-23 11:16	0.85	14404	United Kingdom
548198	20726	LUNCH BAG WOODLAND	3	2011-03-29 16:05	1.65	16712	United Kingdom
555560	22384	LUNCH BAG PINK POLKADOT	1	2011-06-05 14:20	1.65	17346	United Kingdom
580282	22762	CUPBOARD 3 DRAWER MA CAMPAGNE	2	2011-12-02 13:17	14.95	14428	United Kingdom
563356	23173	REGENCY TEAPOT ROSES	2	2011-08-15 14:44	9.95	16210	United Kingdom
540975	48184	DOORMAT ENGLISH ROSE	3	2011-01-12 14:57	7.95	14040	United Kingdom
560576	21984	PACK OF 12 PINK PAISLEY TISSUES	2	2011-07-19 14:59	0.29	17287	United Kingdom
546509	20963	APPLE BATH SPONGE	10	2011-03-14 12:15	1.25	14911	EIRE
548708	21791	VINTAGE HEADS AND TAILS CARD GAME	2	2011-04-03 12:41	1.25	13269	United Kingdom
575146	22174	PHOTO CUBE	48	2011-11-08 15:45	1.48	17313	United Kingdom
536782	22771	CLEAR DRAWER KNOB ACRYLIC EDWARDIAN	12	2010-12-02 15:18	1.25	17567	United Kingdom
541696	22249	DECORATION WHITE CHICK MAGIC GARDEN	7	2011-01-20 18:08	0.79	UNKNOWN	United Kingdom
562839	23280	FOLDING BUTTERFLY MIRROR HOT PINK	6	2011-08-09 16:17	0.83	14056	United Kingdom
549014	22652	TRAVEL SEWING KIT	1	2011-04-05 15:00	1.65	17841	United Kingdom
569670	20724	RED RETROSPOT CHARLOTTE BAG	1	2011-10-05 13:47	0.85	14730	United Kingdom
544068	21136	PAINTED METAL PEARS ASSORTED	1	2011-02-15 14:08	1.69	16431	United Kingdom
578472	23532	WALL ART WORK REST AND PLAY	3	2011-11-24 12:40	4.95	12476	Germany
541115	22352	LUNCH BOX WITH CUTLERY RETROSPOT	12	2011-01-13 15:34	2.55	12578	Italy
570836	22946	WOODEN ADVENT CALENDAR CREAM	2	2011-10-12 13:55	16.95	17410	United Kingdom
566585	23308	SET OF 60 VINTAGE LEAF CAKE CASES	24	2011-09-13 14:06	0.55	16409	United Kingdom
548289	21868	POTTING SHED TEA MUG	12	2011-03-30 11:48	1.25	13988	United Kingdom
550832	48184	DOORMAT ENGLISH ROSE	2	2011-04-21 10:31	7.95	17588	United Kingdom
578688	23079	TOADSTOOL BEDSIDE LIGHT	1	2011-11-25 09:27	8.95	16719	United Kingdom
552270	21669	BLUE STRIPE CERAMIC DRAWER KNOB	6	2011-05-08 11:56	1.25	16928	United Kingdom
555591	23138	SINGLE WIRE HOOK IVORY HEART	12	2011-06-06 09:59	1.45	15073	United Kingdom
538248	47591D	PINK FAIRY CAKE CHILDRENS APRON	3	2010-12-10 12:14	1.95	18116	United Kingdom
562540	22311	OFFICE MUG WARMER BLACK+SILVER	2	2011-08-05 15:38	2.95	17400	United Kingdom
552445	84978	HANGING HEART JAR T-LIGHT HOLDER	36	2011-05-09 13:27	1.06	16839	United Kingdom
568057	48185	DOORMAT FAIRY CAKE	2	2011-09-23 12:56	14.13	UNKNOWN	United Kingdom
574393	20728	LUNCH BAG CARS BLUE	10	2011-11-04 11:06	1.65	13313	United Kingdom
538351	21212	PACK OF 72 RETROSPOT CAKE CASES	113	2010-12-10 15:17	2.13	UNKNOWN	United Kingdom
572528	22623	BOX OF VINTAGE JIGSAW BLOCKS	2	2011-10-24 15:43	5.95	13176	United Kingdom
551650	22089	PAPER BUNTING VINTAGE PAISLEY	12	2011-05-03 12:02	2.95	13089	United Kingdom
567280	23126	FELTCRAFT GIRL AMELIE KIT	40	2011-09-19 11:46	4.15	14646	Netherlands
550149	21238	RED RETROSPOT CUP	20	2011-04-14 14:37	0.85	13069	United Kingdom
578065	21003	ROSE DU SUD CUSHION COVER	2	2011-11-22 15:41	5.79	UNKNOWN	United Kingdom
577531	23582	VINTAGE DOILY JUMBO BAG RED	1	2011-11-20 13:58	4.13	UNKNOWN	United Kingdom
554920	82484	WOOD BLACK BOARD ANT WHITE FINISH	4	2011-05-27 12:41	7.95	16275	United Kingdom
574950	22591	CARDHOLDER GINGHAM CHRISTMAS TREE	1	2011-11-08 09:29	6.63	UNKNOWN	United Kingdom
565150	23183	MOTHER'S KITCHEN SPOON REST	6	2011-09-01 14:26	3.29	14298	United Kingdom
556876	22383	LUNCH BAG SUKI DESIGN	1	2011-06-15 11:56	1.65	16241	United Kingdom
576078	22633	HAND WARMER UNION JACK	6	2011-11-13 16:22	2.1	14432	United Kingdom
562907	22083	PAPER CHAIN KIT RETROSPOT	6	2011-08-10 12:44	2.95	14116	United Kingdom
564221	22431	WATERING CAN BLUE ELEPHANT	1	2011-08-24 09:36	4.13	UNKNOWN	United Kingdom
556727	21670	BLUE SPOT CERAMIC DRAWER KNOB	12	2011-06-14 11:33	1.25	17675	United Kingdom
565413	23245	SET OF 3 REGENCY CAKE TINS	4	2011-09-04 11:49	4.95	18223	United Kingdom
539957	22534	MAGIC DRAWING SLATE SPACEBOY	24	2010-12-23 12:58	0.42	12585	Germany
556528	85099B	JUMBO BAG RED RETROSPOT	10	2011-06-13 11:36	2.08	13269	United Kingdom
570237	23395	BELLE JARDINIERE CUSHION COVER	1	2011-10-09 14:48	3.75	13212	United Kingdom
544406	22549	PICTURE DOMINOES	4	2011-02-18 13:26	1.45	16726	United Kingdom
577748	23545	WRAP RED VINTAGE DOILY	25	2011-11-21 14:24	0.42	15159	United Kingdom
576779	22988	SOLDIERS EGG CUP	8	2011-11-16 13:25	1.25	14554	United Kingdom
568428	23265	SET OF 3 WOODEN TREE DECORATIONS	2	2011-09-27 11:27	1.25	14419	United Kingdom
580146	20723	STRAWBERRY CHARLOTTE BAG	60	2011-12-02 10:07	2.46	UNKNOWN	United Kingdom
537666	22398	MAGNETS PACK OF 4 SWALLOWS	1	2010-12-07 18:36	2.51	UNKNOWN	United Kingdom
568719	21791	VINTAGE HEADS AND TAILS CARD GAME	2	2011-09-28 16:19	2.46	UNKNOWN	United Kingdom
556062	23298	SPOTTY BUNTING	30	2011-06-08 14:06	4.95	15189	United Kingdom
576078	22300	COFFEE MUG DOG + BALL DESIGN	2	2011-11-13 16:22	2.55	14432	United Kingdom
550458	20707	CRAZY DAISY HEART DECORATION	8	2011-04-18 13:13	0.83	UNKNOWN	United Kingdom
541827	20724	RED RETROSPOT CHARLOTTE BAG	7	2011-01-21 17:05	1.63	UNKNOWN	United Kingdom
558614	20898	VINTAGE NOTEBOOK TRAVELOGUE	1	2011-06-30 15:56	2.46	UNKNOWN	United Kingdom
557749	22983	CARD BILLBOARD FONT	12	2011-06-22 12:44	0.42	13477	United Kingdom
551855	23254	CHILDRENS CUTLERY DOLLY GIRL	2	2011-05-04 15:08	4.15	12836	United Kingdom
567507	21673	WHITE SPOT BLUE CERAMIC DRAWER KNOB	4	2011-09-20 14:46	2.46	UNKNOWN	United Kingdom
540646	85049E	SCANDINAVIAN REDS RIBBONS	2	2011-01-10 14:32	2.51	UNKNOWN	United Kingdom
548745	23076	ICE CREAM SUNDAE LIP GLOSS	24	2011-04-04 12:10	1.25	12471	Germany
575070	23080	RED METAL BOX TOP SECRET	1	2011-11-08 12:58	8.25	17841	United Kingdom
559801	23301	GARDENERS KNEELING PAD KEEP CALM	1	2011-07-12 13:46	3.29	UNKNOWN	United Kingdom
573109	22193	RED DINER WALL CLOCK	2	2011-10-27 15:19	8.5	15144	United Kingdom
538035	22296	HEART IVORY TRELLIS LARGE	4	2010-12-09 13:03	1.65	16065	United Kingdom
572549	20724	RED RETROSPOT CHARLOTTE BAG	3	2011-10-24 17:03	1.63	UNKNOWN	United Kingdom
571671	22904	CALENDAR PAPER CUT DESIGN	6	2011-10-18 13:15	2.95	16940	United Kingdom
539042	84535B	FAIRY CAKES NOTEBOOK A6 SIZE	32	2010-12-15 15:37	0.65	15062	United Kingdom
539501	22374	AIRLINE BAG VINTAGE JET SET RED	1	2010-12-20 11:08	4.25	17085	United Kingdom
545687	22966	GINGERBREAD MAN COOKIE CUTTER	2	2011-03-06 12:20	1.25	17769	United Kingdom
563735	23309	SET OF 60 I LOVE LONDON CAKE CASES	24	2011-08-18 18:15	0.55	16743	United Kingdom
540352	21043	APRON MODERN VINTAGE COTTON	2	2011-01-06 14:27	4.21	UNKNOWN	United Kingdom
564857	23111	PARISIENNE SEWING BOX	1	2011-08-31 09:23	24.96	UNKNOWN	United Kingdom
565326	22663	JUMBO BAG DOLLY GIRL DESIGN	2	2011-09-02 13:41	2.08	16706	United Kingdom
580115	22620	4 TRADITIONAL SPINNING TOPS	3	2011-12-01 16:22	2.46	UNKNOWN	United Kingdom
573585	22963	JAM JAR WITH GREEN LID	1	2011-10-31 14:41	1.63	UNKNOWN	United Kingdom
569652	23100	SILVER BELLS TABLE DECORATION	12	2011-10-05 12:51	1.25	15628	United Kingdom
562715	21033	JUMBO BAG CHARLIE AND LOLA TOYS	21	2011-08-08 15:34	2.46	UNKNOWN	United Kingdom
567180	22966	GINGERBREAD MAN COOKIE CUTTER	5	2011-09-18 14:56	1.25	17802	United Kingdom
578125	21500	PINK POLKADOT WRAP	25	2011-11-23 10:31	0.42	17511	United Kingdom
571676	23406	HOME SWEET HOME KEY HOLDER	1	2011-10-18 13:29	6.25	16910	United Kingdom
566959	23210	WHITE ROCKING HORSE HAND PAINTED	8	2011-09-15 17:00	1.25	17530	United Kingdom
558774	22427	ENAMEL FLOWER JUG CREAM	1	2011-07-04 10:17	11.63	UNKNOWN	United Kingdom
546096	22560	TRADITIONAL MODELLING CLAY	24	2011-03-09 11:59	1.25	15502	United Kingdom
541115	21774	DECORATIVE CATS BATHROOM BOTTLE	12	2011-01-13 15:34	1.25	12578	Italy
545226	22804	CANDLEHOLDER PINK HANGING HEART	6	2011-03-01 09:33	2.95	12428	Finland
547788	75049L	LARGE CIRCULAR MIRROR MOBILE	4	2011-03-25 12:00	2.46	UNKNOWN	United Kingdom
550796	22082	RIBBON REEL STRIPES DESIGN	5	2011-04-20 14:38	1.65	17211	United Kingdom
570555	23239	SET OF 4 KNICK KNACK TINS POPPIES	6	2011-10-11 11:03	4.15	17119	United Kingdom
560433	90209B	GREEN ENAMEL+GLASS HAIR COMB	1	2011-07-18 15:49	2.07	UNKNOWN	United Kingdom
580282	23245	SET OF 3 REGENCY CAKE TINS	4	2011-12-02 13:17	4.95	14428	United Kingdom
536544	22616	PACK OF 12 LONDON TISSUES	3	2010-12-01 14:32	0.85	UNKNOWN	United Kingdom
537823	21001	ROSE DU SUD WASHBAG	1	2010-12-08 14:25	4.21	UNKNOWN	United Kingdom
544812	22216	T-LIGHT HOLDER WHITE LACE	2	2011-02-23 15:58	1.63	UNKNOWN	United Kingdom
543111	85152	HAND OVER THE CHOCOLATE   SIGN	1	2011-02-03 12:44	2.1	15719	United Kingdom
544634	22432	WATERING CAN PINK BUNNY	1	2011-02-22 11:02	1.95	17994	United Kingdom
567795	21242	RED RETROSPOT PLATE	16	2011-09-22 11:44	1.69	14646	Netherlands
575062	22383	LUNCH BAG SUKI DESIGN	10	2011-11-08 12:30	1.65	17651	United Kingdom
574826	22731	3D CHRISTMAS STAMPS STICKERS	2	2011-11-07 10:58	1.25	15870	United Kingdom
539840	22539	MINI JIGSAW DOLLY GIRL	24	2010-12-22 14:28	0.42	12383	Belgium
560368	20679	EDWARDIAN PARASOL RED	1	2011-07-18 12:25	5.95	17841	United Kingdom
575668	22384	LUNCH BAG PINK POLKADOT	1	2011-11-10 14:59	1.65	18283	United Kingdom
569215	23293	SET OF 12 FAIRY CAKE BAKING CASES	16	2011-10-02 12:30	0.83	13571	United Kingdom
553386	84988	SET OF 72 PINK HEART PAPER DOILIES	12	2011-05-16 16:22	1.45	13381	United Kingdom
552185	21240	BLUE POLKADOT CUP	16	2011-05-06 13:52	0.85	12921	United Kingdom
577768	22340	NOEL GARLAND PAINTED ZINC	8	2011-11-21 15:18	0.83	UNKNOWN	United Kingdom
579541	23335	EGG FRYING PAN IVORY	1	2011-11-30 10:12	2.08	14653	United Kingdom
573898	22111	SCOTTIE DOG HOT WATER BOTTLE	2	2011-11-01 14:35	4.95	14562	United Kingdom
555653	21163	DO NOT TOUCH MY STUFF DOOR HANGER	2	2011-06-06 14:12	1.45	17673	United Kingdom
566489	21669	BLUE STRIPE CERAMIC DRAWER KNOB	18	2011-09-13 10:17	1.45	16814	United Kingdom
572863	22595	GINGHAM HEART DECORATION	30	2011-10-26 12:53	0.85	17841	United Kingdom
540404	20727	LUNCH BAG  BLACK SKULL.	10	2011-01-07 09:40	1.65	12947	United Kingdom
569141	23355	HOT WATER BOTTLE KEEP CALM	4	2011-09-30 15:02	4.95	13021	United Kingdom
569369	23196	VINTAGE LEAF MAGNETIC NOTEPAD	12	2011-10-03 15:32	1.45	15105	United Kingdom
538522	84946	ANTIQUE SILVER TEA GLASS ETCHED	72	2010-12-13 09:09	1.06	16210	United Kingdom
567701	21823	PAINTED METAL HEART WITH HOLLY BELL	24	2011-09-22 09:36	0.39	17172	United Kingdom
577490	21811	HANGING HEART WITH BELL	1	2011-11-20 12:11	0.39	16464	United Kingdom
550987	22084	PAPER CHAIN KIT EMPIRE	2	2011-04-21 18:10	5.79	UNKNOWN	United Kingdom
541827	21984	PACK OF 12 PINK PAISLEY TISSUES	2	2011-01-21 17:05	0.83	UNKNOWN	United Kingdom
541670	21718	RED METAL BEACH SPADE	48	2011-01-20 12:34	1.25	14911	EIRE
538514	48188	DOORMAT WELCOME PUPPIES	1	2010-12-12 14:27	7.95	15044	United Kingdom
560567	20726	LUNCH BAG WOODLAND	19	2011-07-19 13:57	4.96	UNKNOWN	United Kingdom
573145	22423	REGENCY CAKESTAND 3 TIER	1	2011-10-27 18:02	12.75	18219	United Kingdom
560642	22461	SAVOY ART DECO CLOCK	10	2011-07-20 11:07	3.95	17866	United Kingdom
541997	85049G	CHOCOLATE BOX RIBBONS	6	2011-01-25 10:38	1.25	18077	United Kingdom
541999	84077	WORLD WAR 2 GLIDERS ASSTD DESIGNS	2	2011-01-25 10:45	0.42	UNKNOWN	United Kingdom
558475	16235	RECYCLED PENCIL WITH RABBIT ERASER	2	2011-06-29 15:58	0.42	UNKNOWN	United Kingdom
562608	22191	IVORY DINER WALL CLOCK	2	2011-08-08 11:45	8.5	15502	United Kingdom
581456	21122	SET/10 PINK POLKADOT PARTY CANDLES	8	2011-12-08 18:42	1.25	17530	United Kingdom
579155	23323	WHITE WICKER STAR	2	2011-11-28 13:37	2.1	18101	United Kingdom
579938	23349	ROLL WRAP VINTAGE CHRISTMAS	12	2011-12-01 10:18	1.25	14146	United Kingdom
551547	22074	6 RIBBONS SHIMMERING PINKS	2	2011-05-03 09:44	2.46	UNKNOWN	United Kingdom
570289	21485	RETROSPOT HEART HOT WATER BOTTLE	6	2011-10-10 11:50	4.95	17377	United Kingdom
554030	21390	FILIGRIS HEART WITH BUTTERFLY	24	2011-05-20 13:56	1.25	16497	United Kingdom
545996	20774	GREEN FERN NOTEBOOK	3	2011-03-08 14:12	1.65	14367	United Kingdom
552638	22508	DOORSTOP RETROSPOT HEART	4	2011-05-10 13:00	3.75	17700	United Kingdom
577358	22910	PAPER CHAIN KIT VINTAGE CHRISTMAS	2	2011-11-18 15:59	5.79	UNKNOWN	United Kingdom
576838	23457	LARGE PARLOUR PICTURE FRAME	3	2011-11-16 15:21	4.95	18075	United Kingdom
562701	84879	ASSORTED COLOUR BIRD ORNAMENT	48	2011-08-08 13:59	1.69	13767	United Kingdom
537219	22619	SET OF 6 SOLDIER SKITTLES	3	2010-12-05 15:47	3.75	14081	United Kingdom
558777	22249	DECORATION WHITE CHICK MAGIC GARDEN	1	2011-07-04 10:23	0.83	UNKNOWN	United Kingdom
561395	22549	PICTURE DOMINOES	12	2011-07-27 10:29	1.45	13999	United Kingdom
565242	23104	IVORY CAFE HANGING LAMP	1	2011-09-02 10:13	12.5	14436	United Kingdom
551471	20728	LUNCH BAG CARS BLUE	1	2011-04-28 16:40	1.65	16370	United Kingdom
571039	85123A	WHITE HANGING HEART T-LIGHT HOLDER	2	2011-10-13 12:59	2.95	16121	United Kingdom
572329	23250	VINTAGE RED TRIM ENAMEL BOWL	24	2011-10-24 10:13	1.25	14019	United Kingdom
560773	21977	PACK OF 60 PINK PAISLEY CAKE CASES	1	2011-07-20 16:17	1.25	UNKNOWN	United Kingdom
553845	23209	LUNCH BAG DOILEY PATTERN	10	2011-05-19 12:38	1.65	17675	United Kingdom
562104	21242	RED RETROSPOT PLATE	1	2011-08-02 14:31	3.29	UNKNOWN	United Kingdom
575947	22699	ROSES REGENCY TEACUP AND SAUCER	4	2011-11-13 11:50	5.79	UNKNOWN	United Kingdom
561209	21314	SMALL GLASS HEART TRINKET POT	2	2011-07-25 16:57	4.13	UNKNOWN	United Kingdom
563566	23295	SET OF 12 MINI LOAF BAKING CASES	8	2011-08-17 14:25	0.83	13655	United Kingdom
541851	21756	BATH BUILDING BLOCK WORD	1	2011-01-23 14:20	5.95	17841	United Kingdom
566016	23126	FELTCRAFT GIRL AMELIE KIT	4	2011-09-08 12:20	4.95	15144	United Kingdom
552702	22083	PAPER CHAIN KIT RETROSPOT	5	2011-05-10 16:00	5.79	UNKNOWN	United Kingdom
580675	21928	JUMBO BAG SCANDINAVIAN BLUE PAISLEY	10	2011-12-05 14:35	2.08	15640	United Kingdom
569472	23264	SET OF 3 WOODEN SLEIGH DECORATIONS	16	2011-10-04 12:38	1.25	14515	United Kingdom
579470	21755	LOVE BUILDING BLOCK WORD	3	2011-11-29 15:06	6.25	16549	United Kingdom
543774	79190D	RETRO PLASTIC DAISY TRAY	15	2011-02-11 15:56	0.42	15856	United Kingdom
543201	22308	TEA COSY BLUE STRIPE	1	2011-02-04 13:03	4.96	UNKNOWN	United Kingdom
540352	21774	DECORATIVE CATS BATHROOM BOTTLE	2	2011-01-06 14:27	1.28	UNKNOWN	United Kingdom
561075	20723	STRAWBERRY CHARLOTTE BAG	10	2011-07-24 15:51	0.85	16458	United Kingdom
544806	22777	GLASS CLOCHE LARGE	12	2011-02-23 14:50	7.65	15932	United Kingdom
538596	85123A	WHITE HANGING HEART T-LIGHT HOLDER	6	2010-12-13 12:10	2.95	17990	United Kingdom
546136	21832	CHOCOLATE CALCULATOR	1	2011-03-09 16:32	3.29	UNKNOWN	United Kingdom
568134	22819	BIRTHDAY CARD, RETRO SPOT	4	2011-09-23 17:02	0.42	UNKNOWN	United Kingdom
566987	22556	PLASTERS IN TIN CIRCUS PARADE	36	2011-09-16 10:56	1.65	12476	Germany
581433	22405	MONEY BOX POCKET MONEY DESIGN	12	2011-12-08 15:54	0.39	14911	EIRE
540247	35972	DAISY FOLKART HEART DECORATION	1	2011-01-05 15:56	1.25	15464	United Kingdom
541552	22267	EASTER DECORATION EGG BUNNY	1	2011-01-19 11:15	1.25	15039	United Kingdom
562949	85130D	BEADED CRYSTAL HEART PINK LARGE	24	2011-08-11 09:47	0.79	14346	United Kingdom
555289	85099B	JUMBO BAG RED RETROSPOT	10	2011-06-02 10:00	2.08	15078	United Kingdom
539281	22435	SET OF 9 HEART SHAPED BALLOONS	12	2010-12-16 15:45	1.25	18176	United Kingdom
561236	37342	POLKADOT COFFEE CUP & SAUCER PINK	24	2011-07-26 10:27	0.79	15159	United Kingdom
560773	22358	KINGS CHOICE TEA CADDY	2	2011-07-20 16:17	2.46	UNKNOWN	United Kingdom
549250	21244	BLUE POLKADOT PLATE	1	2011-04-07 12:10	1.69	14446	United Kingdom
569415	21524	DOORMAT SPOTTY HOME SWEET HOME	1	2011-10-04 10:14	16.63	UNKNOWN	United Kingdom
573430	22138	BAKING SET 9 PIECE RETROSPOT	3	2011-10-31 10:38	4.95	13813	Germany
547960	22271	FELTCRAFT DOLL ROSIE	1	2011-03-28 15:27	2.95	15644	United Kingdom
549107	21736	GOLD SCROLL GLASS T-LIGHT HOLDER	18	2011-04-06 12:08	0.39	17440	United Kingdom
575176	22435	SET OF 9 HEART SHAPED BALLOONS	2	2011-11-08 18:29	2.46	UNKNOWN	United Kingdom
575725	20725	LUNCH BAG RED RETROSPOT	20	2011-11-10 18:46	1.65	13098	United Kingdom
579161	22066	LOVE HEART TRINKET POT	20	2011-11-28 13:56	0.39	17379	United Kingdom
544788	22814	CARD PARTY GAMES	12	2011-02-23 12:18	0.42	13089	United Kingdom
544812	20846	ZINC HEART LATTICE T-LIGHT HOLDER	1	2011-02-23 15:58	2.46	UNKNOWN	United Kingdom
564338	21559	STRAWBERRY LUNCH BOX WITH CUTLERY	6	2011-08-24 14:41	2.55	12649	Germany
541971	22088	PAPER BUNTING COLOURED LACE	1	2011-01-24 13:48	5.79	UNKNOWN	United Kingdom
576837	23100	SILVER BELLS TABLE DECORATION	4	2011-11-16 15:16	2.46	UNKNOWN	United Kingdom
540473	22427	ENAMEL FLOWER JUG CREAM	2	2011-01-07 14:31	5.95	17284	United Kingdom
555745	21745	GAOLERS KEYS DECORATIVE GARDEN	4	2011-06-07 10:46	3.75	14462	United Kingdom
568688	84596G	SMALL CHOCOLATES PINK BOWL	16	2011-09-28 14:38	0.42	16458	United Kingdom
551277	84970L	SINGLE HEART ZINC T-LIGHT HOLDER	4	2011-04-27 13:06	0.95	13637	United Kingdom
577095	21705	BAG 500G SWIRLY MARBLES	1	2011-11-17 16:39	1.65	15867	United Kingdom
545764	85123A	WHITE HANGING HEART T-LIGHT HOLDER	6	2011-03-07 12:00	2.95	13408	United Kingdom
544299	21500	PINK POLKADOT WRAP	25	2011-02-17 12:55	0.42	13178	United Kingdom
553074	21993	FLORAL FOLK STATIONERY SET	1	2011-05-13 11:45	2.95	15529	United Kingdom
559814	23206	LUNCH BAG APPLE DESIGN	10	2011-07-12 15:49	1.65	15544	United Kingdom
538174	22748	POPPY'S PLAYHOUSE KITCHEN	6	2010-12-10 09:35	2.1	12471	Germany
556108	22666	RECIPE BOX PANTRY YELLOW DESIGN	3	2011-06-08 17:59	5.79	UNKNOWN	United Kingdom
550313	23155	KNICKERBOCKERGLORY MAGNET ASSORTED	24	2011-04-17 11:21	0.83	12681	France
547219	84879	ASSORTED COLOUR BIRD ORNAMENT	8	2011-03-21 14:51	1.69	UNKNOWN	United Kingdom
561363	22433	WATERING CAN GREEN DINOSAUR	2	2011-07-26 15:42	1.95	17238	United Kingdom
562213	22755	SMALL PURPLE BABUSHKA NOTEBOOK	3	2011-08-03 13:39	0.85	13975	United Kingdom
545853	22789	T-LIGHT HOLDER SWEETHEART HANGING	4	2011-03-07 13:50	1.95	16517	United Kingdom
576941	23199	JUMBO BAG APPLES	10	2011-11-17 11:34	2.08	12562	France
553415	21494	ROTATING LEAVES T-LIGHT HOLDER	12	2011-05-17 10:02	1.25	12463	Belgium
560731	22579	WOODEN TREE CHRISTMAS SCANDINAVIAN	12	2011-07-20 14:54	0.85	16149	United Kingdom
556531	84970L	SINGLE HEART ZINC T-LIGHT HOLDER	24	2011-06-13 11:49	0.95	15491	United Kingdom
539245	22795	SWEETHEART RECIPE BOOK STAND	1	2010-12-16 13:25	6.75	UNKNOWN	United Kingdom
568577	85135C	RED DRAGONFLY HELICOPTER	4	2011-09-28 09:41	7.95	15301	United Kingdom
566624	22178	VICTORIAN GLASS HANGING T-LIGHT	6	2011-09-14 09:36	1.95	17315	United Kingdom
552234	85053	FRENCH ENAMEL CANDLEHOLDER	2	2011-05-06 16:01	4.13	UNKNOWN	United Kingdom
552660	84519B	CARROT CHARLIE+LOLA COASTER SET	2	2011-05-10 15:03	5.79	UNKNOWN	United Kingdom
562158	21172	PARTY METAL SIGN	1	2011-08-03 11:45	1.45	15039	United Kingdom
560078	22784	LANTERN CREAM GAZEBO	3	2011-07-14 16:12	4.95	16040	United Kingdom
549155	22998	TRAVEL CARD WALLET KEEP CALM	2	2011-04-06 17:08	0.83	UNKNOWN	United Kingdom
536790	21068	VINTAGE BILLBOARD LOVE/HATE MUG	12	2010-12-02 15:26	1.06	17850	United Kingdom
544098	85049F	BABY BOOM RIBBONS	12	2011-02-16 10:04	1.25	16019	United Kingdom
559157	23241	TREASURE TIN GYMKHANA DESIGN	12	2011-07-06 15:53	2.08	13999	United Kingdom
571641	22161	HEART DECORATION RUSTIC HANGING	24	2011-10-18 12:07	0.19	17135	United Kingdom
547923	22854	CREAM SWEETHEART EGG HOLDER	4	2011-03-28 13:35	4.95	14344	United Kingdom
575756	22667	RECIPE BOX RETROSPOT	1	2011-11-11 10:48	2.95	18118	United Kingdom
538849	85062	PEARL CRYSTAL PUMPKIN T-LIGHT HLDR	6	2010-12-14 13:31	1.65	14415	United Kingdom
562451	22726	ALARM CLOCK BAKELIKE GREEN	4	2011-08-05 09:25	3.75	15110	United Kingdom
544406	21669	BLUE STRIPE CERAMIC DRAWER KNOB	6	2011-02-18 13:26	1.25	16726	United Kingdom
561369	23308	SET OF 60 VINTAGE LEAF CAKE CASES	2	2011-07-26 16:22	1.25	UNKNOWN	United Kingdom
570019	20963	APPLE BATH SPONGE	2	2011-10-07 10:13	1.25	17841	United Kingdom
541695	21027	NINJA RABBIT PINK	1	2011-01-20 18:01	0.83	UNKNOWN	United Kingdom
554954	23159	SET OF 5 PANCAKE DAY MAGNETS	12	2011-05-27 14:50	2.08	14227	United Kingdom
573379	21810	CHRISTMAS HANGING STAR WITH BELL	48	2011-10-30 14:03	0.39	15680	United Kingdom
577695	22154	ANGEL DECORATION 3 BUTTONS	4	2011-11-21 11:55	0.42	15645	United Kingdom
546465	82483	WOOD 2 DRAWER CABINET WHITE FINISH	4	2011-03-14 10:57	6.95	14395	United Kingdom
556935	22621	TRADITIONAL KNITTING NANCY	12	2011-06-15 15:57	1.65	17651	United Kingdom
554835	21535	RED RETROSPOT SMALL MILK JUG	6	2011-05-26 16:11	2.55	15241	United Kingdom
550774	22835	HOT WATER BOTTLE I AM SO POORLY	4	2011-04-20 13:18	4.65	14626	United Kingdom
559142	23341	PINK DINER WALL CLOCK	6	2011-07-06 14:01	8.5	17719	United Kingdom
537666	72819	CUPID DESIGN SCENTED CANDLES	1	2010-12-07 18:36	5.06	UNKNOWN	United Kingdom
561359	20719	WOODLAND CHARLOTTE BAG	20	2011-07-26 15:29	0.85	17160	United Kingdom
569139	22835	HOT WATER BOTTLE I AM SO POORLY	4	2011-09-30 14:55	4.95	16404	United Kingdom
536638	22188	BLACK HEART CARD HOLDER	4	2010-12-02 11:41	3.95	16244	United Kingdom
567670	21086	SET/6 RED SPOTTY PAPER CUPS	3	2011-09-21 15:32	1.63	UNKNOWN	United Kingdom
547891	22755	SMALL PURPLE BABUSHKA NOTEBOOK	12	2011-03-28 10:14	0.85	13266	United Kingdom
545998	22771	CLEAR DRAWER KNOB ACRYLIC EDWARDIAN	12	2011-03-08 14:35	1.25	13373	United Kingdom
580613	22111	SCOTTIE DOG HOT WATER BOTTLE	3	2011-12-05 12:03	4.95	14759	United Kingdom
542005	22740	POLKADOT PEN	144	2011-01-25 11:18	0.85	14409	United Kingdom
542381	22775	PURPLE DRAWERKNOB ACRYLIC EDWARDIAN	12	2011-01-27 14:07	1.25	17213	United Kingdom
546107	22467	GUMBALL COAT RACK	2	2011-03-09 12:33	2.55	17238	United Kingdom
544323	22364	GLASS JAR DIGESTIVE BISCUITS	1	2011-02-17 15:51	5.79	UNKNOWN	United Kingdom
551424	23008	DOLLY GIRL BABY GIFT SET	1	2011-04-28 14:34	16.95	12748	United Kingdom
552710	23208	LUNCH BAG VINTAGE LEAF DESIGN	20	2011-05-11 07:35	1.65	13098	United Kingdom
577078	84568	GIRLS ALPHABET IRON ON PATCHES	17	2011-11-17 15:17	0.42	UNKNOWN	United Kingdom
578016	22751	FELTCRAFT PRINCESS OLIVIA DOLL	1	2011-11-22 13:02	3.75	14506	United Kingdom
574533	22865	HAND WARMER OWL DESIGN	24	2011-11-04 14:24	2.1	12928	United Kingdom
550468	22467	GUMBALL COAT RACK	6	2011-04-18 13:43	2.55	16700	United Kingdom
550636	22569	FELTCRAFT CUSHION BUTTERFLY	1	2011-04-19 15:37	7.46	UNKNOWN	United Kingdom
537691	22147	FELTCRAFT BUTTERFLY HEARTS	12	2010-12-08 10:39	1.45	13842	United Kingdom
559469	85099C	JUMBO  BAG BAROQUE BLACK WHITE	10	2011-07-08 13:37	2.08	15182	United Kingdom
546189	22191	IVORY DINER WALL CLOCK	2	2011-03-10 10:56	8.5	13102	United Kingdom
569528	23010	CIRCUS PARADE BABY GIFT SET	1	2011-10-04 14:53	16.95	16242	United Kingdom
576339	22547	MINI JIGSAW DINOSAUR	1	2011-11-14 15:27	0.83	14096	United Kingdom
567673	85123A	WHITE HANGING HEART T-LIGHT HOLDER	1	2011-09-21 15:43	5.79	UNKNOWN	United Kingdom
556916	21980	PACK OF 12 RED RETROSPOT TISSUES	4	2011-06-15 13:35	0.29	16898	United Kingdom
536528	22839	3 TIER CAKE TIN GREEN AND CREAM	1	2010-12-01 13:17	14.95	15525	United Kingdom
555918	22992	REVOLVER WOODEN RULER	6	2011-06-07 16:21	1.95	16098	United Kingdom
540374	21673	WHITE SPOT BLUE CERAMIC DRAWER KNOB	12	2011-01-06 17:19	1.25	15845	United Kingdom
548703	22991	GIRAFFE WOODEN RULER	3	2011-04-03 11:37	1.95	16010	United Kingdom
569246	22277	COSMETIC BAG VINTAGE ROSE PAISLEY	1	2011-10-03 09:57	4.13	14096	United Kingdom
537825	22867	HAND WARMER BIRD DESIGN	7	2010-12-08 14:36	2.1	15005	United Kingdom
577314	22726	ALARM CLOCK BAKELIKE GREEN	4	2011-11-18 13:23	3.75	12444	Norway
540026	22410	MONEY BOX HOUSEKEEPING DESIGN	1	2011-01-04 13:25	2.51	UNKNOWN	United Kingdom
541648	84212	"ASSORTED FLOWER COLOUR ""LEIS"""	6	2011-01-20 11:15	0.65	17811	United Kingdom
541290	22534	MAGIC DRAWING SLATE SPACEBOY	24	2011-01-17 13:25	0.42	17288	United Kingdom
560041	84997C	CHILDRENS CUTLERY POLKADOT BLUE	6	2011-07-14 14:46	4.15	14156	EIRE
542147	22957	SET 3 PAPER VINTAGE CHICK PAPER EGG	12	2011-01-26 10:02	2.95	12782	Portugal
541830	84968D	SET OF 16 VINTAGE RED CUTLERY	1	2011-01-21 17:09	8.29	UNKNOWN	United Kingdom
575908	23571	TRADITIONAL NAUGHTS & CROSSES	12	2011-11-11 15:54	1.65	13091	United Kingdom
572227	23346	SPACEBOY BEAKER	2	2011-10-21 14:01	1.25	15051	United Kingdom
576568	22661	CHARLOTTE BAG DOLLY GIRL DESIGN	10	2011-11-15 13:42	0.85	17153	United Kingdom
571227	22626	BLACK KITCHEN SCALES	6	2011-10-14 13:54	8.5	12477	Germany
542128	22505	MEMO BOARD COTTAGE DESIGN	4	2011-01-25 15:13	4.95	12609	Germany
562260	23205	CHARLOTTE BAG VINTAGE ALPHABET	30	2011-08-03 15:38	0.85	13408	United Kingdom
575889	84978	HANGING HEART JAR T-LIGHT HOLDER	6	2011-11-11 14:09	1.25	16433	United Kingdom
577691	22384	LUNCH BAG PINK POLKADOT	3	2011-11-21 11:34	1.65	14587	United Kingdom
540501	22782	SET 3 WICKER STORAGE BASKETS	4	2011-01-09 10:43	9.95	13162	United Kingdom
569834	23171	REGENCY TEA PLATE GREEN	12	2011-10-06 13:00	1.65	14383	United Kingdom
580874	71459	HANGING JAM JAR T-LIGHT HOLDERS	48	2011-12-06 12:09	0.85	14735	United Kingdom
572677	23350	ROLL WRAP VINTAGE SPOT	5	2011-10-25 13:46	1.25	17596	United Kingdom
538877	21556	CERAMIC STRAWBERRY MONEY BOX	1	2010-12-14 15:29	5.91	UNKNOWN	United Kingdom
575214	21507	ELEPHANT BIRTHDAY CARD	12	2011-11-09 10:48	0.42	16751	United Kingdom
547911	21198	WHITE HEART CONFETTI IN TUBE	12	2011-03-28 12:25	1.65	14127	United Kingdom
547623	23180	MUM'S KITCHEN CLOCK	4	2011-03-24 11:29	4.95	15641	United Kingdom
575973	22558	CLOTHES PEGS RETROSPOT PACK 24	12	2011-11-13 13:03	1.65	UNKNOWN	EIRE
569020	21918	SET 12 KIDS COLOUR  CHALK STICKS	24	2011-09-30 09:39	0.42	15321	United Kingdom
540848	22835	HOT WATER BOTTLE I AM SO POORLY	1	2011-01-12 09:26	9.32	UNKNOWN	United Kingdom
576644	23355	HOT WATER BOTTLE KEEP CALM	1	2011-11-16 10:01	10.79	UNKNOWN	United Kingdom
549558	23177	TREASURE ISLAND BOOK BOX	1	2011-04-10 13:21	2.25	15058	United Kingdom
556082	23000	TRAVEL CARD WALLET TRANSPORT	1	2011-06-08 15:22	0.83	UNKNOWN	United Kingdom
572216	85017B	ENVELOPE 50 BLOSSOM IMAGES	5	2011-10-21 12:56	0.42	16015	United Kingdom
562846	22775	PURPLE DRAWERKNOB ACRYLIC EDWARDIAN	5	2011-08-10 09:29	2.46	UNKNOWN	United Kingdom
540821	22683	FRENCH BLUE METAL DOOR SIGN 8	1	2011-01-11 13:16	2.51	UNKNOWN	United Kingdom
563089	23148	MINIATURE ANTIQUE ROSE HOOK IVORY	12	2011-08-11 16:54	0.83	15469	United Kingdom
559817	20718	RED RETROSPOT SHOPPER BAG	7	2011-07-12 16:20	1.25	UNKNOWN	United Kingdom
577791	22280	POCKET BAG PINK PAISELY BROWN SPOT	12	2011-11-21 16:36	1.25	17100	United Kingdom
580729	72351B	SET/6 PINK  BUTTERFLY T-LIGHTS	1	2011-12-05 17:24	4.13	UNKNOWN	United Kingdom
570088	23209	LUNCH BAG VINTAGE DOILY	2	2011-10-07 11:32	1.65	16764	United Kingdom
553152	23101	SILVER STARS TABLE DECORATION	12	2011-05-13 14:55	0.83	13089	United Kingdom
546861	16237	SLEEPING CAT ERASERS	30	2011-03-17 15:03	0.21	14911	EIRE
568868	85049H	URBAN BLACK RIBBONS	12	2011-09-29 12:00	1.25	12957	United Kingdom
554950	23182	TOILET SIGN OCCUPIED OR VACANT	24	2011-05-27 14:48	0.83	14227	United Kingdom
556318	23206	LUNCH BAG APPLE DESIGN	10	2011-06-10 10:49	1.65	16767	United Kingdom
563032	22090	PAPER BUNTING RETROSPOT	6	2011-08-11 14:39	2.95	16076	United Kingdom
573020	22693	GROW A FLYTRAP OR SUNFLOWER IN TIN	24	2011-10-27 12:37	1.25	14842	United Kingdom
579291	22730	ALARM CLOCK BAKELIKE IVORY	1	2011-11-29 11:21	8.29	UNKNOWN	United Kingdom
539497	22491	PACK OF 12 COLOURED PENCILS	12	2010-12-20 10:41	0.85	12944	United Kingdom
578011	23108	SET OF 10 LED DOLLY LIGHTS	2	2011-11-22 12:52	6.25	15150	United Kingdom
570228	23191	BUNDLE OF 3 RETRO NOTE BOOKS	2	2011-10-09 13:28	1.65	15821	United Kingdom
537434	21775	DECORATIVE FLORE BATHROOM BOTTLE	1	2010-12-06 16:57	2.51	UNKNOWN	United Kingdom
563557	22077	6 RIBBONS RUSTIC CHARM	12	2011-08-17 13:33	1.65	15786	United Kingdom
572758	22671	FRENCH LAUNDRY SIGN BLUE METAL	1	2011-10-25 18:39	3.29	UNKNOWN	United Kingdom
574714	23275	SET OF 3 HANGING OWLS OLLIE BEAK	2	2011-11-06 14:29	1.25	15427	United Kingdom
546643	22699	ROSES REGENCY TEACUP AND SAUCER	6	2011-03-15 13:23	2.95	16214	United Kingdom
579870	21731	RED TOADSTOOL LED NIGHT LIGHT	12	2011-11-30 16:47	1.65	12437	France
570871	23349	ROLL WRAP VINTAGE CHRISTMAS	2	2011-10-12 16:36	2.46	UNKNOWN	United Kingdom
571054	23512	EMBROIDERED RIBBON REEL ROSIE	1	2011-10-13 13:58	2.08	14234	United Kingdom
555399	23208	LUNCH BAG VINTAGE LEAF DESIGN	2	2011-06-02 17:41	1.65	15555	United Kingdom
544056	22148	EASTER CRAFT 4 CHICKS	12	2011-02-15 12:48	1.95	13004	United Kingdom
556204	23146	TRIPLE HOOK ANTIQUE IVORY ROSE	6	2011-06-09 13:16	3.29	17169	United Kingdom
550474	22432	WATERING CAN PINK BUNNY	1	2011-04-18 13:58	4.13	UNKNOWN	United Kingdom
569236	22602	RETROSPOT WOODEN HEART DECORATION	6	2011-10-02 15:49	0.85	14432	United Kingdom
579142	22121	NOEL WOODEN BLOCK LETTERS	1	2011-11-28 13:06	5.95	16744	United Kingdom
550525	84755	COLOUR GLASS T-LIGHT HOLDER HANGING	32	2011-04-19 10:19	0.65	14672	United Kingdom
576339	22108	PING! MICROWAVE PLATE	3	2011-11-14 15:27	3.29	14096	United Kingdom
541129	82599	FANNY'S REST STOPMETAL SIGN	1	2011-01-14 10:14	4.13	UNKNOWN	United Kingdom
542541	21002	ROSE DU SUD DRAWSTRING BAG	1	2011-01-28 14:25	3.29	UNKNOWN	United Kingdom
544282	84406B	CREAM CUPID HEARTS COAT HANGER	8	2011-02-17 12:24	4.15	17865	United Kingdom
547057	47566	PARTY BUNTING	4	2011-03-20 12:28	4.95	14217	United Kingdom
575073	22144	CHRISTMAS CRAFT LITTLE FRIENDS	3	2011-11-08 13:10	2.1	13975	United Kingdom
556812	22109	FULL ENGLISH BREAKFAST PLATE	1	2011-06-14 17:25	7.46	UNKNOWN	United Kingdom
570465	84923	PINK BUTTERFLY HANDBAG W BOBBLES	1	2011-10-10 16:02	4.13	UNKNOWN	United Kingdom
573405	85036B	CHOCOLATE 1 WICK MORRIS BOX CANDLE	3	2011-10-30 15:55	1.25	13822	United Kingdom
540355	22652	TRAVEL SEWING KIT	6	2011-01-06 15:11	4.21	UNKNOWN	United Kingdom
553890	22921	HERB MARKER CHIVES	2	2011-05-19 16:32	1.63	UNKNOWN	United Kingdom
539451	90201B	BLACK ENAMEL FLOWER RING	1	2010-12-17 16:59	2.96	UNKNOWN	United Kingdom
572742	85099B	JUMBO BAG RED RETROSPOT	10	2011-10-25 15:48	2.08	14341	United Kingdom
581476	22631	CIRCUS PARADE LUNCH BOX	12	2011-12-09 08:48	1.95	12433	Norway
538255	21523	DOORMAT FANCY FONT HOME SWEET HOME	2	2010-12-10 12:33	7.95	14911	EIRE
548739	22649	STRAWBERRY FAIRY CAKE TEAPOT	2	2011-04-04 11:28	4.95	15493	United Kingdom
553182	23170	REGENCY TEA PLATE ROSES	6	2011-05-15 12:21	1.65	17107	United Kingdom
548621	22466	FAIRY TALE COTTAGE NIGHTLIGHT	2	2011-04-01 11:54	1.95	16960	United Kingdom
551250	21199	PINK  HEART CONFETTI IN TUBE	1	2011-04-27 12:00	1.65	17841	United Kingdom
566520	22678	FRENCH BLUE METAL DOOR SIGN 3	4	2011-09-13 11:26	1.25	17757	United Kingdom
548331	21755	LOVE BUILDING BLOCK WORD	3	2011-03-30 13:28	5.95	13047	United Kingdom
573380	21559	STRAWBERRY LUNCH BOX WITH CUTLERY	6	2011-10-30 14:04	2.55	14572	United Kingdom
574677	23365	SET 12 COLOUR PENCILS LOVE LONDON	3	2011-11-06 12:32	0.65	16445	United Kingdom
580054	22794	SWEETHEART WIRE MAGAZINE RACK	1	2011-12-01 13:08	7.95	18122	United Kingdom
571672	84029E	RED WOOLLY HOTTIE WHITE HEART.	12	2011-10-18 13:15	4.25	13880	United Kingdom
577535	22174	PHOTO CUBE	1	2011-11-20 14:07	1.65	14071	United Kingdom
565324	22816	CARD MOTORBIKE SANTA	24	2011-09-02 13:18	0.42	13232	United Kingdom
541969	22746	POPPY'S PLAYHOUSE LIVINGROOM	1	2011-01-24 13:46	4.13	UNKNOWN	United Kingdom
540364	22362	GLASS JAR PEACOCK BATH SALTS	1	2011-01-06 16:03	2.95	14505	United Kingdom
546406	85099C	JUMBO  BAG BAROQUE BLACK WHITE	2	2011-03-11 16:21	4.13	UNKNOWN	United Kingdom
555408	23301	GARDENERS KNEELING PAD KEEP CALM	12	2011-06-03 08:54	1.65	13294	United Kingdom
579190	22357	KINGS CHOICE BISCUIT TIN	4	2011-11-28 15:35	4.25	12657	France
575477	23240	SET OF 4 KNICK KNACK TINS DOILY	1	2011-11-09 16:14	8.29	UNKNOWN	United Kingdom
576651	23523	WALL ART TREASURE AHOY	6	2011-11-16 10:37	3.75	14626	United Kingdom
576092	20996	JAZZ HEARTS ADDRESS BOOK	48	2011-11-14 09:00	0.19	18263	United Kingdom
561661	85180A	RED HEARTS LIGHT CHAIN	2	2011-07-28 16:21	4.65	12743	Unspecified
550823	22500	SET OF 2 TINS JARDIN DE PROVENCE	4	2011-04-21 09:36	4.95	16133	United Kingdom
550712	22041	"RECORD FRAME 7"" SINGLE SIZE"	6	2011-04-20 11:06	2.55	15159	United Kingdom
544089	22348	TEA BAG PLATE RED RETROSPOT	1	2011-02-15 17:51	1.63	UNKNOWN	United Kingdom
564537	22423	REGENCY CAKESTAND 3 TIER	2	2011-08-25 15:18	12.75	15550	United Kingdom
564734	47580	TEA TIME DES TEA COSY	1	2011-08-28 13:32	2.55	12484	Spain
546421	84596J	MIXED NUTS LIGHT GREEN BOWL	16	2011-03-13 11:21	0.42	13700	United Kingdom
557763	21326	AGED GLASS SILVER T-LIGHT HOLDER	12	2011-06-22 14:10	0.65	17669	United Kingdom
539437	85017B	ENVELOPE 50 BLOSSOM IMAGES	1	2010-12-17 14:54	0.85	UNKNOWN	United Kingdom
576617	84692	BOX OF 24 COCKTAIL PARASOLS	9	2011-11-15 16:57	0.83	UNKNOWN	United Kingdom
573022	23032	DRAWER KNOB CRACKLE GLAZE IVORY	24	2011-10-27 12:42	1.65	16011	United Kingdom
567095	82494L	WOODEN FRAME ANTIQUE WHITE	6	2011-09-16 13:03	2.95	17049	United Kingdom
551719	21928	JUMBO BAG SCANDINAVIAN BLUE PAISLEY	2	2011-05-03 16:09	4.13	UNKNOWN	United Kingdom
578789	23460	SWEETHEART WALL TIDY	4	2011-11-25 12:17	9.95	16161	United Kingdom
553220	23202	JUMBO BAG VINTAGE LEAF	10	2011-05-16 09:57	2.08	13319	United Kingdom
551351	21668	RED STRIPE CERAMIC DRAWER KNOB	24	2011-04-28 10:20	1.06	14298	United Kingdom
574009	22093	MOTORING TISSUE BOX	6	2011-11-02 11:49	0.39	15750	United Kingdom
574368	84536A	ENGLISH ROSE NOTEBOOK A7 SIZE	16	2011-11-04 10:59	0.42	13004	United Kingdom
562680	22355	CHARLOTTE BAG SUKI DESIGN	3	2011-08-08 13:46	0.85	17954	United Kingdom
571286	35651	VINTAGE BEAD PINK SCARF	4	2011-10-16 14:35	1.65	14547	United Kingdom
536876	22940	FELTCRAFT CHRISTMAS FAIRY	6	2010-12-03 11:36	4.25	UNKNOWN	United Kingdom
547690	22138	BAKING SET 9 PIECE RETROSPOT	3	2011-03-24 14:56	4.95	16063	United Kingdom
575040	21889	WOODEN BOX OF DOMINOES	12	2011-11-08 11:58	1.25	13381	United Kingdom
575589	22141	CHRISTMAS CRAFT TREE TOP ANGEL	6	2011-11-10 12:05	2.1	14262	United Kingdom
560856	16169E	WRAP 50'S  CHRISTMAS	25	2011-07-21 13:06	0.42	16607	United Kingdom
538664	22625	RED KITCHEN SCALES	12	2010-12-13 15:46	7.65	14733	United Kingdom
553544	20712	JUMBO BAG WOODLAND ANIMALS	9	2011-05-17 15:36	4.13	UNKNOWN	United Kingdom
574840	22097	SWALLOW SQUARE TISSUE BOX	2	2011-11-07 11:41	0.39	12748	United Kingdom
547896	22064	PINK DOUGHNUT TRINKET POT	1	2011-03-28 11:34	1.65	17841	United Kingdom
568310	21912	VINTAGE SNAKES & LADDERS	4	2011-09-26 12:48	3.75	14911	EIRE
553017	21238	RED RETROSPOT CUP	5	2011-05-12 19:01	0.85	12757	Portugal
562984	22327	ROUND SNACK BOXES SET OF 4 SKULLS	2	2011-08-11 11:45	2.95	17841	United Kingdom
546252	23230	WRAP ALPHABET DESIGN	25	2011-03-10 14:42	0.42	14930	Channel Islands
573546	23175	REGENCY MILK JUG PINK	4	2011-10-31 13:13	3.25	15974	United Kingdom
578030	23352	ROLL WRAP 50'S RED CHRISTMAS	12	2011-11-22 13:40	1.25	15498	United Kingdom
538626	22337	ANGEL DECORATION PAINTED ZINC	32	2010-12-13 12:57	0.65	17338	United Kingdom
574043	22610	PENS ASSORTED FUNNY FACE	36	2011-11-02 13:13	0.19	16367	United Kingdom
571296	22041	"RECORD FRAME 7"" SINGLE SIZE"	1	2011-10-16 16:13	2.55	13760	United Kingdom
578362	22271	FELTCRAFT DOLL ROSIE	6	2011-11-24 10:39	2.95	12913	United Kingdom
577772	23504	PLAYING CARDS JUBILEE UNION JACK	24	2011-11-21 15:53	1.25	18139	United Kingdom
573512	22633	HAND WARMER UNION JACK	96	2011-10-31 12:30	1.85	17951	United Kingdom
562928	22623	BOX OF VINTAGE JIGSAW BLOCKS	2	2011-08-10 15:29	5.95	15494	United Kingdom
557598	22558	CLOTHES PEGS RETROSPOT PACK 24	2	2011-06-21 11:33	1.65	14667	United Kingdom
546774	84535A	ENGLISH ROSE NOTEBOOK A6 SIZE	3	2011-03-16 15:45	0.65	14505	United Kingdom
538811	22411	JUMBO SHOPPER VINTAGE RED PAISLEY	10	2010-12-14 12:22	1.95	13178	United Kingdom
540499	22697	GREEN REGENCY TEACUP AND SAUCER	10	2011-01-09 10:21	2.95	16923	United Kingdom
556474	23082	SET 6 PAPER TABLE LANTERN HEARTS	8	2011-06-12 12:01	3.75	16007	United Kingdom
550274	47566	PARTY BUNTING	4	2011-04-15 12:23	4.95	15498	United Kingdom
556937	22085	PAPER CHAIN KIT SKULLS	6	2011-06-15 16:05	2.95	17716	United Kingdom
551824	22236	CAKE STAND 3 TIER MAGIC GARDEN	1	2011-05-04 12:32	12.75	15128	United Kingdom
564060	23240	SET OF 4 KNICK KNACK TINS DOILY	6	2011-08-22 14:37	4.15	17073	United Kingdom
581219	21889	WOODEN BOX OF DOMINOES	1	2011-12-08 09:28	2.46	UNKNOWN	United Kingdom
554050	84879	ASSORTED COLOUR BIRD ORNAMENT	8	2011-05-20 14:54	1.69	18048	United Kingdom
552042	22668	PINK BABY BUNTING	10	2011-05-06 09:00	2.95	13952	United Kingdom
578519	22349	DOG BOWL CHASING BALL DESIGN	1	2011-11-24 13:56	3.75	14591	United Kingdom
580961	22423	REGENCY CAKESTAND 3 TIER	8	2011-12-06 14:40	12.75	14572	United Kingdom
569894	22630	DOLLY GIRL LUNCH BOX	2	2011-10-06 15:53	1.95	15707	United Kingdom
541592	22447	PIN CUSHION BABUSHKA BLUE	1	2011-01-19 15:08	2.46	UNKNOWN	United Kingdom
550986	22087	PAPER BUNTING WHITE LACE	11	2011-04-21 18:06	5.79	UNKNOWN	United Kingdom
545447	22149	FELTCRAFT 6 FLOWER FRIENDS	6	2011-03-02 16:34	2.1	17426	United Kingdom
575091	23351	ROLL WRAP 50'S CHRISTMAS	12	2011-11-08 14:05	1.25	17160	United Kingdom
559170	23199	JUMBO BAG APPLES	2	2011-07-06 17:31	2.08	16942	United Kingdom
553754	23144	ZINC T-LIGHT HOLDER STARS SMALL	12	2011-05-19 10:25	0.83	16175	United Kingdom
540163	21313	GLASS HEART T-LIGHT HOLDER	24	2011-01-05 11:52	0.85	13089	United Kingdom
541592	22481	BLACK TEA TOWEL CLASSIC DESIGN	1	2011-01-19 15:08	0.83	UNKNOWN	United Kingdom
537142	22674	FRENCH TOILET SIGN BLUE METAL	1	2010-12-05 12:57	1.25	12748	United Kingdom
542216	22908	PACK OF 20 NAPKINS RED APPLES	12	2011-01-26 12:29	0.85	14911	EIRE
580501	23312	VINTAGE CHRISTMAS GIFT SACK	2	2011-12-04 13:00	4.15	14546	United Kingdom
554836	85014B	RED RETROSPOT UMBRELLA	3	2011-05-26 16:25	5.95	13015	United Kingdom
536862	22188	BLACK HEART CARD HOLDER	1	2010-12-03 11:13	8.47	UNKNOWN	United Kingdom
568706	22766	PHOTO FRAME CORNICE	8	2011-09-28 15:32	2.95	14911	EIRE
540646	21520	BOOZE & WOMEN GREETING CARD	3	2011-01-10 14:32	0.43	UNKNOWN	United Kingdom
580148	21430	SET/3 RED GINGHAM ROSE STORAGE BOX	1	2011-12-02 10:08	7.46	UNKNOWN	United Kingdom
557484	21165	BEWARE OF THE CAT METAL SIGN	5	2011-06-20 14:36	1.69	14796	United Kingdom
573426	22086	PAPER CHAIN KIT 50'S CHRISTMAS	15	2011-10-31 10:17	6.63	UNKNOWN	United Kingdom
578074	22367	CHILDRENS APRON SPACEBOY DESIGN	1	2011-11-22 16:06	1.95	17590	United Kingdom
543309	22568	FELTCRAFT CUSHION OWL	1	2011-02-07 12:05	3.75	18118	United Kingdom
554994	22996	TRAVEL CARD WALLET VINTAGE TICKET	1	2011-05-29 14:18	0.42	14606	United Kingdom
578935	23157	SET OF 6 NATIVITY MAGNETS	2	2011-11-27 12:52	2.08	15351	United Kingdom
557248	21878	PACK OF 6 SANDCASTLE FLAGS ASSORTED	12	2011-06-17 15:22	0.85	14491	United Kingdom
567667	23204	CHARLOTTE BAG APPLES DESIGN	1	2011-09-21 15:24	1.63	UNKNOWN	United Kingdom
575187	23472	NINE DRAWER OFFICE TIDY	1	2011-11-09 09:06	14.95	16759	United Kingdom
562792	22402	MAGNETS PACK OF 4 VINTAGE COLLAGE	5	2011-08-09 14:18	0.39	17634	United Kingdom
555406	22297	HEART IVORY TRELLIS SMALL	2	2011-06-02 19:50	1.25	17231	United Kingdom
578149	22918	HERB MARKER PARSLEY	1	2011-11-23 11:11	1.63	UNKNOWN	United Kingdom
576071	22026	BANQUET BIRTHDAY  CARD	12	2011-11-13 16:03	0.42	18069	United Kingdom
538678	21928	JUMBO BAG SCANDINAVIAN PAISLEY	1	2010-12-13 16:46	1.95	UNKNOWN	United Kingdom
559523	21355	TOAST ITS - I LOVE YOU	1	2011-07-08 17:19	1.25	13955	United Kingdom
580647	84988	SET OF 72 PINK HEART PAPER DOILIES	1	2011-12-05 13:14	1.45	14083	United Kingdom
572856	21930	JUMBO STORAGE BAG SKULLS	3	2011-10-26 12:28	2.08	18118	United Kingdom
537362	22759	SET OF 3 NOTEBOOKS IN PARCEL	4	2010-12-06 12:34	1.65	17596	United Kingdom
560251	22907	PACK OF 20 NAPKINS PANTRY DESIGN	1	2011-07-17 12:32	0.85	17774	United Kingdom
581492	23536	WALL ART VILLAGE SHOW	1	2011-12-09 10:03	12.46	UNKNOWN	United Kingdom
559039	21874	GIN AND TONIC MUG	1	2011-07-05 15:32	3.29	UNKNOWN	United Kingdom
560920	21564	PINK  HEART SHAPE LOVE BUCKET	6	2011-07-21 18:36	2.95	15370	United Kingdom
571046	22189	CREAM HEART CARD HOLDER	1	2011-10-13 13:35	3.95	18096	United Kingdom
568567	23172	REGENCY TEA PLATE PINK	4	2011-09-27 18:41	3.29	UNKNOWN	United Kingdom
561214	20707	CRAZY DAISY HEART DECORATION	1	2011-07-25 17:00	0.83	UNKNOWN	United Kingdom
547830	84988	SET OF 72 PINK HEART PAPER DOILIES	1	2011-03-25 15:50	2.92	UNKNOWN	United Kingdom
557473	23092	LARGE ANTIQUE WHITE PHOTO FRAME	2	2011-06-20 13:28	7.9	17428	United Kingdom
554597	23144	ZINC T-LIGHT HOLDER STARS SMALL	24	2011-05-25 11:01	0.83	15140	United Kingdom
565844	84836	ZINC METAL HEART DECORATION	12	2011-09-07 12:19	1.25	17442	United Kingdom
564848	23033	DRAWER KNOB CERAMIC RED	6	2011-08-30 15:37	1.45	16928	United Kingdom
564366	84879	ASSORTED COLOUR BIRD ORNAMENT	24	2011-08-25 08:58	1.69	13236	United Kingdom
539451	21915	RED  HARMONICA IN BOX	4	2010-12-17 16:59	2.51	UNKNOWN	United Kingdom
577438	22273	FELTCRAFT DOLL MOLLY	1	2011-11-20 11:09	2.95	18118	United Kingdom
567692	84660A	WHITE STITCHED WALL CLOCK	17	2011-09-21 17:05	0.79	17997	United Kingdom
562031	22832	BROCANTE SHELF WITH HOOKS	2	2011-08-01 17:37	10.75	16984	United Kingdom
575739	21811	HANGING HEART WITH BELL	12	2011-11-11 09:05	0.83	UNKNOWN	United Kingdom
554348	22523	CHILDS GARDEN FORK PINK	12	2011-05-24 08:49	0.85	13523	United Kingdom
546757	22957	SET 3 PAPER VINTAGE CHICK PAPER EGG	6	2011-03-16 13:44	2.95	15381	United Kingdom
542586	21365	MIRRORED WALL ART STARS	12	2011-01-28 15:45	2.95	12377	Switzerland
559652	21975	PACK OF 60 DINOSAUR CAKE CASES	24	2011-07-11 12:47	0.55	17164	United Kingdom
579503	23211	RED ROCKING HORSE HAND PAINTED	10	2011-11-29 16:23	1.25	17097	Spain
552493	84912A	PINK ROSE WASHBAG	1	2011-05-09 16:21	3.29	UNKNOWN	United Kingdom
572216	22382	LUNCH BAG SPACEBOY DESIGN	3	2011-10-21 12:56	1.65	16015	United Kingdom
548711	84763	ZINC FINISH 15CM PLANTER POTS	2	2011-04-03 14:24	1.25	18116	United Kingdom
544928	21285	RETROSPOT CANDLE  MEDIUM	1	2011-02-24 18:07	4.13	UNKNOWN	United Kingdom
572865	23403	LETTER HOLDER HOME SWEET HOME	1	2011-10-26 13:01	3.75	17841	United Kingdom
578344	20682	RED RETROSPOT CHILDRENS UMBRELLA	1	2011-11-24 09:21	6.63	UNKNOWN	United Kingdom
557319	22969	HOMEMADE JAM SCENTED CANDLES	24	2011-06-20 08:23	1.45	15076	United Kingdom
559813	84997A	CHILDRENS CUTLERY POLKADOT GREEN	4	2011-07-12 15:42	4.15	18272	United Kingdom
552574	22620	4 TRADITIONAL SPINNING TOPS	2	2011-05-10 12:20	1.45	15311	United Kingdom
558536	22739	RIBBON REEL CHRISTMAS SOCK BAUBLE	10	2011-06-30 12:06	1.65	12424	Australia
572323	23530	WALL ART ONLY ONE PERSON	6	2011-10-24 09:46	4.95	14312	United Kingdom
557324	21755	LOVE BUILDING BLOCK WORD	1	2011-06-20 09:41	12.46	UNKNOWN	United Kingdom
564324	82486	WOOD S/3 CABINET ANT WHITE FINISH	12	2011-08-24 13:26	8.15	13694	United Kingdom
577156	23290	SPACEBOY CHILDRENS BOWL	8	2011-11-18 09:57	1.25	13471	United Kingdom
537707	22837	HOT WATER BOTTLE BABUSHKA	4	2010-12-08 10:53	4.65	14032	United Kingdom
575701	22632	HAND WARMER RED RETROSPOT	12	2011-11-10 16:59	2.1	13396	United Kingdom
564837	15036	ASSORTED COLOURS SILK FAN	8	2011-08-30 12:40	1.63	UNKNOWN	United Kingdom
537434	85135C	RED DRAGONFLY HELICOPTER	2	2010-12-06 16:57	8.47	UNKNOWN	United Kingdom
545713	21481	FAWN BLUE HOT WATER BOTTLE	1	2011-03-07 10:11	6.63	UNKNOWN	United Kingdom
567509	84991	60 TEATIME FAIRY CAKE CASES	24	2011-09-20 14:51	0.42	14298	United Kingdom
552514	21935	SUKI  SHOULDER BAG	2	2011-05-09 16:30	3.29	UNKNOWN	United Kingdom
559894	21932	SCANDINAVIAN PAISLEY PICNIC BAG	2	2011-07-13 12:06	1.65	14159	United Kingdom
573744	22579	WOODEN TREE CHRISTMAS SCANDINAVIAN	24	2011-11-01 08:16	0.29	17733	United Kingdom
558195	23119	PACK OF 6 LARGE FRUIT STRAWS	12	2011-06-27 12:32	0.62	17735	United Kingdom
539588	21464	DISCO BALL ROTATOR BATTERY OPERATED	1	2010-12-20 13:11	4.25	14527	United Kingdom
567793	22988	SOLDIERS EGG CUP	12	2011-09-22 11:40	1.25	12657	France
560861	22113	GREY HEART HOT WATER BOTTLE	1	2011-07-21 13:37	3.75	17660	United Kingdom
536409	90210B	CLEAR ACRYLIC FACETED BANGLE	1	2010-12-01 11:45	2.95	17908	United Kingdom
543973	21135	VICTORIAN  METAL POSTCARD SPRING	8	2011-02-14 15:15	1.69	17571	United Kingdom
577495	23115	RED APPLES CHOPPING BOARD	1	2011-11-20 12:20	4.95	14704	United Kingdom
559052	22439	6 ROCKET BALLOONS	1	2011-07-05 16:53	1.25	UNKNOWN	United Kingdom
579103	22578	WOODEN STAR CHRISTMAS SCANDINAVIAN	1	2011-11-28 11:39	0.29	18041	United Kingdom
550784	21137	BLACK RECORD COVER FRAME	8	2011-04-20 13:59	3.75	13269	United Kingdom
558558	23236	DOILEY STORAGE TIN	1	2011-06-30 13:17	2.89	17841	United Kingdom
549435	84378	SET OF 3 HEART COOKIE CUTTERS	3	2011-04-08 12:33	1.25	12356	Portugal
572658	22846	BREAD BIN DINER STYLE RED	1	2011-10-25 12:29	16.95	17690	United Kingdom
578067	21974	SET OF 36 PAISLEY FLOWER DOILIES	1	2011-11-22 15:43	2.92	UNKNOWN	United Kingdom
570235	46000S	POLYESTER FILLER PAD 40X40CM	2	2011-10-09 14:30	1.45	13193	United Kingdom
549439	20685	DOORMAT RED RETROSPOT	2	2011-04-08 12:42	7.95	13562	United Kingdom
560991	22138	BAKING SET 9 PIECE RETROSPOT	3	2011-07-22 13:29	4.95	12438	Norway
573300	21977	PACK OF 60 PINK PAISLEY CAKE CASES	2	2011-10-28 16:10	0.55	16049	United Kingdom
544610	22904	CALENDAR PAPER CUT DESIGN	6	2011-02-22 10:09	2.95	16912	United Kingdom
556104	84970L	SINGLE HEART ZINC T-LIGHT HOLDER	12	2011-06-08 16:34	0.95	13875	United Kingdom
540511	22024	RAINY LADIES BIRTHDAY CARD	24	2011-01-09 11:34	0.42	14472	United Kingdom
547063	22821	GIFT BAG PSYCHEDELIC APPLES	12	2011-03-20 13:33	0.65	14769	United Kingdom
550129	22138	BAKING SET 9 PIECE RETROSPOT	3	2011-04-14 13:17	4.95	13001	United Kingdom
552883	21080	SET/20 RED RETROSPOT PAPER NAPKINS	96	2011-05-12 10:13	0.72	14646	Netherlands
554822	21933	PINK VINTAGE PAISLEY PICNIC BAG	10	2011-05-26 14:17	1.65	12937	United Kingdom
538349	90022	EDWARDIAN DROP EARRINGS JET BLACK	1	2010-12-10 14:59	3.81	UNKNOWN	United Kingdom
559698	22499	WOODEN UNION JACK BUNTING	1	2011-07-11 17:07	5.95	17589	United Kingdom
559817	21577	SAVE THE PLANET COTTON TOTE BAG	5	2011-07-12 16:20	1.63	UNKNOWN	United Kingdom
547671	16156S	WRAP PINK FAIRY CAKES	25	2011-03-24 13:45	0.42	14560	United Kingdom
579062	23207	LUNCH BAG ALPHABET DESIGN	10	2011-11-28 10:29	1.65	17651	United Kingdom
552702	85150	LADIES & GENTLEMEN METAL SIGN	1	2011-05-10 16:00	4.96	UNKNOWN	United Kingdom
538379	22988	SOLDIERS EGG CUP	2	2010-12-12 11:26	1.25	17126	United Kingdom
541987	21746	SMALL RED RETROSPOT WINDMILL	6	2011-01-24 16:05	1.25	14130	United Kingdom
577359	22728	ALARM CLOCK BAKELIKE PINK	2	2011-11-18 16:07	3.75	14903	United Kingdom
576688	23158	SET OF 5 LUCKY CAT MAGNETS	12	2011-11-16 12:16	2.08	16717	United Kingdom
552232	90116	FRUIT SALAD BAG CHARM	1	2011-05-06 15:54	2.46	UNKNOWN	United Kingdom
574298	21992	VINTAGE PAISLEY STATIONERY SET	3	2011-11-03 15:56	2.46	UNKNOWN	United Kingdom
542428	22756	LARGE YELLOW BABUSHKA NOTEBOOK	72	2011-01-28 10:00	1.25	17404	Sweden
574036	23489	VINTAGE BELLS GARLAND	6	2011-11-02 12:46	2.89	16607	United Kingdom
538995	22083	PAPER CHAIN KIT RETROSPOT	24	2010-12-15 12:05	2.95	13458	United Kingdom
557315	21174	POTTERING IN THE SHED METAL SIGN	1	2011-06-19 16:02	2.08	15535	United Kingdom
563093	22161	HEART DECORATION RUSTIC HANGING	2	2011-08-11 17:28	0.79	UNKNOWN	United Kingdom
552232	84832	ZINC WILLIE WINKIE  CANDLE STICK	3	2011-05-06 15:54	1.63	UNKNOWN	United Kingdom
569579	21166	COOK WITH WINE METAL SIGN	12	2011-10-05 11:06	2.08	17666	United Kingdom
567167	20914	SET/5 RED RETROSPOT LID GLASS BOWLS	3	2011-09-18 12:21	2.95	15547	United Kingdom
542541	22321	BIRD DECORATION RED RETROSPOT	1	2011-01-28 14:25	1.63	UNKNOWN	United Kingdom
567380	21535	RED RETROSPOT SMALL MILK JUG	12	2011-09-20 10:06	2.55	12620	France
563613	22567	20 DOLLY PEGS RETROSPOT	12	2011-08-18 08:49	1.45	12688	Israel
541422	90214N	"LETTER ""N"" BLING KEY RING"	2	2011-01-17 17:48	0.83	UNKNOWN	United Kingdom
548164	22842	BISCUIT TIN VINTAGE RED	1	2011-03-29 13:44	13.29	UNKNOWN	United Kingdom
581219	23376	PACK OF 12 VINTAGE CHRISTMAS TISSUE	7	2011-12-08 09:28	0.83	UNKNOWN	United Kingdom
581034	23343	JUMBO BAG VINTAGE CHRISTMAS	10	2011-12-07 10:48	2.08	17049	United Kingdom
578270	21889	WOODEN BOX OF DOMINOES	5	2011-11-23 13:39	2.46	14096	United Kingdom
581439	22818	CARD CHRISTMAS VILLAGE	10	2011-12-08 16:30	0.42	UNKNOWN	United Kingdom
545695	21621	VINTAGE UNION JACK BUNTING	2	2011-03-06 14:15	8.5	17050	United Kingdom
575477	22551	PLASTERS IN TIN SPACEBOY	1	2011-11-09 16:14	3.29	UNKNOWN	United Kingdom
571713	23206	LUNCH BAG APPLE DESIGN	2	2011-10-18 16:58	4.13	UNKNOWN	United Kingdom
557963	23092	LARGE ANTIQUE WHITE PHOTO FRAME	2	2011-06-24 09:24	7.9	13709	United Kingdom
581404	85152	HAND OVER THE CHOCOLATE   SIGN	8	2011-12-08 13:47	2.1	13680	United Kingdom
561625	20971	PINK BLUE FELT CRAFT TRINKET BOX	24	2011-07-28 14:03	1.25	16843	United Kingdom
554762	23170	REGENCY TEA PLATE ROSES	12	2011-05-26 11:37	1.65	16837	United Kingdom
545999	22666	RECIPE BOX PANTRY YELLOW DESIGN	6	2011-03-08 14:44	2.95	13089	United Kingdom
580115	22663	JUMBO BAG DOLLY GIRL DESIGN	1	2011-12-01 16:22	4.13	UNKNOWN	United Kingdom
574100	22274	FELTCRAFT DOLL EMILY	1	2011-11-03 10:13	2.95	14098	United Kingdom
537055	22482	BLUE TEA TOWEL CLASSIC DESIGN	6	2010-12-05 11:45	1.25	16814	United Kingdom
578347	22951	60 CAKE CASES DOLLY GIRL DESIGN	1	2011-11-24 09:26	1.25	UNKNOWN	United Kingdom
551193	85214	TUB 24 PINK FLOWER PEGS	2	2011-04-27 11:05	1.65	17954	United Kingdom
567186	20983	12 PENCILS TALL TUBE RED RETROSPOT	2	2011-09-18 16:04	0.85	17073	United Kingdom
576593	22736	RIBBON REEL MAKING SNOWMEN	1	2011-11-15 14:48	1.65	15720	United Kingdom
551250	21770	OPEN CLOSED METAL SIGN	2	2011-04-27 12:00	4.95	17841	United Kingdom
573915	35970	ZINC FOLKART SLEIGH BELLS	1	2011-11-01 15:55	1.69	15511	United Kingdom
548203	22492	MINI PAINT SET VINTAGE	30	2011-03-29 16:40	1.95	UNKNOWN	United Kingdom
575138	72349b	SET/6 PURPLE BUTTERFLY T-LIGHTS	1	2011-11-08 15:24	4.13	UNKNOWN	United Kingdom
574227	84375	SET OF 20 KIDS COOKIE CUTTERS	12	2011-11-03 12:18	2.1	16992	United Kingdom
569546	22966	GINGERBREAD MAN COOKIE CUTTER	1	2011-10-04 16:39	1.25	15276	United Kingdom
550145	22963	JAM JAR WITH GREEN LID	12	2011-04-14 14:15	0.85	12637	France
547385	21383	PACK OF 12 STICKY BUNNIES	1	2011-03-22 15:48	1.63	UNKNOWN	United Kingdom
569321	22772	PINK DRAWER KNOB ACRYLIC EDWARDIAN	12	2011-10-03 12:23	1.25	UNKNOWN	United Kingdom
543358	84978	HANGING HEART JAR T-LIGHT HOLDER	4	2011-02-07 14:04	2.46	UNKNOWN	United Kingdom
538198	22307	GOLD MUG BONE CHINA TREE OF LIFE	6	2010-12-10 11:01	1.95	17827	United Kingdom
568213	47504K	ENGLISH ROSE GARDEN SECATEURS	12	2011-09-25 16:06	0.79	15214	United Kingdom
548293	20676	RED RETROSPOT BOWL	72	2011-03-30 11:51	1.06	13798	United Kingdom
562264	20978	36 PENCILS TUBE SKULLS	1	2011-08-03 16:14	2.46	UNKNOWN	United Kingdom
577303	84997B	CHILDRENS CUTLERY RETROSPOT RED	3	2011-11-18 13:02	4.15	14390	United Kingdom
555397	84913A	SOFT PINK ROSE TOWEL	1	2011-06-02 17:26	3.29	UNKNOWN	United Kingdom
563555	22558	CLOTHES PEGS RETROSPOT PACK 24	2	2011-08-17 13:21	1.65	16755	United Kingdom
540524	85049F	BABY BOOM RIBBONS	24	2011-01-09 12:53	1.25	16735	United Kingdom
563614	22630	DOLLY GIRL LUNCH BOX	256	2011-08-18 08:51	1.65	12415	Australia
548199	22380	TOY TIDY SPACEBOY	5	2011-03-29 16:12	2.1	16945	United Kingdom
566451	22219	LOVEBIRD HANGING DECORATION WHITE	2	2011-09-12 16:14	0.85	18069	United Kingdom
565295	84987	SET OF 36 TEATIME PAPER DOILIES	12	2011-09-02 12:01	1.45	12794	Portugal
546096	84832	ZINC WILLIE WINKIE  CANDLE STICK	24	2011-03-09 11:59	0.85	15502	United Kingdom
580677	22696	WICKER WREATH LARGE	2	2011-12-05 14:40	1.95	16200	United Kingdom
559984	23256	CHILDRENS CUTLERY SPACEBOY	1	2011-07-14 11:45	4.15	16657	United Kingdom
563193	84598	BOYS ALPHABET IRON ON PATCHES	12	2011-08-12 16:30	0.42	UNKNOWN	United Kingdom
553676	85175	CACTI T-LIGHT CANDLES	256	2011-05-18 12:57	0.36	16553	United Kingdom
544672	22386	JUMBO BAG PINK POLKADOT	100	2011-02-22 15:45	1.65	14646	Netherlands
540816	22555	PLASTERS IN TIN STRONGMAN	5	2011-01-11 12:55	1.65	15518	United Kingdom
574544	23340	VINTAGE CHRISTMAS CAKE FRILL	12	2011-11-04 14:49	1.65	17084	United Kingdom
557322	16161P	WRAP ENGLISH ROSE	25	2011-06-20 09:04	0.42	17444	Canada
569870	22278	OVERNIGHT BAG VINTAGE ROSE PAISLEY	1	2011-10-06 14:59	4.95	12757	Portugal
574856	22844	VINTAGE CREAM DOG FOOD CONTAINER	1	2011-11-07 12:06	16.63	UNKNOWN	United Kingdom
560718	23199	JUMBO BAG APPLES	100	2011-07-20 13:30	1.79	17677	United Kingdom
566221	22962	JAM JAR WITH PINK LID	1	2011-09-09 16:13	1.63	UNKNOWN	United Kingdom
574629	22996	TRAVEL CARD WALLET VINTAGE TICKET	2	2011-11-06 11:21	0.42	16326	United Kingdom
550325	22464	HANGING METAL HEART LANTERN	12	2011-04-17 13:04	1.65	15745	United Kingdom
567807	84030E	ENGLISH ROSE HOT WATER BOTTLE	2	2011-09-22 12:23	4.25	17027	United Kingdom
568882	23204	CHARLOTTE BAG APPLES DESIGN	10	2011-09-29 12:39	0.85	12839	United Kingdom
546523	22980	PANTRY SCRUBBING BRUSH	12	2011-03-14 12:42	1.65	13319	United Kingdom
559923	90010A	MIDNIGHT BLUE GLASS/SILVER BRACELET	1	2011-07-13 16:07	9.57	UNKNOWN	United Kingdom
560773	22232	JIGSAW TOADSTOOLS 3 PIECE	3	2011-07-20 16:17	1.25	UNKNOWN	United Kingdom
537638	22910	PAPER CHAIN KIT VINTAGE CHRISTMAS	11	2010-12-07 15:28	5.91	UNKNOWN	United Kingdom
536874	22076	6 RIBBONS EMPIRE	1	2010-12-03 11:35	1.65	16891	United Kingdom
550130	22197	SMALL POPCORN HOLDER	4	2011-04-14 13:17	0.85	14390	United Kingdom
581175	22544	MINI JIGSAW SPACEBOY	144	2011-12-07 15:16	0.19	14646	Netherlands
541508	22364	GLASS JAR DIGESTIVE BISCUITS	1	2011-01-18 16:06	5.79	UNKNOWN	United Kingdom
574348	22726	ALARM CLOCK BAKELIKE GREEN	12	2011-11-04 10:28	3.75	13756	United Kingdom
540981	22030	SWALLOWS GREETING CARD	12	2011-01-12 15:25	0.42	12868	United Kingdom
539075	22840	ROUND CAKE TIN VINTAGE RED	3	2010-12-15 17:28	7.95	17189	United Kingdom
548160	22076	6 RIBBONS EMPIRE	24	2011-03-29 13:33	1.65	16253	United Kingdom
542741	22333	RETROSPOT PARTY BAG + STICKER SET	5	2011-01-31 16:02	1.65	17375	United Kingdom
568215	21790	VINTAGE SNAP CARDS	24	2011-09-26 08:38	0.85	13390	United Kingdom
569223	22086	PAPER CHAIN KIT 50'S CHRISTMAS	4	2011-10-02 13:49	2.95	16283	United Kingdom
546640	20914	SET/5 RED RETROSPOT LID GLASS BOWLS	6	2011-03-15 12:56	2.95	14092	United Kingdom
581538	22068	BLACK PIRATE TREASURE CHEST	1	2011-12-09 11:34	0.39	14446	United Kingdom
576851	22110	BIRD HOUSE HOT WATER BOTTLE	2	2011-11-16 15:41	2.55	15967	United Kingdom
545044	20677	PINK POLKADOT BOWL	8	2011-02-27 11:31	1.25	15738	United Kingdom
539002	22624	IVORY KITCHEN SCALES	1	2010-12-15 12:30	8.5	14527	United Kingdom
544203	20694	FLORAL PINK MONSTER	4	2011-02-17 10:30	3.75	12362	Belgium
544450	22201	FRYING PAN BLUE POLKADOT	3	2011-02-20 12:23	4.25	17811	United Kingdom
562094	84949	SILVER HANGING T-LIGHT HOLDER	24	2011-08-02 13:09	1.65	15024	United Kingdom
555558	84992	72 SWEETHEART FAIRY CAKE CASES	1	2011-06-05 14:06	0.55	14159	United Kingdom
572290	23558	LANDMARK FRAME LONDON BRIDGE	2	2011-10-23 12:46	12.5	14800	United Kingdom
548011	20724	RED RETROSPOT CHARLOTTE BAG	100	2011-03-29 11:14	0.72	14646	Netherlands
545646	37479B	CUBIC MUG FLOCK BLUE ON BROWN	1	2011-03-04 12:42	2.55	14779	United Kingdom
567671	23374	RED SPOT PAPER GIFT BAG	1	2011-09-21 15:34	1.63	UNKNOWN	United Kingdom
580513	21991	BOHEMIAN COLLAGE STATIONERY SET	1	2011-12-04 13:59	1.25	14456	United Kingdom
570416	22776	SWEETHEART CAKESTAND 3 TIER	1	2011-10-10 13:30	9.95	15608	United Kingdom
544672	22714	CARD BIRTHDAY COWBOY	72	2011-02-22 15:45	0.36	14646	Netherlands
569222	21465	PINK FLOWER CROCHET FOOD COVER	2	2011-10-02 13:46	3.75	15906	United Kingdom
563090	20719	WOODLAND CHARLOTTE BAG	10	2011-08-11 17:00	0.85	16186	United Kingdom
558683	84795b	SUNSET CHECK HAMMOCK	1	2011-07-01 11:23	16.63	UNKNOWN	United Kingdom
575930	22982	PANTRY PASTRY BRUSH	2	2011-11-11 17:58	2.46	UNKNOWN	United Kingdom
557250	22916	HERB MARKER THYME	1	2011-06-17 15:59	0.65	12748	United Kingdom
550213	84872a	TEATIME FUNKY FLOWER BACKPACK FOR 2	1	2011-04-15 10:42	10.79	UNKNOWN	United Kingdom
561209	21864	UNION JACK FLAG PASSPORT COVER	2	2011-07-25 16:57	1.63	UNKNOWN	United Kingdom
570425	20723	STRAWBERRY CHARLOTTE BAG	10	2011-10-10 13:54	0.85	15128	United Kingdom
564843	22751	FELTCRAFT PRINCESS OLIVIA DOLL	1	2011-08-30 14:09	3.75	15866	United Kingdom
541516	22961	JAM MAKING SET PRINTED	1	2011-01-18 17:34	3.29	UNKNOWN	United Kingdom
557889	23168	CLASSIC CAFE SUGAR DISPENSER	12	2011-06-23 13:51	1.25	12412	Denmark
550299	22607	WOODEN ROUNDERS GARDEN SET	64	2011-04-15 16:46	8.5	17389	United Kingdom
574351	23351	ROLL WRAP 50'S CHRISTMAS	1	2011-11-04 10:37	1.25	17348	United Kingdom
572185	21673	WHITE SPOT BLUE CERAMIC DRAWER KNOB	1	2011-10-21 10:52	3.29	UNKNOWN	United Kingdom
542407	48184	DOORMAT ENGLISH ROSE	4	2011-01-27 16:17	7.95	15601	United Kingdom
544909	75178	ASSTD COL BUTTERFLY/CRYSTAL W/CHIME	144	2011-02-24 14:32	0.42	14298	United Kingdom
575918	23423	PANTRY 3 HOOK ROLLING PIN HANGER	2	2011-11-11 16:58	3.75	17191	United Kingdom
538814	22623	BOX OF VINTAGE JIGSAW BLOCKS	2	2010-12-14 12:30	4.95	15983	United Kingdom
575607	20713	JUMBO BAG OWLS	1	2011-11-10 12:37	4.13	14096	United Kingdom
542719	21166	COOK WITH WINE METAL SIGN	1	2011-01-31 14:18	1.95	17619	United Kingdom
579410	21868	POTTING SHED TEA MUG	12	2011-11-29 12:45	1.65	16168	United Kingdom
575977	22173	METAL 4 HOOK HANGER FRENCH CHATEAU	2	2011-11-13 13:27	3.29	17287	United Kingdom
581217	23376	PACK OF 12 VINTAGE CHRISTMAS TISSUE	1	2011-12-08 09:20	0.83	UNKNOWN	United Kingdom
574686	23300	GARDENERS KNEELING PAD CUP OF TEA	2	2011-11-06 13:00	1.65	17608	United Kingdom
572668	21329	DINOSAURS  WRITING SET	3	2011-10-25 13:07	1.65	18045	United Kingdom
580752	23390	DOLLY GIRL MINI BACKPACK	4	2011-12-06 09:56	4.15	12478	Greece
559918	23231	WRAP DOILEY DESIGN	25	2011-07-13 15:29	0.42	18225	United Kingdom
566008	23202	JUMBO BAG VINTAGE LEAF	2	2011-09-08 12:04	2.08	16426	United Kingdom
580757	85104	SILVER GLASS T-LIGHT SET	12	2011-12-06 10:27	1.25	13709	United Kingdom
558614	47369A	PINK GREEN EMBROIDERY COSMETIC BAG	1	2011-06-30 15:56	1.63	UNKNOWN	United Kingdom
539453	21945	STRAWBERRIES  DESIGN FLANNEL	1	2010-12-17 17:08	1.66	UNKNOWN	United Kingdom
575694	37413	ICON MUG REVOLUTIONARY	1	2011-11-10 16:38	0.39	12748	United Kingdom
544812	22378	WALL TIDY RETROSPOT	1	2011-02-23 15:58	4.13	UNKNOWN	United Kingdom
543826	22183	CAKE STAND VICTORIAN FILIGREE MED	1	2011-02-14 09:41	5.79	UNKNOWN	United Kingdom
579196	82552	WASHROOM METAL SIGN	2	2011-11-28 15:54	2.46	14096	United Kingdom
543713	22555	PLASTERS IN TIN STRONGMAN	2	2011-02-11 11:46	3.29	UNKNOWN	United Kingdom
574477	22488	NATURAL SLATE RECTANGLE CHALKBOARD	3	2011-11-04 12:21	1.65	15453	United Kingdom
553544	22090	PAPER BUNTING RETROSPOT	3	2011-05-17 15:36	6.63	UNKNOWN	United Kingdom
580389	22865	HAND WARMER OWL DESIGN	12	2011-12-04 10:35	2.1	12952	United Kingdom
564710	22966	GINGERBREAD MAN COOKIE CUTTER	12	2011-08-28 10:21	1.25	15625	United Kingdom
578036	23345	DOLLY GIRL BEAKER	6	2011-11-22 14:04	1.25	16474	United Kingdom
553739	22722	SET OF 6 SPICE TINS PANTRY DESIGN	8	2011-05-19 09:23	3.95	14895	United Kingdom
570672	22530	MAGIC DRAWING SLATE DOLLY GIRL	24	2011-10-11 14:52	0.42	12536	France
544673	21992	VINTAGE PAISLEY STATIONERY SET	2	2011-02-22 15:46	2.95	13421	United Kingdom
551397	22464	HANGING METAL HEART LANTERN	6	2011-04-28 12:55	1.65	15952	United Kingdom
579472	22727	ALARM CLOCK BAKELIKE RED	1	2011-11-29 15:09	3.75	13521	United Kingdom
557466	22814	CARD PARTY GAMES	12	2011-06-20 13:08	0.42	13815	Germany
545464	90158	ST TROPEZ NECKLACE	1	2011-03-03 09:10	4.98	UNKNOWN	United Kingdom
573632	22457	NATURAL SLATE HEART CHALKBOARD	6	2011-10-31 15:36	2.95	15329	United Kingdom
564531	21484	CHICK GREY HOT WATER BOTTLE	4	2011-08-25 15:04	3.45	12624	France
547250	35911A	MULTICOLOUR RABBIT EGG WARMER	1	2011-03-22 09:30	0.83	UNKNOWN	United Kingdom
536592	22663	JUMBO BAG DOLLY GIRL DESIGN	3	2010-12-01 17:06	4.21	UNKNOWN	United Kingdom
555242	84946	ANTIQUE SILVER T-LIGHT GLASS	24	2011-06-01 13:40	1.25	16424	United Kingdom
543041	22791	T-LIGHT GLASS FLUTED ANTIQUE	1	2011-02-02 17:08	1.25	16405	United Kingdom
539317	22335	HEART DECORATION PAINTED ZINC	2	2010-12-16 19:04	0.65	17392	United Kingdom
547663	22727	ALARM CLOCK BAKELIKE RED	2	2011-03-24 13:16	3.75	16022	United Kingdom
543533	22212	FOUR HOOK  WHITE LOVEBIRDS	1	2011-02-09 13:00	4.13	UNKNOWN	United Kingdom
545314	21718	RED METAL BEACH SPADE	12	2011-03-01 14:11	1.25	12866	Belgium
562602	22665	RECIPE BOX BLUE SKETCHBOOK DESIGN	6	2011-08-08 10:11	2.95	12865	Austria
539317	22470	HEART OF WICKER LARGE	2	2010-12-16 19:04	2.95	17392	United Kingdom
565919	16219	HOUSE SHAPE PENCIL SHARPENER	1	2011-09-07 16:48	0.83	UNKNOWN	United Kingdom
577300	23300	GARDENERS KNEELING PAD CUP OF TEA	5	2011-11-18 12:53	1.65	16924	United Kingdom
557669	23158	SET OF 5 LUCKY CAT MAGNETS	12	2011-06-22 09:43	2.08	12674	France
573151	22950	SET OF 36 VINTAGE CHRISTMAS DOILIES	3	2011-10-27 20:09	1.45	17602	United Kingdom
581439	23352	ROLL WRAP 50'S RED CHRISTMAS	1	2011-12-08 16:30	2.46	UNKNOWN	United Kingdom
569545	72800E	4 IVORY DINNER CANDLES SILVER FLOCK	1	2011-10-04 16:37	3.29	UNKNOWN	United Kingdom
559518	21424	WOODLAND STORAGE BOX LARGE	1	2011-07-08 16:11	6.63	UNKNOWN	United Kingdom
536592	22622	BOX OF VINTAGE ALPHABET BLOCKS	1	2010-12-01 17:06	21.23	UNKNOWN	United Kingdom
559256	23184	BULL DOG BOTTLE OPENER	4	2011-07-07 12:10	4.95	15249	United Kingdom
547695	22267	EASTER DECORATION EGG BUNNY	12	2011-03-24 15:15	1.25	18239	United Kingdom
541362	21519	GIN & TONIC DIET GREETING CARD	12	2011-01-17 14:49	0.42	17730	United Kingdom
544479	22384	LUNCH BAG PINK POLKADOT	100	2011-02-21 10:28	1.45	14646	Netherlands
551995	22982	PANTRY PASTRY BRUSH	1	2011-05-05 15:42	2.46	UNKNOWN	United Kingdom
563024	22627	MINT KITCHEN SCALES	2	2011-08-11 13:41	8.5	14639	United Kingdom
557279	16014	SMALL CHINESE STYLE SCISSOR	12	2011-06-19 12:10	0.42	18077	United Kingdom
547385	21385	IVORY HANGING DECORATION  HEART	1	2011-03-22 15:48	1.63	UNKNOWN	United Kingdom
553013	21993	FLORAL FOLK STATIONERY SET	2	2011-05-12 18:19	2.46	UNKNOWN	United Kingdom
564135	22767	TRIPLE PHOTO FRAME CORNICE	2	2011-08-23 11:12	9.95	16550	United Kingdom
548450	22030	SWALLOWS GREETING CARD	12	2011-03-31 11:20	0.42	15856	United Kingdom
574042	21914	BLUE HARMONICA IN BOX	12	2011-11-02 13:05	1.25	17947	United Kingdom
568046	23368	SET 12 COLOUR PENCILS DOLLY GIRL	1	2011-09-23 12:16	0.65	18118	United Kingdom
562519	22617	BAKING SET SPACEBOY DESIGN	2	2011-08-05 12:37	4.95	16764	United Kingdom
552514	84971S	SMALL HEART FLOWERS HOOK	1	2011-05-09 16:30	1.63	UNKNOWN	United Kingdom
538205	22534	MAGIC DRAWING SLATE SPACEBOY	1	2010-12-10 11:24	0.42	12748	United Kingdom
580729	22441	GROW YOUR OWN BASIL IN ENAMEL MUG	1	2011-12-05 17:24	4.13	UNKNOWN	United Kingdom
545996	21675	BUTTERFLIES STICKERS	1	2011-03-08 14:12	0.85	14367	United Kingdom
543815	22918	HERB MARKER PARSLEY	2	2011-02-13 15:18	0.65	17255	United Kingdom
558751	85032A	ROMANTIC IMAGES GIFT WRAP SET	12	2011-07-03 11:26	0.65	16009	United Kingdom
550334	22796	PHOTO FRAME 3 CLASSIC HANGING	2	2011-04-17 14:09	9.95	17320	United Kingdom
571883	22161	HEART DECORATION RUSTIC HANGING	14	2011-10-19 13:58	0.19	14704	United Kingdom
543914	21221	SET/4 BADGES CUTE CREATURES	5	2011-02-14 13:19	1.25	14715	United Kingdom
537638	85136A	YELLOW SHARK HELICOPTER	4	2010-12-07 15:28	8.47	UNKNOWN	United Kingdom
559152	22720	SET OF 3 CAKE TINS PANTRY DESIGN	3	2011-07-06 15:02	4.95	14214	United Kingdom
541862	85123A	WHITE HANGING HEART T-LIGHT HOLDER	10	2011-01-23 16:02	2.95	14068	United Kingdom
552975	23200	JUMBO BAG PEARS	10	2011-05-12 13:58	2.08	17932	United Kingdom
576329	20972	PINK CREAM FELT CRAFT TRINKET BOX	4	2011-11-14 15:22	2.46	UNKNOWN	United Kingdom
556237	47574A	ENGLISH ROSE SCENTED HANGING FLOWER	2	2011-06-09 15:34	2.46	UNKNOWN	United Kingdom
553363	85123A	WHITE HANGING HEART T-LIGHT HOLDER	12	2011-05-16 14:19	2.95	13650	United Kingdom
573420	23351	ROLL WRAP 50'S CHRISTMAS	12	2011-10-31 09:48	1.25	18223	United Kingdom
554808	22411	JUMBO SHOPPER VINTAGE RED PAISLEY	2	2011-05-26 13:01	2.08	17059	United Kingdom
581217	22978	PANTRY ROLLING PIN	1	2011-12-08 09:20	7.46	UNKNOWN	United Kingdom
562388	48138	DOORMAT UNION FLAG	1	2011-08-04 15:52	7.95	18099	United Kingdom
572758	23367	SET 12 COLOUR PENCILS SPACEBOY	8	2011-10-25 18:39	1.25	UNKNOWN	United Kingdom
542355	48138	DOORMAT UNION FLAG	10	2011-01-27 12:23	6.75	14970	United Kingdom
548154	22193	RED DINER WALL CLOCK	6	2011-03-29 13:06	8.5	17675	United Kingdom
569220	23196	VINTAGE LEAF MAGNETIC NOTEPAD	1	2011-10-02 13:26	1.45	16007	United Kingdom
560410	82483	WOOD 2 DRAWER CABINET WHITE FINISH	4	2011-07-18 14:28	6.95	17213	United Kingdom
569862	22577	WOODEN HEART CHRISTMAS SCANDINAVIAN	10	2011-10-06 14:43	0.29	14518	United Kingdom
563100	22723	SET OF 6 HERB TINS SKETCHBOOK	4	2011-08-12 09:57	3.95	12381	Norway
540821	85094	CANDY SPOT EGG WARMER RABBIT	3	2011-01-11 13:16	0.85	UNKNOWN	United Kingdom
576019	23247	BISCUIT TIN 50'S CHRISTMAS	6	2011-11-13 14:31	2.89	12865	Austria
539087	85099F	JUMBO BAG STRAWBERRY	100	2010-12-16 09:44	1.65	13093	United Kingdom
572734	23402	HOME SWEET HOME 3 PEG HANGER	48	2011-10-25 15:34	3.29	13694	United Kingdom
544910	22625	RED KITCHEN SCALES	2	2011-02-24 14:32	8.5	16072	United Kingdom
567426	15056BL	EDWARDIAN PARASOL BLACK	6	2011-09-20 11:33	5.95	13767	United Kingdom
564800	22349	DOG BOWL CHASING BALL DESIGN	6	2011-08-30 11:32	3.75	14108	United Kingdom
543252	84997A	GREEN 3 PIECE POLKADOT CUTLERY SET	4	2011-02-04 14:58	4.15	17685	United Kingdom
569302	23365	SET 12 COLOUR PENCILS LOVE LONDON	3	2011-10-03 12:04	0.65	16205	United Kingdom
542890	16016	LARGE CHINESE STYLE SCISSOR	10	2011-02-01 13:25	0.85	15311	United Kingdom
569897	22811	SET OF 6 T-LIGHTS CACTI	1	2011-10-06 16:01	2.95	17813	United Kingdom
571716	21891	TRADITIONAL WOODEN SKIPPING ROPE	2	2011-10-18 17:05	2.46	UNKNOWN	United Kingdom
541590	21539	RED RETROSPOT BUTTER DISH	3	2011-01-19 14:50	4.95	13310	United Kingdom
567183	22966	GINGERBREAD MAN COOKIE CUTTER	6	2011-09-18 15:32	1.25	14769	United Kingdom
574075	22737	RIBBON REEL CHRISTMAS PRESENT	10	2011-11-02 15:33	1.65	16365	United Kingdom
571931	22698	PINK REGENCY TEACUP AND SAUCER	2	2011-10-19 16:59	5.79	UNKNOWN	United Kingdom
568350	90160A	PURPLE BOUDICCA LARGE BRACELET	9	2011-09-26 15:35	6.95	12612	Germany
563915	21240	BLUE POLKADOT CUP	1	2011-08-21 13:24	0.85	14224	United Kingdom
572513	17012B	ORIGAMI JASMINE INCENSE/CANDLE SET	1	2011-10-24 14:36	0.85	16728	United Kingdom
558777	21944	KITTENS DESIGN FLANNEL	2	2011-07-04 10:23	0.83	UNKNOWN	United Kingdom
538660	22112	CHOCOLATE HOT WATER BOTTLE	6	2010-12-13 15:37	4.95	15808	United Kingdom
552813	21770	OPEN CLOSED METAL SIGN	2	2011-05-11 12:44	4.95	15079	United Kingdom
536640	22867	HAND WARMER BIRD DESIGN	1	2010-12-02 11:45	2.1	UNKNOWN	United Kingdom
571031	23302	KNEELING MAT HOUSEWORK  DESIGN	2	2011-10-13 12:30	1.65	15005	United Kingdom
553899	23207	LUNCH BAG ALPHABET DESIGN	10	2011-05-19 17:25	1.65	14292	United Kingdom
539453	22124	SET OF 2 TEA TOWELS PING MICROWAVE	1	2010-12-17 17:08	2.51	UNKNOWN	United Kingdom
537126	21213	PACK OF 72 SKULL CAKE CASES	1	2010-12-05 12:13	0.55	18118	United Kingdom
543000	22424	ENAMEL BREAD BIN CREAM	1	2011-02-02 12:17	24.96	UNKNOWN	United Kingdom
570657	22413	METAL SIGN TAKE IT OR LEAVE IT	12	2011-10-11 14:10	2.95	14911	EIRE
558351	22730	ALARM CLOCK BAKELIKE IVORY	4	2011-06-28 14:52	3.75	13767	United Kingdom
564044	22760	TRAY, BREAKFAST IN BED	1	2011-08-22 12:58	12.75	16952	United Kingdom
572735	47566	PARTY BUNTING	8	2011-10-25 15:36	4.95	15630	United Kingdom
578846	22996	TRAVEL CARD WALLET VINTAGE TICKET	10	2011-11-25 17:27	0.42	17757	United Kingdom
556910	22068	BLACK PIRATE TREASURE CHEST	2	2011-06-15 13:25	1.65	12748	United Kingdom
576840	21381	MINI WOODEN HAPPY BIRTHDAY GARLAND	1	2011-11-16 15:23	3.29	UNKNOWN	United Kingdom
573773	21175	GIN + TONIC DIET METAL SIGN	12	2011-11-01 10:21	2.55	13327	United Kingdom
543470	84380	SET OF 3 BUTTERFLY COOKIE CUTTERS	12	2011-02-08 14:58	1.25	16951	United Kingdom
566446	21162	TOXIC AREA  DOOR HANGER	1	2011-09-12 15:40	3.29	UNKNOWN	United Kingdom
581498	22371	AIRLINE BAG VINTAGE TOKYO 78	1	2011-12-09 10:26	4.13	UNKNOWN	United Kingdom
564061	21668	RED STRIPE CERAMIC DRAWER KNOB	2	2011-08-22 14:38	1.25	14505	United Kingdom
569700	22361	GLASS JAR DAISY FRESH COTTON WOOL	2	2011-10-05 15:56	5.79	UNKNOWN	United Kingdom
578251	22633	HAND WARMER UNION JACK	2	2011-11-23 12:45	2.1	15993	United Kingdom
549323	22517	CHILDS GARDEN RAKE PINK	6	2011-04-08 10:26	2.1	12999	United Kingdom
547079	21955	DOORMAT UNION JACK GUNS AND ROSES	2	2011-03-20 15:02	7.95	15408	United Kingdom
565129	85099B	JUMBO BAG RED RETROSPOT	12	2011-09-01 12:41	2.08	15719	United Kingdom
575499	23546	WRAP PAISLEY PARK	25	2011-11-10 09:56	0.42	16003	United Kingdom
543279	37446	MINI CAKE STAND WITH HANGING CAKES	2	2011-02-06 14:46	1.45	17105	United Kingdom
570108	23542	70'S ALPHABET WALL ART	2	2011-10-07 12:25	8.25	13004	United Kingdom
558068	22801	ANTIQUE GLASS PEDESTAL BOWL	1	2011-06-24 15:51	7.46	UNKNOWN	United Kingdom
550630	85016	SET OF 6 VINTAGE NOTELETS KIT	24	2011-04-19 14:49	0.65	14298	United Kingdom
537638	22299	PIG KEYRING WITH LIGHT & SOUND	3	2010-12-07 15:28	2.51	UNKNOWN	United Kingdom
539112	21408	SPOTTY PINK DUCK DOORSTOP	3	2010-12-16 11:15	4.25	13468	United Kingdom
553922	22502	PICNIC BASKET WICKER SMALL	4	2011-05-20 09:24	5.95	17926	United Kingdom
578827	21026	SPACE OWL	1	2011-11-25 14:25	2.46	UNKNOWN	United Kingdom
578349	23569	TRADTIONAL ALPHABET STAMP SET	4	2011-11-24 09:50	4.95	14539	United Kingdom
547895	21936	RED RETROSPOT PICNIC BAG	1	2011-03-28 10:52	2.95	18118	United Kingdom
556913	23283	DOORMAT VINTAGE LEAVES DESIGN	4	2011-06-15 13:26	7.95	16523	United Kingdom
541524	22519	CHILDS GARDEN BRUSH PINK	6	2011-01-19 10:49	2.1	17091	United Kingdom
580915	23341	PINK DINER WALL CLOCK	4	2011-12-06 13:45	8.5	17705	United Kingdom
562774	22835	HOT WATER BOTTLE I AM SO POORLY	4	2011-08-09 12:20	4.65	13500	United Kingdom
568134	22037	ROBOT BIRTHDAY CARD	2	2011-09-23 17:02	0.83	UNKNOWN	United Kingdom
542278	20829	GLITTER HANGING BUTTERFLY STRING	16	2011-01-27 10:43	2.1	14911	EIRE
546774	22933	BAKING MOULD EASTER EGG MILK CHOC	1	2011-03-16 15:45	2.95	14505	United Kingdom
549279	22933	BAKING MOULD EASTER EGG MILK CHOC	1	2011-04-07 13:16	2.95	16469	United Kingdom
580367	35471D	SET OF 3 BIRD LIGHT PINK FEATHER	4	2011-12-02 16:39	1.25	UNKNOWN	United Kingdom
550640	71279	PINK GLASS CANDLEHOLDER	2	2011-04-19 15:51	2.95	UNKNOWN	United Kingdom
539451	22197	SMALL POPCORN HOLDER	9	2010-12-17 16:59	1.66	UNKNOWN	United Kingdom
552969	21891	TRADITIONAL WOODEN SKIPPING ROPE	12	2011-05-12 13:37	1.45	14021	United Kingdom
539008	22021	BLUE FELT EASTER EGG BASKET	18	2010-12-15 13:21	1.65	17033	United Kingdom
573138	23254	CHILDRENS CUTLERY DOLLY GIRL	3	2011-10-27 17:22	4.15	15023	United Kingdom
545913	22998	TRAVEL CARD WALLET KEEP CALM	24	2011-03-08 10:39	0.42	16779	United Kingdom
572035	22144	CHRISTMAS CRAFT LITTLE FRIENDS	40	2011-10-20 12:03	1.85	14646	Netherlands
573272	22197	POPCORN HOLDER	48	2011-10-28 13:02	0.85	13102	United Kingdom
571312	22580	ADVENT CALENDAR GINGHAM SACK	3	2011-10-17 10:42	5.95	12474	Germany
540149	21155	RED RETROSPOT PEG BAG	6	2011-01-05 11:00	2.1	12921	United Kingdom
540821	21935	SUKI  SHOULDER BAG	6	2011-01-11 13:16	1.66	UNKNOWN	United Kingdom
570693	20981	12 PENCILS TALL TUBE WOODLAND	4	2011-10-11 16:50	0.85	16161	United Kingdom
577078	21025	SPACE FROG	1	2011-11-17 15:17	2.46	UNKNOWN	United Kingdom
547033	22900	SET 2 TEA TOWELS I LOVE LONDON	20	2011-03-20 10:28	2.95	15898	United Kingdom
575519	22899	CHILDREN'S APRON DOLLY GIRL	6	2011-11-10 10:53	2.1	12682	France
540278	21479	WHITE SKULL HOT WATER BOTTLE	2	2011-01-06 12:31	3.75	15719	United Kingdom
575875	22043	CHRISTMAS CARD SCREEN PRINT	4	2011-11-11 13:06	0.42	UNKNOWN	United Kingdom
571035	22624	IVORY KITCHEN SCALES	2	2011-10-13 12:50	8.5	12446	RSA
562045	22169	FAMILY ALBUM WHITE PICTURE FRAME	2	2011-08-02 10:33	8.5	12644	Germany
551774	21293	MIRRORED DOVE WALL DECORATION	2	2011-05-04 11:12	2.1	14606	United Kingdom
555133	22968	ROSE COTTAGE KEEPSAKE BOX	2	2011-05-31 15:32	9.95	16810	United Kingdom
558200	85152	HAND OVER THE CHOCOLATE   SIGN	2	2011-06-27 13:00	2.1	15976	United Kingdom
572669	23002	TRAVEL CARD WALLET SKULLS	2	2011-10-25 13:10	0.42	16549	United Kingdom
580615	22767	TRIPLE PHOTO FRAME CORNICE	6	2011-12-05 12:05	9.95	16873	United Kingdom
544301	21161	KEEP OUT BOYS DOOR HANGER	2	2011-02-17 12:59	1.45	14606	United Kingdom
580974	22714	CARD BIRTHDAY COWBOY	12	2011-12-06 15:17	0.42	14293	United Kingdom
573576	22759	SET OF 3 NOTEBOOKS IN PARCEL	11	2011-10-31 14:09	3.29	14096	United Kingdom
574077	21619	4 VANILLA BOTANICAL CANDLES	1	2011-11-02 15:56	1.25	17999	United Kingdom
572913	85035C	ROSE 3 WICK MORRIS BOX CANDLE	6	2011-10-26 16:21	1.25	15993	United Kingdom
547386	22115	METAL SIGN EMPIRE TEA	1	2011-03-22 15:52	5.79	UNKNOWN	United Kingdom
553363	23207	LUNCH BAG ALPHABET DESIGN	10	2011-05-16 14:19	1.65	13650	United Kingdom
568688	23203	JUMBO BAG VINTAGE DOILY	10	2011-09-28 14:38	2.08	16458	United Kingdom
553730	21621	VINTAGE UNION JACK BUNTING	4	2011-05-19 07:49	8.5	16525	United Kingdom
569383	23308	SET OF 60 VINTAGE LEAF CAKE CASES	24	2011-10-03 16:46	0.55	15159	United Kingdom
578901	22603	CHRISTMAS RETROSPOT TREE WOOD	5	2011-11-27 11:47	0.85	17812	United Kingdom
554489	21509	COWBOYS AND INDIANS BIRTHDAY CARD	12	2011-05-24 13:46	0.42	17272	United Kingdom
573347	23439	HAND WARMER RED LOVE HEART	2	2011-10-30 12:26	2.1	13137	United Kingdom
572451	23203	JUMBO BAG VINTAGE DOILY	40	2011-10-24 12:36	2.08	12921	United Kingdom
555147	21126	SET OF 6 GIRLS CELEBRATION CANDLES	12	2011-05-31 15:41	1.25	13505	Switzerland
580727	85049H	URBAN BLACK RIBBONS	9	2011-12-05 17:17	0.83	14096	United Kingdom
578935	22971	QUEENS GUARD COFFEE MUG	6	2011-11-27 12:52	2.55	15351	United Kingdom
538108	22637	PIGGY BANK RETROSPOT	4	2010-12-09 15:23	2.55	17456	United Kingdom
542664	20966	SANDWICH BATH SPONGE	1	2011-01-31 12:14	2.46	UNKNOWN	United Kingdom
566440	22093	MOTORING TISSUE BOX	36	2011-09-12 15:19	0.39	15755	United Kingdom
552247	22996	TRAVEL CARD WALLET VINTAGE TICKET	1	2011-05-06 19:48	0.42	12748	United Kingdom
566789	21803	CHRISTMAS TREE STAR DECORATION	36	2011-09-15 10:35	0.42	13134	United Kingdom
578508	22141	CHRISTMAS CRAFT TREE TOP ANGEL	4	2011-11-24 13:06	2.1	16892	United Kingdom
551012	21556	CERAMIC STRAWBERRY MONEY BOX	1	2011-04-26 10:32	4.13	UNKNOWN	United Kingdom
580366	23084	RABBIT NIGHT LIGHT	1	2011-12-02 16:38	2.08	UNKNOWN	United Kingdom
552770	23042	PAPER LANTERN 7 POINT SNOW STAR	4	2011-05-11 11:57	6.65	13404	United Kingdom
578067	23512	EMBROIDERED RIBBON REEL ROSIE	2	2011-11-22 15:43	4.13	UNKNOWN	United Kingdom
558115	23025	DRAWER KNOB VINTAGE GLASS BALL	6	2011-06-27 08:50	2.08	16003	United Kingdom
570688	72818	CHRISTMAS DECOUPAGE CANDLE	2	2011-10-11 16:29	1.63	UNKNOWN	United Kingdom
579291	22910	PAPER CHAIN KIT VINTAGE CHRISTMAS	27	2011-11-29 11:21	6.63	UNKNOWN	United Kingdom
553375	23111	PARISIENNE SEWING BOX	4	2011-05-16 14:53	12.5	14911	EIRE
565232	22420	LIPSTICK PEN BABY PINK	1	2011-09-02 09:30	0.83	UNKNOWN	United Kingdom
538566	21945	STRAWBERRIES  DESIGN FLANNEL	3	2010-12-13 11:21	1.66	UNKNOWN	United Kingdom
576567	23350	ROLL WRAP VINTAGE SPOT	5	2011-11-15 13:41	1.25	17220	United Kingdom
576217	84946	ANTIQUE SILVER T-LIGHT GLASS	3	2011-11-14 12:56	1.25	17081	United Kingdom
557956	23192	BUNDLE OF 3 ALPHABET EXERCISE BOOKS	1	2011-06-23 19:20	1.65	18283	United Kingdom
562011	22993	SET OF 4 PANTRY JELLY MOULDS	12	2011-08-01 13:54	1.25	16745	United Kingdom
580777	21411	GINGHAM HEART  DOORSTOP RED	8	2011-12-06 11:06	1.95	14547	United Kingdom
570888	21790	VINTAGE SNAP CARDS	12	2011-10-13 10:26	0.85	17509	United Kingdom
572550	22597	MUSICAL ZINC HEART DECORATION	5	2011-10-24 17:06	0.83	UNKNOWN	United Kingdom
555701	21468	BUTTERFLY CROCHET FOOD COVER	1	2011-06-06 14:34	3.75	14498	United Kingdom
556237	90114	SUMMER DAISIES BAG CHARM	1	2011-06-09 15:34	2.46	UNKNOWN	United Kingdom
574442	23472	NINE DRAWER OFFICE TIDY	2	2011-11-04 11:40	14.95	12704	Finland
540316	22430	ENAMEL WATERING CAN CREAM	4	2011-01-06 13:00	4.95	16676	United Kingdom
567668	47310M	SMALL POP BOX FUNKY MONKEY	1	2011-09-21 15:29	1.63	UNKNOWN	United Kingdom
575972	22867	HAND WARMER BIRD DESIGN	2	2011-11-13 13:01	2.1	14499	United Kingdom
541695	85168B	BLACK BAROQUE CARRIAGE CLOCK	1	2011-01-20 18:01	8.29	UNKNOWN	United Kingdom
575039	84508C	BLUE CIRCLES DESIGN TEDDY	2	2011-11-08 11:53	2.55	15005	United Kingdom
555279	84592	CROCHET ROSE PURSE WITH SUEDE BACK	4	2011-06-01 17:42	2.95	16348	United Kingdom
568193	22835	HOT WATER BOTTLE I AM SO POORLY	2	2011-09-25 14:37	4.95	17107	United Kingdom
539436	21620	SET OF 4 ROSE BOTANICAL CANDLES	1	2010-12-17 14:49	7.62	UNKNOWN	United Kingdom
555947	84857C	PINK MONTE CARLO HANDBAG	12	2011-06-08 10:45	1.95	14911	EIRE
546862	84924A	WAKE UP COCKEREL CALENDAR SIGN	4	2011-03-17 15:34	3.75	16216	United Kingdom
564087	22636	CHILDS BREAKFAST SET CIRCUS PARADE	6	2011-08-23 09:38	8.5	UNKNOWN	Hong Kong
554667	23208	LUNCH BAG VINTAGE LEAF DESIGN	10	2011-05-25 15:18	1.65	15727	United Kingdom
557270	21380	WOODEN HAPPY BIRTHDAY GARLAND	4	2011-06-19 11:36	2.95	14162	United Kingdom
556917	21990	MODERN FLORAL STATIONERY SET	72	2011-06-15 13:37	1.25	12415	Australia
558885	82486	WOOD S/3 CABINET ANT WHITE FINISH	2	2011-07-04 15:10	8.95	13267	United Kingdom
576923	21199	PINK  HEART CONFETTI IN TUBE	48	2011-11-17 10:52	1.45	12753	Japan
557748	44089C	LILAC GAUZE BUTTERFLY LAMPSHADE	10	2011-06-22 12:32	0.42	14527	United Kingdom
548189	22619	SET OF 6 SOLDIER SKITTLES	4	2011-03-29 15:15	3.75	16607	United Kingdom
555347	23065	LARGE DECO JEWELLERY STAND	1	2011-06-02 12:04	12.5	14389	United Kingdom
541132	22179	SET 10 LIGHTS NIGHT OWL	1	2011-01-14 10:17	13.29	UNKNOWN	United Kingdom
577595	21931	JUMBO STORAGE BAG SUKI	1	2011-11-20 16:12	2.08	16399	United Kingdom
552232	21967	PACK OF 12 SKULL TISSUES	2	2011-05-06 15:54	0.83	UNKNOWN	United Kingdom
540567	84813	SET OF 4 DIAMOND NAPKIN RINGS	8	2011-01-10 11:09	3.95	16850	United Kingdom
564974	22630	DOLLY GIRL LUNCH BOX	1	2011-08-31 15:32	4.13	UNKNOWN	United Kingdom
574321	23103	JINGLE BELL HEART DECORATION	1	2011-11-03 19:28	1.65	16016	United Kingdom
579293	22632	HAND WARMER RED RETROSPOT	1	2011-11-29 11:22	2.1	14419	United Kingdom
565854	21094	SET/6 RED SPOTTY PAPER PLATES	24	2011-09-07 13:22	0.85	12490	France
539112	22112	CHOCOLATE HOT WATER BOTTLE	3	2010-12-16 11:15	4.95	13468	United Kingdom
581217	23496	PANTRY KITCHEN THERMOMETER	1	2011-12-08 09:20	2.46	UNKNOWN	United Kingdom
573300	23156	SET OF 5 MINI GROCERY MAGNETS	1	2011-10-28 16:10	2.08	16049	United Kingdom
551400	20726	LUNCH BAG WOODLAND	20	2011-04-28 13:18	1.65	17160	United Kingdom
565384	85066	CREAM SWEETHEART MINI CHEST	2	2011-09-02 15:45	12.75	13507	United Kingdom
544643	22666	RECIPE BOX PANTRY YELLOW DESIGN	6	2011-02-22 11:43	2.95	13038	United Kingdom
580880	47593B	SCOTTIE DOGS BABY BIB	48	2011-12-06 12:19	0.39	14121	United Kingdom
546388	22380	TOY TIDY SPACEBOY	2	2011-03-11 13:42	4.13	UNKNOWN	United Kingdom
580728	21705	BAG 500G SWIRLY MARBLES	24	2011-12-05 17:21	0.39	15145	United Kingdom
573413	23191	BUNDLE OF 3 RETRO NOTE BOOKS	1	2011-10-30 16:12	1.65	15444	United Kingdom
545423	22846	BREAD BIN DINER STYLE RED	1	2011-03-02 14:34	16.95	15643	United Kingdom
556072	21621	VINTAGE UNION JACK BUNTING	12	2011-06-08 14:57	8.5	16126	United Kingdom
573892	21108	FAIRY CAKE FLANNEL ASSORTED COLOUR	18	2011-11-01 13:57	0.79	14911	EIRE
572772	23356	LOVE HOT WATER BOTTLE	24	2011-10-26 10:29	4.95	17511	United Kingdom
560010	23203	JUMBO BAG DOILEY PATTERNS	10	2011-07-14 12:48	2.08	13178	United Kingdom
554415	23160	REGENCY TEA SPOON	12	2011-05-24 12:10	1.25	18202	United Kingdom
560434	72741	GRAND CHOCOLATECANDLE	3	2011-07-18 15:56	2.76	UNKNOWN	United Kingdom
572322	22141	CHRISTMAS CRAFT TREE TOP ANGEL	12	2011-10-24 09:34	2.1	13138	United Kingdom
575177	20978	36 PENCILS TUBE SKULLS	1	2011-11-08 18:41	2.46	UNKNOWN	United Kingdom
547250	22861	EASTER TIN CHICKS IN GARDEN	1	2011-03-22 09:30	3.29	UNKNOWN	United Kingdom
548164	22386	JUMBO BAG PINK POLKADOT	1	2011-03-29 13:44	4.13	UNKNOWN	United Kingdom
578312	23430	BLUE RETRO KITCHEN WALL CLOCK	2	2011-11-23 16:24	8.15	14032	United Kingdom
556459	22437	SET OF 9 BLACK SKULL BALLOONS	4	2011-06-10 17:25	1.63	UNKNOWN	United Kingdom
566195	82600	NO SINGING METAL SIGN	12	2011-09-09 13:44	2.1	12433	Norway
539436	21417	COCKLE SHELL DISH	2	2010-12-17 14:49	4.21	UNKNOWN	United Kingdom
552726	22274	FELTCRAFT DOLL EMILY	6	2011-05-11 10:31	2.95	14920	United Kingdom
566010	22746	POPPY'S PLAYHOUSE LIVINGROOM	1	2011-09-08 12:05	2.1	13700	United Kingdom
563771	22063	CERAMIC BOWL WITH STRAWBERRY DESIGN	1	2011-08-19 11:17	2.95	17841	United Kingdom
552469	22972	CHILDREN'S SPACEBOY MUG	6	2011-05-09 15:34	1.65	12867	United Kingdom
580364	23310	BUBBLEGUM RING ASSORTED	36	2011-12-02 16:34	0.42	13309	United Kingdom
574923	22659	LUNCH BOX I LOVE LONDON	2	2011-11-07 16:40	1.95	17757	United Kingdom
563706	22816	CARD MOTORBIKE SANTA	12	2011-08-18 14:48	0.42	14189	United Kingdom
547079	22456	NATURAL SLATE CHALKBOARD LARGE	1	2011-03-20 15:02	4.95	15408	United Kingdom
572103	23126	FELTCRAFT GIRL AMELIE KIT	1	2011-10-20 15:57	4.95	17571	United Kingdom
559817	22297	HEART IVORY TRELLIS SMALL	1	2011-07-12 16:20	2.46	UNKNOWN	United Kingdom
576695	21724	PANDA AND BUNNIES STICKER SHEET	1	2011-11-16 12:25	0.85	16469	United Kingdom
568013	23311	VINTAGE CHRISTMAS STOCKING	6	2011-09-23 11:39	2.55	17480	United Kingdom
540418	22200	FRYING PAN PINK POLKADOT	1	2011-01-07 11:04	8.47	UNKNOWN	United Kingdom
577785	23188	VINTAGE  2 METRE FOLDING RULER	4	2011-11-21 16:25	1.65	16369	United Kingdom
539493	22585	PACK OF 6 BIRDY GIFT TAGS	2	2010-12-20 10:15	1.25	UNKNOWN	United Kingdom
546230	22423	REGENCY CAKESTAND 3 TIER	1	2011-03-10 12:26	12.75	13871	United Kingdom
575211	23298	SPOTTY BUNTING	3	2011-11-09 10:39	4.95	17377	United Kingdom
552563	23209	LUNCH BAG DOILEY PATTERN	10	2011-05-10 11:54	1.65	17597	United Kingdom
575069	23535	WALL ART BICYCLE SAFETY	4	2011-11-08 12:51	5.95	17637	United Kingdom
570871	23350	ROLL WRAP VINTAGE SPOT	2	2011-10-12 16:36	2.46	UNKNOWN	United Kingdom
580884	22944	CHRISTMAS METAL POSTCARD WITH BELLS	6	2011-12-06 12:21	1.25	15907	United Kingdom
557147	23084	RABBIT NIGHT LIGHT	6	2011-06-17 10:51	2.08	12408	Belgium
576642	71053	WHITE METAL LANTERN	4	2011-11-16 09:59	3.75	12963	United Kingdom
554097	21240	BLUE POLKADOT CUP	8	2011-05-22 13:01	0.85	12567	France
563549	85114c	RED ENCHANTED FOREST PLACEMAT	1	2011-08-17 12:34	3.29	UNKNOWN	United Kingdom
577034	23310	BUBBLEGUM RING ASSORTED	72	2011-11-17 13:16	0.42	12847	United Kingdom
565835	23329	DECORATIVE WICKER HEART LARGE	3	2011-09-07 11:32	1.65	14452	United Kingdom
576593	22998	TRAVEL CARD WALLET KEEP CALM	1	2011-11-15 14:48	0.42	15720	United Kingdom
561087	22961	JAM MAKING SET PRINTED	12	2011-07-25 09:48	1.45	15144	United Kingdom
567170	21819	GLITTER CHRISTMAS STAR	5	2011-09-18 12:40	0.85	13566	United Kingdom
537688	84988	SET OF 72 PINK HEART PAPER DOILIES	12	2010-12-08 10:35	1.45	17406	United Kingdom
577333	22112	CHOCOLATE HOT WATER BOTTLE	9	2011-11-18 14:40	4.95	14868	United Kingdom
541827	85034C	3 ROSE MORRIS BOXED CANDLES	4	2011-01-21 17:05	3.29	UNKNOWN	United Kingdom
545544	22951	60 CAKE CASES DOLLY GIRL DESIGN	24	2011-03-03 14:56	0.55	14057	United Kingdom
556917	23245	SET OF 3 REGENCY CAKE TINS	240	2011-06-15 13:37	4.15	12415	Australia
580679	22918	HERB MARKER PARSLEY	12	2011-12-05 14:49	0.65	18198	United Kingdom
565415	23050	RECYCLED ACAPULCO MAT GREEN	2	2011-09-04 12:00	8.25	14067	United Kingdom
558614	23317	BLUE REFECTORY CLOCK	1	2011-06-30 15:56	19.96	UNKNOWN	United Kingdom
536538	22752	SET 7 BABUSHKA NESTING BOXES	2	2010-12-01 13:54	8.5	14594	United Kingdom
541371	22585	PACK OF 6 BIRDY GIFT TAGS	12	2011-01-17 14:51	1.25	13983	United Kingdom
564757	84596L	BISCUITS SMALL BOWL LIGHT BLUE	1	2011-08-30 10:36	0.83	UNKNOWN	United Kingdom
567182	23355	HOT WATER BOTTLE KEEP CALM	6	2011-09-18 15:21	4.95	13334	United Kingdom
549023	85176	SEWING SUSAN 21 NEEDLE SET	2	2011-04-05 16:27	1.63	UNKNOWN	United Kingdom
539958	22834	HAND WARMER BABUSHKA DESIGN	20	2010-12-23 13:26	1.66	UNKNOWN	United Kingdom
580311	21216	SET 3 RETROSPOT TEA,COFFEE,SUGAR	4	2011-12-02 14:48	4.95	18245	United Kingdom
548987	22914	BLUE COAT RACK PARIS FASHION	1	2011-04-05 12:50	4.95	14535	United Kingdom
572192	22384	LUNCH BAG PINK POLKADOT	3	2011-10-21 11:30	1.65	18118	United Kingdom
577053	23147	SINGLE ANTIQUE ROSE HOOK IVORY	12	2011-11-17 14:17	1.45	13001	United Kingdom
581401	90214L	"LETTER ""L"" BLING KEY RING"	12	2011-12-08 13:43	0.29	17644	United Kingdom
566290	22554	PLASTERS IN TIN WOODLAND ANIMALS	2	2011-09-11 15:24	1.65	14456	United Kingdom
568895	21899	GARAGE KEY FOB	7	2011-09-29 13:11	0.65	15356	United Kingdom
550208	21430	SET/3 RED GINGHAM ROSE STORAGE BOX	1	2011-04-15 10:39	7.46	UNKNOWN	United Kingdom
565436	22728	ALARM CLOCK BAKELIKE PINK	8	2011-09-04 13:45	3.75	14189	United Kingdom
540154	22900	SET 2 TEA TOWELS I LOVE LONDON	1	2011-01-05 11:30	5.91	UNKNOWN	United Kingdom
558900	22197	POPCORN HOLDER	5	2011-07-04 16:06	0.85	15349	United Kingdom
570482	23380	PACK OF 12 VINTAGE DOILY TISSUES	1	2011-10-10 17:00	0.39	17459	United Kingdom
549951	22960	JAM MAKING SET WITH JARS	6	2011-04-13 12:57	4.25	13134	United Kingdom
569000	22027	TEA PARTY BIRTHDAY CARD	12	2011-09-29 17:36	0.42	17015	United Kingdom
554997	22382	LUNCH BAG SPACEBOY DESIGN	10	2011-05-29 15:35	1.65	16746	United Kingdom
576254	22621	TRADITIONAL KNITTING NANCY	36	2011-11-14 14:02	1.65	16422	United Kingdom
550773	21260	FIRST AID TIN	6	2011-04-20 13:15	3.25	17567	United Kingdom
537374	85049A	TRADITIONAL CHRISTMAS RIBBONS	3	2010-12-06 12:55	1.25	17259	United Kingdom
578808	82578	KITCHEN METAL SIGN	3	2011-11-25 13:23	0.55	16327	United Kingdom
558262	20972	PINK CREAM FELT CRAFT TRINKET BOX	144	2011-06-28 08:45	1.06	14646	Netherlands
581492	84375	SET OF 20 KIDS COOKIE CUTTERS	1	2011-12-09 10:03	4.13	UNKNOWN	United Kingdom
575668	22732	3D VINTAGE CHRISTMAS STICKERS	1	2011-11-10 14:59	1.25	18283	United Kingdom
575482	23085	ANTIQUE SILVER BAUBLE LAMP	3	2011-11-09 16:33	10.4	15916	United Kingdom
571716	23203	JUMBO BAG VINTAGE DOILY	3	2011-10-18 17:05	2.08	UNKNOWN	United Kingdom
551995	21428	SET3 BOOK BOX GREEN GINGHAM FLOWER	1	2011-05-05 15:42	8.29	UNKNOWN	United Kingdom
571508	21207	SKULL AND CROSSBONES  GARLAND	2	2011-10-17 15:27	1.63	UNKNOWN	United Kingdom
543806	85104	SILVER GLASS T-LIGHT SET	3	2011-02-13 12:48	2.95	17085	United Kingdom
580983	21012	ANTIQUE ALL GLASS CANDLESTICK	8	2011-12-06 16:26	2.46	UNKNOWN	United Kingdom
538880	82600	NO SINGING METAL SIGN	1	2010-12-14 15:52	4.21	UNKNOWN	United Kingdom
568669	22950	36 DOILIES VINTAGE CHRISTMAS	12	2011-09-28 13:04	1.45	13488	United Kingdom
546915	84879	ASSORTED COLOUR BIRD ORNAMENT	16	2011-03-18 08:31	1.69	15695	United Kingdom
553151	84949	SILVER HANGING T-LIGHT HOLDER	24	2011-05-13 14:53	1.65	13089	United Kingdom
541362	22149	FELTCRAFT 6 FLOWER FRIENDS	12	2011-01-17 14:49	2.1	17730	United Kingdom
574474	82494L	WOODEN FRAME ANTIQUE WHITE	2	2011-11-04 12:05	2.95	17979	United Kingdom
554824	79000	MOROCCAN TEA GLASS	24	2011-05-26 14:21	0.85	15785	United Kingdom
572758	22982	PANTRY PASTRY BRUSH	1	2011-10-25 18:39	2.46	UNKNOWN	United Kingdom
547670	84631	FRUIT TREE AND BIRDS WALL PLAQUE	2	2011-03-24 13:41	7.95	16769	United Kingdom
556845	21430	SET/3 RED GINGHAM ROSE STORAGE BOX	24	2011-06-15 11:30	3.39	17511	United Kingdom
545149	22175	PINK OWL SOFT TOY	6	2011-02-28 12:19	2.95	15062	United Kingdom
541695	22550	HOLIDAY FUN LUDO	1	2011-01-20 18:01	7.46	UNKNOWN	United Kingdom
574560	21262	WHITE GOOSE FEATHER CHRISTMAS TREE	6	2011-11-04 15:51	2.95	17703	United Kingdom
549949	82494L	WOODEN FRAME ANTIQUE WHITE	2	2011-04-13 12:57	2.95	13208	United Kingdom
571046	22197	POPCORN HOLDER	4	2011-10-13 13:35	0.85	18096	United Kingdom
553393	82567	AIRLINE LOUNGE,METAL SIGN	1	2011-05-16 16:46	1.63	UNKNOWN	United Kingdom
570448	23266	SET OF 3 WOODEN STOCKING DECORATION	6	2011-10-10 14:55	1.25	13224	United Kingdom
578954	22398	MAGNETS PACK OF 4 SWALLOWS	1	2011-11-27 15:02	0.39	15054	United Kingdom
538015	85230G	ORANGE VOTIVE CANDLE	24	2010-12-09 12:49	0.29	13240	United Kingdom
566789	23216	LAUREL HEART ANTIQUE GOLD	12	2011-09-15 10:35	1.25	13134	United Kingdom
553140	21080	SET/20 RED RETROSPOT PAPER NAPKINS	4	2011-05-13 12:53	0.85	15373	United Kingdom
557473	23083	SET 6 PAPER TABLE LANTERN STARS	6	2011-06-20 13:28	3.75	17428	United Kingdom
560239	23118	PARISIENNE JEWELLERY DRAWER	2	2011-07-17 11:50	7.5	13507	United Kingdom
549130	22957	SET 3 PAPER VINTAGE CHICK PAPER EGG	3	2011-04-06 15:02	2.95	14701	United Kingdom
560245	21485	RETROSPOT HEART HOT WATER BOTTLE	1	2011-07-17 12:15	4.95	UNKNOWN	Switzerland
574304	20727	LUNCH BAG  BLACK SKULL.	3	2011-11-03 16:30	1.65	14428	United Kingdom
541427	22690	DOORMAT HOME SWEET HOME BLUE	10	2011-01-18 08:46	6.75	17018	United Kingdom
555277	22670	FRENCH WC SIGN BLUE METAL	1	2011-06-01 17:30	2.46	UNKNOWN	United Kingdom
563950	22741	FUNKY DIVA PEN	96	2011-08-22 10:39	0.85	12471	Germany
576078	23365	SET 12 COLOUR PENCILS LOVE LONDON	4	2011-11-13 16:22	0.65	14432	United Kingdom
578120	22601	CHRISTMAS RETROSPOT ANGEL WOOD	12	2011-11-23 10:21	0.85	14493	United Kingdom
576617	23319	BOX OF 6 MINI 50'S CRACKERS	2	2011-11-15 16:57	4.96	UNKNOWN	United Kingdom
567478	22844	VINTAGE CREAM DOG FOOD CONTAINER	4	2011-09-20 13:21	8.5	12584	Italy
574544	22904	CALENDAR PAPER CUT DESIGN	10	2011-11-04 14:49	2.95	17084	United Kingdom
559693	22360	GLASS JAR ENGLISH CONFECTIONERY	1	2011-07-11 16:21	5.79	UNKNOWN	United Kingdom
544087	22584	PACK OF 6 PANNETONE GIFT BOXES	2	2011-02-15 17:02	2.55	17530	United Kingdom
578855	22891	TEA FOR ONE POLKADOT	2	2011-11-27 11:15	4.25	14878	United Kingdom
539311	84823	DANISH ROSE FOLDING CHAIR	6	2010-12-16 17:53	7.95	14643	United Kingdom
550278	22631	CIRCUS PARADE LUNCH BOX	3	2011-04-15 13:15	3.29	UNKNOWN	United Kingdom
559890	22467	GUMBALL COAT RACK	12	2011-07-13 11:58	2.55	12464	Belgium
541990	84632	DECORATIVE HANGING SHELVING UNIT	1	2011-01-25 09:01	59.95	13901	United Kingdom
538177	22497	SET OF 2 TINS VINTAGE BATHROOM	1	2010-12-10 09:51	8.47	UNKNOWN	United Kingdom
568788	23393	HOME SWEET HOME CUSHION COVER	2	2011-09-29 09:23	3.75	17894	United Kingdom
545530	85014A	BLACK/BLUE POLKADOT UMBRELLA	3	2011-03-03 13:45	5.95	17416	United Kingdom
573333	22579	WOODEN TREE CHRISTMAS SCANDINAVIAN	24	2011-10-30 11:34	0.29	12483	Sweden
542429	22502	PICNIC BASKET WICKER SMALL	16	2011-01-28 10:08	4.95	13330	United Kingdom
566629	23234	BISCUIT TIN VINTAGE CHRISTMAS	6	2011-09-14 10:32	2.89	15622	United Kingdom
551270	22554	PLASTERS IN TIN WOODLAND ANIMALS	1	2011-04-27 12:35	1.65	15891	United Kingdom
572865	22691	DOORMAT WELCOME SUNRISE	1	2011-10-26 13:01	8.25	17841	United Kingdom
551158	22083	PAPER CHAIN KIT RETROSPOT	5	2011-04-26 15:00	2.95	16823	United Kingdom
542618	22558	CLOTHES PEGS RETROSPOT PACK 24	1	2011-01-30 15:52	1.49	14502	United Kingdom
580637	23365	SET 12 COLOUR PENCILS LOVE LONDON	3	2011-12-05 12:40	0.65	15033	United Kingdom
569842	20914	SET/5 RED RETROSPOT LID GLASS BOWLS	12	2011-10-06 13:28	2.95	13426	United Kingdom
552631	22992	REVOLVER WOODEN RULER	12	2011-05-10 12:55	1.95	12684	France
567095	84792	ENCHANTED BIRD COATHANGER 5 HOOK	4	2011-09-16 13:03	4.65	17049	United Kingdom
567656	23309	SET OF 60 I LOVE LONDON CAKE CASES	5	2011-09-21 14:40	1.25	14096	United Kingdom
545812	90120C	GREEN MURANO TWIST BRACELET	4	2011-03-07 12:26	4.25	14214	United Kingdom
544205	84997a	GREEN 3 PIECE POLKADOT CUTLERY SET	1	2011-02-17 10:31	8.29	UNKNOWN	United Kingdom
573744	21314	SMALL GLASS HEART TRINKET POT	8	2011-11-01 08:16	2.1	17733	United Kingdom
557846	47559B	TEA TIME OVEN GLOVE	2	2011-06-23 10:44	1.25	17365	United Kingdom
575875	22195	LARGE HEART MEASURING SPOONS	1	2011-11-11 13:06	3.29	UNKNOWN	United Kingdom
575054	85099C	JUMBO  BAG BAROQUE BLACK WHITE	10	2011-11-08 12:18	2.08	16945	United Kingdom
546027	85206A	CREAM FELT EASTER EGG BASKET	6	2011-03-09 08:09	1.65	12759	Netherlands
555704	22469	HEART OF WICKER SMALL	12	2011-06-06 15:06	1.65	14944	United Kingdom
565865	23173	REGENCY TEAPOT ROSES	2	2011-09-07 15:07	9.95	12637	France
555106	21524	DOORMAT SPOTTY HOME SWEET HOME	2	2011-05-31 14:14	7.95	12790	Netherlands
555277	22328	ROUND SNACK BOXES SET OF 4 FRUITS	1	2011-06-01 17:30	5.79	UNKNOWN	United Kingdom
580399	21154	RED RETROSPOT OVEN GLOVE	7	2011-12-04 11:45	1.25	13471	United Kingdom
578928	22818	CARD CHRISTMAS VILLAGE	12	2011-11-27 12:29	0.42	15443	United Kingdom
538198	21983	PACK OF 12 BLUE PAISLEY TISSUES	12	2010-12-10 11:01	0.29	17827	United Kingdom
575168	22952	60 CAKE CASES VINTAGE CHRISTMAS	48	2011-11-08 17:19	0.55	15290	United Kingdom
562558	22558	CLOTHES PEGS RETROSPOT PACK 24	3	2011-08-05 16:43	1.65	13451	United Kingdom
575760	23312	VINTAGE CHRISTMAS GIFT SACK	1	2011-11-11 10:50	4.15	15965	United Kingdom
537262	85099C	JUMBO  BAG BAROQUE BLACK WHITE	10	2010-12-06 11:26	1.95	15039	United Kingdom
571289	22488	NATURAL SLATE RECTANGLE CHALKBOARD	1	2011-10-16 15:27	1.65	15113	United Kingdom
554956	22910	PAPER CHAIN KIT VINTAGE CHRISTMAS	1	2011-05-27 15:17	6.63	UNKNOWN	United Kingdom
573083	20679	EDWARDIAN PARASOL RED	3	2011-10-27 14:22	5.95	13735	United Kingdom
578844	23209	LUNCH BAG VINTAGE DOILY	4	2011-11-25 16:14	4.13	UNKNOWN	United Kingdom
546364	22557	PLASTERS IN TIN VINTAGE PAISLEY	1	2011-03-11 11:33	1.65	UNKNOWN	United Kingdom
557328	23309	SET OF 60 I LOVE LONDON CAKE CASES	1	2011-06-20 09:53	0.55	14646	Netherlands
575587	37327	ASSTD MULTICOLOUR CIRCLES MUG	16	2011-11-10 12:01	0.39	17461	United Kingdom
560938	22646	CERAMIC STRAWBERRY CAKE MONEY BANK	3	2011-07-22 11:16	4.13	UNKNOWN	United Kingdom
545050	22760	TRAY, BREAKFAST IN BED	1	2011-02-27 11:57	12.75	15951	United Kingdom
548505	22467	GUMBALL COAT RACK	2	2011-03-31 14:34	4.96	UNKNOWN	United Kingdom
567668	22792	FLUTED ANTIQUE CANDLE HOLDER	2	2011-09-21 15:29	1.63	UNKNOWN	United Kingdom
574081	22974	CHILDRENS DOLLY GIRL MUG	12	2011-11-02 16:37	1.65	15804	United Kingdom
569555	23235	STORAGE TIN VINTAGE LEAF	6	2011-10-05 08:17	2.89	17728	United Kingdom
546534	22766	PHOTO FRAME CORNICE	8	2011-03-14 13:56	2.95	16150	United Kingdom
546751	22502	PICNIC BASKET WICKER SMALL	1	2011-03-16 12:45	5.95	13668	United Kingdom
545461	20725	LUNCH BAG RED RETROSPOT	10	2011-03-03 08:24	1.65	14388	United Kingdom
554491	22546	MINI JIGSAW PURDEY	1	2011-05-24 13:50	0.42	14606	United Kingdom
560449	23112	PARISIENNE CURIO CABINET	4	2011-07-19 09:31	7.5	14732	United Kingdom
558195	23310	BUBBLEGUM RING ASSORTED	72	2011-06-27 12:32	0.42	17735	United Kingdom
556323	22606	WOODEN SKITTLES GARDEN SET	1	2011-06-10 10:59	15.95	17819	United Kingdom
542065	21359	RELAX LARGE WOOD LETTERS	1	2011-01-25 12:03	15.95	14527	United Kingdom
543040	21558	SKULL LUNCH BOX WITH CUTLERY	1	2011-02-02 17:06	2.55	17337	United Kingdom
548533	21232	STRAWBERRY CERAMIC TRINKET BOX	24	2011-03-31 17:17	1.25	13883	United Kingdom
577107	22314	OFFICE MUG WARMER CHOC+BLUE	6	2011-11-17 17:30	2.95	16558	United Kingdom
558641	21165	BEWARE OF THE CAT METAL SIGN	12	2011-07-01 09:19	1.69	17865	United Kingdom
536945	22956	36 FOIL HEART CAKE CASES	1	2010-12-03 12:24	2.1	14083	United Kingdom
543812	22720	SET OF 3 CAKE TINS PANTRY DESIGN	2	2011-02-13 14:40	4.95	17472	United Kingdom
549301	85066	CREAM SWEETHEART MINI CHEST	2	2011-04-08 08:24	12.75	16643	United Kingdom
553686	22554	PLASTERS IN TIN WOODLAND ANIMALS	12	2011-05-18 13:58	1.65	14911	EIRE
561369	22435	SET OF 9 HEART SHAPED BALLOONS	3	2011-07-26 16:21	2.46	UNKNOWN	United Kingdom
580541	22089	PAPER BUNTING VINTAGE PAISLEY	6	2011-12-05 09:03	2.95	15358	United Kingdom
568134	85039A	SET/4 RED MINI ROSE CANDLE IN BOWL	2	2011-09-23 17:02	1.63	UNKNOWN	United Kingdom
538683	22621	TRADITIONAL KNITTING NANCY	2	2010-12-13 17:40	1.45	14525	United Kingdom
574043	22192	BLUE DINER WALL CLOCK	1	2011-11-02 13:13	8.5	16367	United Kingdom
546670	20723	STRAWBERRY CHARLOTTE BAG	4	2011-03-15 15:37	0.85	13451	United Kingdom
581501	22544	MINI JIGSAW SPACEBOY	96	2011-12-09 10:46	0.19	12985	United Kingdom
556222	21684	SMALL MEDINA STAMPED METAL BOWL	36	2011-06-09 14:23	0.85	17522	United Kingdom
555015	21786	POLKADOT RAIN HAT	24	2011-05-31 10:45	0.42	16558	United Kingdom
560862	22914	BLUE COAT RACK PARIS FASHION	1	2011-07-21 13:48	4.95	14085	United Kingdom
547273	21717	EASTER TIN BUCKET	6	2011-03-22 11:05	2.55	14530	United Kingdom
541655	22488	NATURAL SLATE RECTANGLE CHALKBOARD	3	2011-01-20 12:04	1.65	14779	United Kingdom
574534	22629	SPACEBOY LUNCH BOX	24	2011-11-04 14:26	1.65	15061	United Kingdom
541215	22318	FIVE HEART HANGING DECORATION	6	2011-01-14 13:42	2.95	14329	United Kingdom
572860	35599B	BLACK CHRISTMAS TREE 120CM	6	2011-10-26 12:42	1.95	17470	United Kingdom
573289	22356	CHARLOTTE BAG PINK POLKADOT	10	2011-10-28 14:44	0.85	12705	Germany
547243	22264	FELT FARM ANIMAL WHITE BUNNY	1	2011-03-21 16:59	0.85	17231	United Kingdom
541421	22603	CHRISTMAS RETROSPOT TREE WOOD	1	2011-01-17 17:44	1.63	UNKNOWN	United Kingdom
550767	20975	12 PENCILS SMALL TUBE RED RETROSPOT	24	2011-04-20 12:32	0.65	14776	United Kingdom
564725	22909	SET OF 20 VINTAGE CHRISTMAS NAPKINS	2	2011-08-28 12:28	0.85	18041	United Kingdom
538177	21218	RED SPOTTY BISCUIT TIN	1	2010-12-10 09:51	8.47	UNKNOWN	United Kingdom
539988	22834	HAND WARMER BABUSHKA DESIGN	4	2010-12-23 16:06	2.1	18116	United Kingdom
544186	21390	FILIGRIS HEART WITH BUTTERFLY	1	2011-02-16 15:55	2.46	UNKNOWN	United Kingdom
545581	21112	SWISS ROLL TOWEL PINK  SPOTS	24	2011-03-04 09:03	2.55	UNKNOWN	United Kingdom
558777	23201	JUMBO BAG ALPHABET	7	2011-07-04 10:23	2.08	UNKNOWN	United Kingdom
578255	22278	OVERNIGHT BAG VINTAGE ROSE PAISLEY	1	2011-11-23 12:58	4.95	14675	United Kingdom
579512	23435	3 RAFFIA RIBBONS VINTAGE CHRISTMAS	2	2011-11-29 16:47	0.83	UNKNOWN	United Kingdom
546111	21703	BAG 125G SWIRLY MARBLES	9	2011-03-09 12:39	0.42	14165	United Kingdom
552262	23162	REGENCY TEA STRAINER	4	2011-05-08 11:37	3.75	14911	EIRE
552814	22824	3 TIER SWEETHEART GARDEN SHELF	2	2011-05-11 12:45	35.95	15079	United Kingdom
554054	16258A	SWIRLY CIRCULAR RUBBERS IN BAG	1	2011-05-20 15:29	0.83	UNKNOWN	United Kingdom
581439	22979	PANTRY WASHING UP BRUSH	2	2011-12-08 16:30	3.29	UNKNOWN	United Kingdom
553836	84077	WORLD WAR 2 GLIDERS ASSTD DESIGNS	48	2011-05-19 12:08	0.29	17017	United Kingdom
580982	23080	RED METAL BOX TOP SECRET	2	2011-12-06 16:21	8.25	17861	United Kingdom
579171	22895	SET OF 2 TEA TOWELS APPLE AND PEARS	2	2011-11-28 14:30	3.25	13030	United Kingdom
575895	22597	MUSICAL ZINC HEART DECORATION	1	2011-11-11 14:50	0.29	17052	United Kingdom
569019	22575	METAL MERRY CHRISTMAS WREATH	16	2011-09-30 09:38	1.95	15602	United Kingdom
571669	21181	PLEASE ONE PERSON METAL SIGN	7	2011-10-18 13:11	2.1	17758	United Kingdom
576071	22460	EMBOSSED GLASS TEALIGHT HOLDER	2	2011-11-13 16:03	1.25	18069	United Kingdom
570168	20974	12 PENCILS SMALL TUBE SKULL	11	2011-10-07 14:05	0.65	17596	United Kingdom
561082	22983	CARD BILLBOARD FONT	12	2011-07-24 16:18	0.42	13230	United Kingdom
553315	22467	GUMBALL COAT RACK	36	2011-05-16 12:03	2.1	16705	United Kingdom
559696	20728	LUNCH BAG CARS BLUE	3	2011-07-11 16:59	1.65	15577	United Kingdom
544906	22993	SET OF 4 PANTRY JELLY MOULDS	24	2011-02-24 14:13	1.25	17017	United Kingdom
575875	22955	36 FOIL STAR CAKE CASES	2	2011-11-11 13:06	4.13	UNKNOWN	United Kingdom
558904	21850	BLUE  DIAMANTE PEN IN GIFT BOX	1	2011-07-04 16:18	2.46	UNKNOWN	United Kingdom
548971	85020	ROUND PINK HEART MIRROR	4	2011-04-05 11:29	2.1	16919	United Kingdom
543467	20719	WOODLAND CHARLOTTE BAG	3	2011-02-08 14:35	1.63	UNKNOWN	United Kingdom
568179	21523	DOORMAT FANCY FONT HOME SWEET HOME	2	2011-09-25 13:39	8.25	12545	Spain
565481	22413	METAL SIGN TAKE IT OR LEAVE IT	1	2011-09-05 11:31	2.95	16891	United Kingdom
575177	20726	LUNCH BAG WOODLAND	2	2011-11-08 18:41	4.13	UNKNOWN	United Kingdom
540268	22951	60 CAKE CASES DOLLY GIRL DESIGN	24	2011-01-06 11:25	0.55	13458	United Kingdom
545233	22033	BOTANICAL ROSE GREETING CARD	12	2011-03-01 10:25	0.42	18044	United Kingdom
552676	23182	TOILET SIGN OCCUPIED OR VACANT	1	2011-05-10 15:07	2.5	UNKNOWN	United Kingdom
567507	22422	TOOTHPASTE TUBE PEN	1	2011-09-20 14:46	1.25	UNKNOWN	United Kingdom
578065	21929	JUMBO BAG PINK VINTAGE PAISLEY	1	2011-11-22 15:41	4.13	UNKNOWN	United Kingdom
559492	22197	POPCORN HOLDER	2	2011-07-08 13:53	1.63	UNKNOWN	United Kingdom
540115	85194S	HANGING SPRING FLOWER EGG SMALL	24	2011-01-05 09:51	0.65	15235	United Kingdom
571058	22838	3 TIER CAKE TIN RED AND CREAM	4	2011-10-13 14:18	14.95	13853	United Kingdom
556473	23148	MINIATURE ANTIQUE ROSE HOOK IVORY	2	2011-06-12 12:00	0.83	17265	United Kingdom
576097	22560	TRADITIONAL MODELLING CLAY	24	2011-11-14 09:21	1.25	14494	United Kingdom
571105	22497	SET OF 2 TINS VINTAGE BATHROOM	1	2011-10-13 16:01	4.25	17614	United Kingdom
566364	23165	LARGE CERAMIC TOP STORAGE JAR	12	2011-09-12 12:32	1.65	15253	United Kingdom
553221	23200	JUMBO BAG PEARS	10	2011-05-16 09:58	2.08	16607	United Kingdom
556428	84029G	KNITTED UNION FLAG HOT WATER BOTTLE	1	2011-06-10 13:23	8.29	UNKNOWN	United Kingdom
563354	84519B	CARROT CHARLIE+LOLA COASTER SET	3	2011-08-15 14:35	1.25	15271	United Kingdom
537434	84030E	ENGLISH ROSE HOT WATER BOTTLE	3	2010-12-06 16:57	8.47	UNKNOWN	United Kingdom
542216	84247G	DECOUPAGE,GREETING CARD,	12	2011-01-26 12:29	0.42	14911	EIRE
571713	23207	LUNCH BAG ALPHABET DESIGN	1	2011-10-18 16:58	4.13	UNKNOWN	United Kingdom
556830	22781	GUMBALL MAGAZINE RACK	1	2011-06-15 11:01	7.65	15874	United Kingdom
538126	21876	POTTERING MUG	12	2010-12-09 15:50	1.25	17838	United Kingdom
576300	23188	VINTAGE  2 METRE FOLDING RULER	1	2011-11-14 14:39	1.65	15058	United Kingdom
561600	20676	RED RETROSPOT BOWL	2	2011-07-28 11:29	1.25	15861	United Kingdom
548874	22961	JAM MAKING SET PRINTED	12	2011-04-04 15:18	1.45	17716	United Kingdom
560892	15044A	PINK PAPER PARASOL	6	2011-07-21 17:08	2.95	13089	United Kingdom
569374	23541	WALL ART CLASSIC PUDDINGS	1	2011-10-03 16:14	16.63	UNKNOWN	United Kingdom
540551	21801	CHRISTMAS TREE DECORATION WITH BELL	16	2011-01-10 09:43	0.43	UNKNOWN	United Kingdom
541849	10002	INFLATABLE POLITICAL GLOBE	2	2011-01-23 13:34	0.85	13230	United Kingdom
575851	22960	JAM MAKING SET WITH JARS	1	2011-11-11 12:13	4.25	14662	United Kingdom
574675	23082	SET 6 PAPER TABLE LANTERN HEARTS	1	2011-11-06 12:31	3.75	17289	United Kingdom
580630	22469	HEART OF WICKER SMALL	24	2011-12-05 12:11	1.65	12913	United Kingdom
578120	22621	TRADITIONAL KNITTING NANCY	12	2011-11-23 10:21	1.65	14493	United Kingdom
553549	23168	CLASSIC CAFE SUGAR DISPENSER	2	2011-05-17 16:09	2.46	UNKNOWN	United Kingdom
576359	22667	RECIPE BOX RETROSPOT	24	2011-11-14 16:59	2.55	14680	United Kingdom
560500	21864	UNION JACK FLAG PASSPORT COVER	4	2011-07-19 11:08	2.1	17975	United Kingdom
580293	22117	METAL SIGN HER DINNER IS SERVED	2	2011-12-02 13:38	2.95	16426	United Kingdom
579777	21790	VINTAGE SNAP CARDS	10	2011-11-30 15:13	1.63	UNKNOWN	United Kingdom
567631	23174	REGENCY SUGAR BOWL GREEN	4	2011-09-21 13:33	4.15	13350	United Kingdom
570116	22551	PLASTERS IN TIN SPACEBOY	3	2011-10-07 12:38	1.65	12856	United Kingdom
562553	82582	AREA PATROLLED METAL SIGN	1	2011-08-05 16:34	4.13	UNKNOWN	United Kingdom
578993	23498	CLASSIC BICYCLE CLIPS	1	2011-11-27 15:38	1.45	15987	United Kingdom
541566	21883	STARS GIFT TAPE	24	2011-01-19 11:50	0.19	17722	United Kingdom
581405	23368	SET 12 COLOUR PENCILS DOLLY GIRL	1	2011-12-08 13:50	0.65	13521	United Kingdom
574480	22593	CHRISTMAS GINGHAM STAR	12	2011-11-04 12:42	0.85	15010	United Kingdom
574081	23312	VINTAGE CHRISTMAS GIFT SACK	4	2011-11-02 16:37	4.15	15804	United Kingdom
562024	23288	GREEN VINTAGE SPOT BEAKER	7	2011-08-01 16:07	1.63	UNKNOWN	United Kingdom
581219	22429	ENAMEL MEASURING JUG CREAM	2	2011-12-08 09:28	8.29	UNKNOWN	United Kingdom
554512	22077	6 RIBBONS RUSTIC CHARM	1	2011-05-24 15:54	3.29	UNKNOWN	United Kingdom
559809	21080	SET/20 RED RETROSPOT PAPER NAPKINS	2	2011-07-12 14:57	0.85	16409	United Kingdom
564764	84659A	WHITE TRAVEL ALARM CLOCK	2	2011-08-30 10:49	1.23	14096	United Kingdom
557502	84755	COLOUR GLASS T-LIGHT HOLDER HANGING	4	2011-06-20 15:32	1.24	UNKNOWN	United Kingdom
544930	21212	PACK OF 72 RETROSPOT CAKE CASES	2	2011-02-24 18:26	0.55	17472	United Kingdom
580727	22470	HEART OF WICKER LARGE	2	2011-12-05 17:17	5.79	14096	United Kingdom
554112	90200D	PINK SWEETHEART BRACELET	1	2011-05-22 14:44	4.25	17611	United Kingdom
573305	22804	PINK HANGING HEART T-LIGHT HOLDER	5	2011-10-28 16:13	2.95	17837	United Kingdom
551693	22452	MEASURING TAPE BABUSHKA PINK	6	2011-05-03 13:36	2.95	15582	United Kingdom
579102	22567	20 DOLLY PEGS RETROSPOT	12	2011-11-28 11:33	1.45	14911	EIRE
578344	23293	SET OF 12 FAIRY CAKE BAKING CASES	3	2011-11-24 09:21	2.46	UNKNOWN	United Kingdom
560244	22090	PAPER BUNTING RETROSPOT	3	2011-07-17 12:14	2.95	16931	United Kingdom
553164	21877	HOME SWEET HOME MUG	1	2011-05-13 16:12	1.25	17961	United Kingdom
569555	22553	PLASTERS IN TIN SKULLS	12	2011-10-05 08:17	1.65	17728	United Kingdom
566292	22907	PACK OF 20 NAPKINS PANTRY DESIGN	12	2011-09-11 15:35	0.85	13381	United Kingdom
574655	23397	FOOT STOOL HOME SWEET HOME	1	2011-11-06 11:35	9.95	16466	United Kingdom
540994	85055	FRENCH ENAMEL UTENSIL HOLDER	4	2011-01-13 09:29	3.75	13089	United Kingdom
576838	23460	SWEETHEART WALL TIDY	2	2011-11-16 15:21	9.95	18075	United Kingdom
581219	21224	SET/4 SKULL BADGES	1	2011-12-08 09:28	0.83	UNKNOWN	United Kingdom
552191	47590A	BLUE HAPPY BIRTHDAY BUNTING	3	2011-05-06 14:12	5.45	16832	United Kingdom
564139	22433	WATERING CAN GREEN DINOSAUR	1	2011-08-23 11:41	1.95	16904	United Kingdom
564056	23342	MINT DINER WALL CLOCK	1	2011-08-22 14:13	8.5	14387	United Kingdom
562219	22846	BREAD BIN DINER STYLE RED	4	2011-08-03 14:14	14.95	15089	United Kingdom
574700	21415	CLAM SHELL SMALL	2	2011-11-06 13:53	2.1	16033	United Kingdom
552508	22183	CAKE STAND VICTORIAN FILIGREE MED	2	2011-05-09 16:27	5.79	UNKNOWN	United Kingdom
579508	21944	KITTENS DESIGN FLANNEL	1	2011-11-29 16:33	1.63	UNKNOWN	United Kingdom
540501	85035C	ROSE 3 WICK MORRIS BOX CANDLE	12	2011-01-09 10:43	1.25	13162	United Kingdom
580730	90211A	DIAMOND LAS VEGAS NECKLACE 45CM	1	2011-12-05 17:28	5.82	UNKNOWN	United Kingdom
564516	20676	RED RETROSPOT BOWL	1	2011-08-25 14:45	2.46	UNKNOWN	United Kingdom
537638	22150	3 STRIPEY MICE FELTCRAFT	1	2010-12-07 15:28	4.21	UNKNOWN	United Kingdom
543371	22115	METAL SIGN EMPIRE TEA	1	2011-02-07 14:53	2.95	14048	United Kingdom
572023	21621	VINTAGE UNION JACK BUNTING	1	2011-10-20 11:03	8.5	17764	United Kingdom
569236	21823	PAINTED METAL HEART WITH HOLLY BELL	4	2011-10-02 15:49	0.39	14432	United Kingdom
550775	21704	BAG 250G SWIRLY MARBLES	12	2011-04-20 13:18	0.85	15805	United Kingdom
546498	20685	DOORMAT RED RETROSPOT	1	2011-03-14 11:44	7.95	15493	United Kingdom
554084	22423	REGENCY CAKESTAND 3 TIER	2	2011-05-22 11:52	12.75	12909	United Kingdom
556740	23065	LARGE DECO JEWELLERY STAND	1	2011-06-14 12:06	12.5	17346	United Kingdom
579619	23560	SET OF 6 RIBBONS COUNTRY STYLE	12	2011-11-30 12:10	2.89	18241	United Kingdom
538951	22377	BOTTLE BAG RETROSPOT	2	2010-12-15 11:26	2.1	16782	United Kingdom
557625	85183A	CHARLIE & LOLA WASTEPAPER BIN BLUE	12	2011-06-21 14:23	1.25	15159	United Kingdom
566726	23135	SMALL ZINC HEART WALL ORGANISER	1	2011-09-14 13:12	5.75	15021	United Kingdom
572868	22113	GREY HEART HOT WATER BOTTLE	2	2011-10-26 13:20	4.25	17564	United Kingdom
565381	82486	3 DRAWER ANTIQUE WHITE WOOD CABINET	2	2011-09-02 15:23	8.95	16173	United Kingdom
552687	21218	RED SPOTTY BISCUIT TIN	1	2011-05-10 15:09	8.29	UNKNOWN	United Kingdom
555925	84944	SET OF 6 KASHMIR FOLKART BAUBLES	4	2011-06-07 17:13	3.29	UNKNOWN	United Kingdom
579555	22335	HEART DECORATION PAINTED ZINC	8	2011-11-30 11:08	0.65	16241	United Kingdom
553014	23156	SET OF 5 MINI GROCERY MAGNETS	6	2011-05-12 18:49	2.08	13451	United Kingdom
562264	22109	FULL ENGLISH BREAKFAST PLATE	2	2011-08-03 16:14	7.46	UNKNOWN	United Kingdom
559804	22301	COFFEE MUG CAT + BIRD DESIGN	6	2011-07-12 14:17	2.55	17405	United Kingdom
561529	22083	PAPER CHAIN KIT RETROSPOT	6	2011-07-28 09:19	2.95	13013	United Kingdom
559497	23148	MINIATURE ANTIQUE ROSE HOOK IVORY	3	2011-07-08 13:54	2.46	UNKNOWN	United Kingdom
563073	84945	MULTI COLOUR SILVER T-LIGHT HOLDER	12	2011-08-11 15:56	0.85	18235	United Kingdom
571058	23245	SET OF 3 REGENCY CAKE TINS	16	2011-10-13 14:18	4.15	13853	United Kingdom
560827	22551	PLASTERS IN TIN SPACEBOY	12	2011-07-21 11:42	1.65	14517	United Kingdom
562560	22746	POPPY'S PLAYHOUSE LIVINGROOM	4	2011-08-05 17:12	2.1	14156	EIRE
549129	21830	ASSORTED CREEPY CRAWLIES	24	2011-04-06 14:53	0.42	17042	United Kingdom
537405	79302M	ART LIGHTS,FUNK MONKEY	1	2010-12-06 14:51	2.95	17841	United Kingdom
564319	22467	GUMBALL COAT RACK	1	2011-08-24 13:18	2.55	15059	United Kingdom
547071	85014A	BLACK/BLUE POLKADOT UMBRELLA	3	2011-03-20 13:59	5.95	12693	Germany
581432	22064	PINK DOUGHNUT TRINKET POT	48	2011-12-08 15:51	0.39	13798	United Kingdom
558774	84251G	GREETING CARD, OVERCROWDED POOL.	3	2011-07-04 10:17	0.42	UNKNOWN	United Kingdom
568716	22621	TRADITIONAL KNITTING NANCY	2	2011-09-28 16:13	3.29	UNKNOWN	United Kingdom
563909	23273	HEART T-LIGHT HOLDER WILLIE WINKIE	12	2011-08-21 12:36	1.65	15701	United Kingdom
541495	22664	TOY TIDY DOLLY GIRL DESIGN	1	2011-01-18 14:59	4.13	UNKNOWN	United Kingdom
576652	23323	WHITE WICKER STAR	1	2011-11-16 10:39	2.1	17198	United Kingdom
574069	22383	LUNCH BAG SUKI DESIGN	20	2011-11-02 14:52	1.65	17735	United Kingdom
550890	82583	HOT BATHS METAL SIGN	2	2011-04-21 12:00	2.1	14711	United Kingdom
556812	21900	KEY FOB , SHED	1	2011-06-14 17:25	1.63	UNKNOWN	United Kingdom
540268	22219	LOVEBIRD HANGING DECORATION WHITE	36	2011-01-06 11:25	0.85	13458	United Kingdom
544313	23005	TRAVEL CARD WALLET I LOVE LONDON	24	2011-02-17 14:36	0.42	14099	United Kingdom
556081	22055	MINI CAKE STAND  HANGING STRAWBERY	1	2011-06-08 15:22	3.29	UNKNOWN	United Kingdom
544271	20677	PINK POLKADOT BOWL	8	2011-02-17 11:46	1.25	17083	United Kingdom
575176	85049H	URBAN BLACK RIBBONS	4	2011-11-08 18:29	0.83	UNKNOWN	United Kingdom
575739	23328	SET 6 SCHOOL MILK BOTTLES IN CRATE	3	2011-11-11 09:05	7.46	UNKNOWN	United Kingdom
556082	22430	ENAMEL WATERING CAN CREAM	1	2011-06-08 15:22	9.96	UNKNOWN	United Kingdom
547497	22859	EASTER TIN BUNNY BOUQUET	4	2011-03-23 12:15	1.65	14461	United Kingdom
572549	23394	POSTE FRANCE CUSHION COVER	1	2011-10-24 17:03	10.79	UNKNOWN	United Kingdom
539087	79321	CHILLI LIGHTS	48	2010-12-16 09:44	4.25	13093	United Kingdom
564040	21217	RED RETROSPOT ROUND CAKE TINS	4	2011-08-22 12:45	9.95	14560	United Kingdom
570241	90025A	BAROQUE BUTTERFLY EARRINGS BLACK	1	2011-10-09 15:24	3.75	14801	United Kingdom
556795	23078	ICE CREAM PEN LIP GLOSS	24	2011-06-14 14:29	1.25	15912	United Kingdom
568134	22219	LOVEBIRD HANGING DECORATION WHITE	1	2011-09-23 17:02	1.63	UNKNOWN	United Kingdom
550499	21888	BINGO SET	2	2011-04-18 15:16	7.46	UNKNOWN	United Kingdom
569236	21402	RED  EGG  SPOON	6	2011-10-02 15:49	0.12	14432	United Kingdom
544075	22863	SOAP DISH BROCANTE	48	2011-02-15 14:50	2.55	14156	EIRE
569110	23203	JUMBO BAG VINTAGE DOILY	10	2011-09-30 12:44	2.08	17675	United Kingdom
561093	23158	SET OF 5 LUCKY CAT MAGNETS	12	2011-07-25 10:01	2.08	12540	Spain
570649	23433	HANGING QUILTED PATCHWORK APPLES	24	2011-10-11 13:12	0.83	17659	United Kingdom
540154	21632	VINTAGE PINK DECORATIVE PARASOL	2	2011-01-05 11:30	8.47	UNKNOWN	United Kingdom
566279	21992	VINTAGE PAISLEY STATIONERY SET	6	2011-09-11 14:09	1.25	14432	United Kingdom
577700	23301	GARDENERS KNEELING PAD KEEP CALM	1	2011-11-21 12:06	1.65	14449	United Kingdom
579991	22969	HOMEMADE JAM SCENTED CANDLES	12	2011-12-01 11:20	1.45	13159	United Kingdom
536876	21786	POLKADOT RAIN HAT	3	2010-12-03 11:36	0.85	UNKNOWN	United Kingdom
560883	84402B	PURPLE DRESS JEWELLERY STAND	25	2011-07-21 16:10	0.79	13694	United Kingdom
567280	20724	RED RETROSPOT CHARLOTTE BAG	100	2011-09-19 11:46	0.72	14646	Netherlands
573873	21464	DISCO BALL ROTATOR BATTERY OPERATED	1	2011-11-01 12:39	4.25	17346	United Kingdom
541516	22492	MINI PAINT SET VINTAGE	2	2011-01-18 17:34	1.63	UNKNOWN	United Kingdom
537823	90201D	GREEN ENAMEL FLOWER RING	1	2010-12-08 14:25	2.96	UNKNOWN	United Kingdom
556487	22998	TRAVEL CARD WALLET KEEP CALM	1	2011-06-12 13:51	0.42	17289	United Kingdom
579512	90170	DAISY HAIR BAND	2	2011-11-29 16:47	1.65	UNKNOWN	United Kingdom
575759	21107	CREAM SLICE FLANNEL PINK SPOT	2	2011-11-11 10:50	2.95	UNKNOWN	France
551811	22088	PAPER BUNTING COLOURED LACE	1	2011-05-04 11:37	2.95	15039	United Kingdom
568829	23344	JUMBO BAG 50'S CHRISTMAS	10	2011-09-29 11:33	2.08	17633	United Kingdom
551718	22771	CLEAR DRAWER KNOB ACRYLIC EDWARDIAN	2	2011-05-03 16:06	2.46	UNKNOWN	United Kingdom
540681	21883	STARS GIFT TAPE	8	2011-01-10 16:25	0.43	UNKNOWN	United Kingdom
537040	84949	SILVER HANGING T-LIGHT HOLDER	144	2010-12-05 10:27	1.45	13089	United Kingdom
578827	22379	RECYCLING BAG RETROSPOT	2	2011-11-25 14:25	4.13	UNKNOWN	United Kingdom
571713	21544	SKULLS  WATER TRANSFER TATTOOS	3	2011-10-18 16:58	1.63	UNKNOWN	United Kingdom
542622	21846	PINK DIAMANTE PEN IN GIFT BOX	4	2011-01-31 09:09	4.13	UNKNOWN	United Kingdom
537638	22077	6 RIBBONS RUSTIC CHARM	2	2010-12-07 15:28	3.36	UNKNOWN	United Kingdom
549949	84535A	ENGLISH ROSE NOTEBOOK A6 SIZE	4	2011-04-13 12:57	0.65	13208	United Kingdom
557857	22772	PINK DRAWER KNOB ACRYLIC EDWARDIAN	12	2011-06-23 11:50	1.25	17370	United Kingdom
565287	23275	SET OF 3 HANGING OWLS OLLIE BEAK	12	2011-09-02 11:42	1.25	12483	Sweden
547199	84879	ASSORTED COLOUR BIRD ORNAMENT	8	2011-03-21 12:53	1.69	14606	United Kingdom
581123	22866	HAND WARMER SCOTTY DOG DESIGN	12	2011-12-07 12:34	2.1	15750	United Kingdom
570253	23046	PAPER LANTERN 9 POINT DELUXE STAR	240	2011-10-10 09:18	5.75	14156	EIRE
556912	22720	SET OF 3 CAKE TINS PANTRY DESIGN	2	2011-06-15 13:26	4.95	15005	United Kingdom
572220	20751	FUNKY WASHING UP GLOVES ASSORTED	1	2011-10-21 13:24	2.1	17800	United Kingdom
544110	22360	GLASS JAR ENGLISH CONFECTIONERY	2	2011-02-16 11:03	2.95	15059	United Kingdom
538518	22364	GLASS JAR DIGESTIVE BISCUITS	2	2010-12-12 16:14	2.95	14505	United Kingdom
546215	22356	CHARLOTTE BAG PINK POLKADOT	3	2011-03-10 11:52	0.85	14713	United Kingdom
551696	21903	MAN FLU METAL SIGN	12	2011-05-03 13:39	2.1	14110	United Kingdom
542600	22799	SWEETHEART WIRE FRUIT BOWL	2	2011-01-30 11:11	8.5	16923	United Kingdom
578067	23632	SET 10 CARDS CHEERFUL ROBIN 17065	4	2011-11-22 15:43	2.08	UNKNOWN	United Kingdom
551339	22139	RETROSPOT TEA SET CERAMIC 11 PC	1	2011-04-27 17:18	10.79	UNKNOWN	United Kingdom
550953	20676	RED RETROSPOT BOWL	4	2011-04-21 16:17	2.46	UNKNOWN	United Kingdom
545838	22566	FELTCRAFT HAIRBAND PINK AND PURPLE	1	2011-03-07 13:33	0.85	14606	United Kingdom
551960	22904	CALENDAR PAPER CUT DESIGN	6	2011-05-05 12:38	2.95	18239	United Kingdom
578243	23076	ICE CREAM SUNDAE LIP GLOSS	48	2011-11-23 12:33	1.25	13448	United Kingdom
571667	22367	CHILDRENS APRON SPACEBOY DESIGN	2	2011-10-18 13:04	1.95	14554	United Kingdom
574491	22623	BOX OF VINTAGE JIGSAW BLOCKS	3	2011-11-04 13:05	5.95	16318	United Kingdom
575843	85048	15CM CHRISTMAS GLASS BALL 20 LIGHTS	3	2011-11-11 12:02	7.95	14446	United Kingdom
553541	22502	PICNIC BASKET WICKER SMALL	3	2011-05-17 15:33	8.29	UNKNOWN	United Kingdom
568152	22665	RECIPE BOX BLUE SKETCHBOOK DESIGN	1	2011-09-25 11:40	2.95	16480	United Kingdom
569222	23083	SET 6 PAPER TABLE LANTERN STARS	12	2011-10-02 13:46	3.75	15906	United Kingdom
546383	35922	EASTER BUNNY WREATH	5	2011-03-11 12:54	4.95	13654	United Kingdom
558183	22766	PHOTO FRAME CORNICE	2	2011-06-27 12:13	2.95	15996	United Kingdom
541999	21564	PINK  HEART SHAPE LOVE BUCKET	2	2011-01-25 10:45	5.79	UNKNOWN	United Kingdom
569570	21535	RED RETROSPOT SMALL MILK JUG	240	2011-10-05 10:06	2.1	16684	United Kingdom
540568	21755	LOVE BUILDING BLOCK WORD	1	2011-01-10 11:22	5.95	15039	United Kingdom
542709	22961	JAM MAKING SET PRINTED	12	2011-01-31 13:17	1.45	15144	United Kingdom
579161	23310	BUBBLEGUM RING ASSORTED	36	2011-11-28 13:56	0.42	17379	United Kingdom
546780	23010	CIRCUS PARADE BABY GIFT SET	24	2011-03-17 07:40	14.95	12435	Denmark
575312	21790	VINTAGE SNAP CARDS	12	2011-11-09 12:49	0.85	13588	United Kingdom
573373	23103	JINGLE BELL HEART DECORATION	1	2011-10-30 13:37	1.65	14684	United Kingdom
566869	22621	TRADITIONAL KNITTING NANCY	12	2011-09-15 13:20	1.65	13658	United Kingdom
567917	82616C	MIDNIGHT GLAMOUR SCARF KNITTING KIT	12	2011-09-22 17:19	1.25	14298	United Kingdom
544599	22099	CARAVAN SQUARE TISSUE BOX	1	2011-02-21 18:15	2.46	UNKNOWN	United Kingdom
563482	21216	SET 3 RETROSPOT TEA,COFFEE,SUGAR	1	2011-08-16 15:54	4.95	17097	Spain
578922	21263	GREEN GOOSE FEATHER TREE 60CM	2	2011-11-27 12:00	1.95	17236	United Kingdom
576329	23101	SILVER STARS TABLE DECORATION	1	2011-11-14 15:22	2.46	UNKNOWN	United Kingdom
540646	21935	SUKI  SHOULDER BAG	16	2011-01-10 14:32	1.66	UNKNOWN	United Kingdom
578031	22470	HEART OF WICKER LARGE	6	2011-11-22 13:41	2.95	15796	United Kingdom
537362	47590B	PINK HAPPY BIRTHDAY BUNTING	2	2010-12-06 12:34	5.45	17596	United Kingdom
543237	21989	PACK OF 20 SKULL PAPER NAPKINS	4	2011-02-04 13:39	1.63	UNKNOWN	United Kingdom
569729	22139	RETROSPOT TEA SET CERAMIC 11 PC	3	2011-10-06 09:43	4.95	16350	United Kingdom
573373	22810	SET OF 6 T-LIGHTS SNOWMEN	1	2011-10-30 13:37	2.95	14684	United Kingdom
569715	22059	CERAMIC STRAWBERRY DESIGN MUG	2	2011-10-05 17:29	1.49	15856	United Kingdom
541518	18007	ESSENTIAL BALM 3.5G TIN IN ENVELOPE	24	2011-01-19 09:05	0.18	12451	Switzerland
555628	23207	LUNCH BAG ALPHABET DESIGN	10	2011-06-06 11:59	1.65	15260	United Kingdom
577082	22940	FELTCRAFT CHRISTMAS FAIRY	4	2011-11-17 15:31	4.25	15811	United Kingdom
578942	23186	FRENCH STYLE STORAGE JAR CAFE	18	2011-11-27 13:29	0.29	17288	United Kingdom
572867	22384	LUNCH BAG PINK POLKADOT	2	2011-10-26 13:19	1.65	14598	United Kingdom
573360	23534	WALL ART STOP FOR TEA	1	2011-10-30 12:51	5.95	15748	United Kingdom
566213	22746	POPPY'S PLAYHOUSE LIVINGROOM	6	2011-09-09 15:09	2.1	14895	United Kingdom
554836	84987	SET OF 36 TEATIME PAPER DOILIES	12	2011-05-26 16:25	1.45	13015	United Kingdom
562933	71053	WHITE METAL LANTERN	1	2011-08-10 16:51	8.29	UNKNOWN	United Kingdom
581191	23428	IVORY RETRO KITCHEN WALL CLOCK	1	2011-12-07 16:56	8.15	17449	United Kingdom
577516	23014	GLASS APOTHECARY BOTTLE ELIXIR	1	2011-11-20 13:08	3.95	16533	United Kingdom
560861	21819	GLITTER CHRISTMAS STAR	3	2011-07-21 13:37	0.85	17660	United Kingdom
562950	23164	REGENCY CAKE SLICE	4	2011-08-11 09:56	4.95	15608	United Kingdom
561258	22726	ALARM CLOCK BAKELIKE GREEN	4	2011-07-26 12:03	3.75	15513	United Kingdom
570225	84030E	ENGLISH ROSE HOT WATER BOTTLE	2	2011-10-09 13:15	4.25	16595	United Kingdom
577318	22728	ALARM CLOCK BAKELIKE PINK	8	2011-11-18 13:42	3.75	17675	United Kingdom
556531	21519	GIN & TONIC DIET GREETING CARD	12	2011-06-13 11:49	0.42	15491	United Kingdom
554310	84595E	LARGE TORTILLA DESIGN RED BOWL	1	2011-05-23 15:25	3.29	UNKNOWN	United Kingdom
578149	22200	FRYING PAN PINK POLKADOT	1	2011-11-23 11:11	8.29	UNKNOWN	United Kingdom
562843	23243	SET OF TEA COFFEE SUGAR TINS PANTRY	1	2011-08-09 17:37	10.79	UNKNOWN	United Kingdom
550541	22100	SKULLS SQUARE TISSUE BOX	1	2011-04-19 11:33	2.46	UNKNOWN	United Kingdom
554504	22192	BLUE DINER WALL CLOCK	4	2011-05-24 15:13	8.5	17719	United Kingdom
580526	23457	LARGE PARLOUR PICTURE FRAME	3	2011-12-04 15:18	4.95	16535	United Kingdom
564346	22950	36 DOILIES VINTAGE CHRISTMAS	24	2011-08-24 14:54	1.45	15727	United Kingdom
578678	23403	LETTER HOLDER HOME SWEET HOME	1	2011-11-24 19:59	3.75	17841	United Kingdom
576062	23368	SET 12 COLOUR PENCILS DOLLY GIRL	4	2011-11-13 15:30	0.65	12867	United Kingdom
552005	21181	PLEASE ONE PERSON METAL SIGN	24	2011-05-05 16:34	2.1	15491	United Kingdom
575491	22749	FELTCRAFT PRINCESS CHARLOTTE DOLL	1	2011-11-09 17:47	3.75	15531	United Kingdom
579666	85152	HAND OVER THE CHOCOLATE   SIGN	12	2011-11-30 12:31	2.1	14893	United Kingdom
547720	21733	RED HANGING HEART T-LIGHT HOLDER	6	2011-03-25 10:08	2.95	14209	United Kingdom
550325	22358	KINGS CHOICE TEA CADDY	6	2011-04-17 13:04	2.95	15745	United Kingdom
537886	22350	ILLUSTRATED CAT BOWL	6	2010-12-09 09:49	2.55	15660	United Kingdom
547374	21933	PINK VINTAGE PAISLEY PICNIC BAG	1	2011-03-22 13:54	2.95	16110	United Kingdom
555528	22041	"RECORD FRAME 7"" SINGLE SIZE"	48	2011-06-05 11:44	2.1	15694	United Kingdom
549729	85188A	GREEN METAL SWINGING BUNNY	2	2011-04-11 16:17	0.85	13634	United Kingdom
571554	22383	LUNCH BAG SUKI DESIGN	8	2011-10-18 09:13	4.96	UNKNOWN	United Kingdom
547967	22993	SET OF 4 PANTRY JELLY MOULDS	2	2011-03-28 15:49	2.46	UNKNOWN	United Kingdom
544678	17084N	FAIRY DREAMS INCENSE	50	2011-02-22 16:15	0.21	13077	United Kingdom
548404	22192	BLUE DINER WALL CLOCK	2	2011-03-31 09:38	8.5	16398	United Kingdom
571306	23373	VINTAGE CHRISTMAS PAPER GIFT BAG	30	2011-10-17 09:57	0.82	16701	United Kingdom
559350	21746	SMALL RED RETROSPOT WINDMILL	12	2011-07-07 17:35	1.25	16842	United Kingdom
574300	21688	SILVER PLATE CANDLE BOWL SMALL	6	2011-11-03 16:12	2.95	14636	United Kingdom
575654	23240	SET OF 4 KNICK KNACK TINS DOILY	6	2011-11-10 14:28	4.15	15238	United Kingdom
562849	22149	FELTCRAFT 6 FLOWER FRIENDS	6	2011-08-10 09:52	2.1	16700	United Kingdom
543306	21239	PINK  POLKADOT CUP	2	2011-02-07 11:56	0.85	16686	United Kingdom
575906	23101	SILVER STARS TABLE DECORATION	1	2011-11-11 15:50	0.83	UNKNOWN	United Kingdom
571987	22714	CARD BIRTHDAY COWBOY	12	2011-10-20 10:47	0.42	17007	United Kingdom
568134	21990	MODERN FLORAL STATIONERY SET	8	2011-09-23 17:02	2.46	UNKNOWN	United Kingdom
561080	21175	GIN + TONIC DIET METAL SIGN	2	2011-07-24 16:13	2.55	UNKNOWN	United Kingdom
581494	22633	HAND WARMER UNION JACK	12	2011-12-09 10:13	2.1	12518	Germany
551351	22855	FINE WICKER HEART	24	2011-04-28 10:20	1.06	14298	United Kingdom
576836	23568	EGG CUP HENRIETTA HEN CREAM	36	2011-11-16 15:14	1.25	16191	United Kingdom
579258	22578	WOODEN STAR CHRISTMAS SCANDINAVIAN	24	2011-11-29 08:21	0.29	15148	United Kingdom
564857	22659	LUNCH BOX I LOVE LONDON	2	2011-08-31 09:23	2.46	UNKNOWN	United Kingdom
555275	22725	ALARM CLOCK BAKELIKE CHOCOLATE	2	2011-06-01 17:18	3.75	UNKNOWN	United Kingdom
581021	23275	SET OF 3 HANGING OWLS OLLIE BEAK	12	2011-12-07 10:24	1.25	14769	United Kingdom
557007	22356	CHARLOTTE BAG PINK POLKADOT	20	2011-06-16 11:30	0.85	12484	Spain
562928	23127	FELTCRAFT GIRL NICOLE KIT	2	2011-08-10 15:29	4.95	15494	United Kingdom
566557	22489	PACK OF 12 TRADITIONAL CRAYONS	144	2011-09-13 11:47	0.36	14646	Netherlands
555277	21535	RED RETROSPOT SMALL MILK JUG	1	2011-06-01 17:30	4.96	UNKNOWN	United Kingdom
548868	23184	BULL DOG BOTTLE OPENER	4	2011-04-04 14:28	4.95	13015	United Kingdom
545568	21844	RED RETROSPOT MUG	2	2011-03-03 16:22	5.79	UNKNOWN	United Kingdom
557858	23240	SET OF 4 KNICK KNACK TINS DOILEY	1	2011-06-23 11:51	4.15	14159	United Kingdom
540943	21935	SUKI  SHOULDER BAG	3	2011-01-12 12:31	1.65	17841	United Kingdom
562031	71459	HANGING JAM JAR T-LIGHT HOLDER	24	2011-08-01 17:37	0.85	16984	United Kingdom
548505	22055	MINI CAKE STAND  HANGING STRAWBERY	1	2011-03-31 14:34	3.29	UNKNOWN	United Kingdom
565186	23551	PACK OF 12 PAISLEY PARK TISSUES	12	2011-09-01 15:56	0.39	17220	United Kingdom
555743	23146	TRIPLE HOOK ANTIQUE IVORY ROSE	4	2011-06-07 10:42	3.29	12868	United Kingdom
542434	22147	FELTCRAFT BUTTERFLY HEARTS	12	2011-01-28 10:47	1.45	16755	United Kingdom
547788	21455	PAINTED YELLOW WOODEN DAISY	2	2011-03-25 12:00	0.83	UNKNOWN	United Kingdom
571105	22731	3D CHRISTMAS STAMPS STICKERS	2	2011-10-13 16:01	1.25	17614	United Kingdom
556241	23092	LARGE ANTIQUE WHITE PHOTO FRAME	2	2011-06-09 16:04	7.9	12597	Spain
579512	23419	HOME SWEET HOME BOTTLE	1	2011-11-29 16:47	4.13	UNKNOWN	United Kingdom
563216	22775	PURPLE DRAWERKNOB ACRYLIC EDWARDIAN	2	2011-08-14 13:14	1.25	17841	United Kingdom
574883	23365	SET 12 COLOUR PENCILS LOVE LONDON	2	2011-11-07 13:56	0.65	14623	United Kingdom
548868	21658	GLASS  BEURRE DISH	4	2011-04-04 14:28	3.95	13015	United Kingdom
548401	22499	WOODEN UNION JACK BUNTING	3	2011-03-31 09:07	5.95	14479	United Kingdom
550285	22993	SET OF 4 PANTRY JELLY MOULDS	12	2011-04-15 14:14	1.25	15249	United Kingdom
573347	23365	SET 12 COLOUR PENCILS LOVE LONDON	4	2011-10-30 12:26	0.65	13137	United Kingdom
546648	22665	RECIPE BOX BLUE SKETCHBOOK DESIGN	4	2011-03-15 14:15	6.63	UNKNOWN	United Kingdom
578850	22094	RED RETROSPOT TISSUE BOX	8	2011-11-27 10:47	0.39	13571	United Kingdom
577358	21365	MIRRORED WALL ART STARS	1	2011-11-18 15:59	5.79	UNKNOWN	United Kingdom
572758	23526	WALL ART DOG LICENCE	1	2011-10-25 18:39	12.46	UNKNOWN	United Kingdom
559052	85087	CANDY SPOT CUSHION COVER	1	2011-07-05 16:53	3.29	UNKNOWN	United Kingdom
537601	84946	ANTIQUE SILVER TEA GLASS ETCHED	18	2010-12-07 12:43	1.25	17287	United Kingdom
561028	23548	WRAP MAGIC FOREST	25	2011-07-24 11:06	0.42	17769	United Kingdom
572862	22728	ALARM CLOCK BAKELIKE PINK	1	2011-10-26 12:48	3.75	16750	United Kingdom
564972	23172	REGENCY TEA PLATE PINK	12	2011-08-31 15:30	1.65	12621	Germany
573004	23583	LUNCH BAG PAISLEY PARK	200	2011-10-27 12:12	1.45	14646	Netherlands
572896	85049E	SCANDINAVIAN REDS RIBBONS	12	2011-10-26 14:41	1.25	12456	Switzerland
537434	21754	HOME BUILDING BLOCK WORD	3	2010-12-06 16:57	11.87	UNKNOWN	United Kingdom
561605	23044	PAPER LANTERN 9 POINT HOLLY STAR S	4	2011-07-28 12:09	4.15	13925	United Kingdom
538908	84375	SET OF 20 KIDS COOKIE CUTTERS	12	2010-12-15 10:41	2.1	16954	United Kingdom
565233	22701	PINK DOG BOWL	1	2011-09-02 09:34	2.46	UNKNOWN	United Kingdom
544770	22804	CANDLEHOLDER PINK HANGING HEART	1	2011-02-23 11:11	5.79	UNKNOWN	United Kingdom
573388	22748	POPPY'S PLAYHOUSE KITCHEN	12	2011-10-30 14:44	2.1	14895	United Kingdom
538883	84596e	SMALL LICORICE DES PINK BOWL	2	2010-12-14 15:56	2.51	UNKNOWN	United Kingdom
574663	22749	FELTCRAFT PRINCESS CHARLOTTE DOLL	2	2011-11-06 12:04	3.75	13527	United Kingdom
553389	21891	TRADITIONAL WOODEN SKIPPING ROPE	1	2011-05-16 16:37	2.46	UNKNOWN	United Kingdom
563200	22665	RECIPE BOX BLUE SKETCHBOOK DESIGN	1	2011-08-14 10:49	2.95	13838	United Kingdom
567661	22624	IVORY KITCHEN SCALES	2	2011-09-21 15:06	8.5	13959	United Kingdom
572558	22745	POPPY'S PLAYHOUSE BEDROOM	6	2011-10-25 08:26	2.1	14286	United Kingdom
574298	22693	GROW A FLYTRAP OR SUNFLOWER IN TIN	1	2011-11-03 15:56	2.5	UNKNOWN	United Kingdom
540468	22264	FELT FARM ANIMAL WHITE BUNNY	2	2011-01-07 13:55	0.81	UNKNOWN	United Kingdom
564757	20974	12 PENCILS SMALL TUBE SKULL	1	2011-08-30 10:36	1.25	UNKNOWN	United Kingdom
547720	22762	CUPBOARD 3 DRAWER MA CAMPAGNE	1	2011-03-25 10:08	14.95	14209	United Kingdom
573330	23157	SET OF 6 NATIVITY MAGNETS	1	2011-10-30 11:22	2.08	16923	United Kingdom
547250	22727	ALARM CLOCK BAKELIKE RED	1	2011-03-22 09:30	7.46	UNKNOWN	United Kingdom
561698	22800	ANTIQUE TALL SWIRLGLASS TRINKET POT	4	2011-07-29 10:21	3.75	15974	United Kingdom
562960	71459	HANGING JAM JAR T-LIGHT HOLDER	12	2011-08-11 10:22	0.85	14911	EIRE
572312	21791	VINTAGE HEADS AND TAILS CARD GAME	2	2011-10-23 15:47	1.25	15022	United Kingdom
561917	23199	JUMBO BAG APPLES	1	2011-08-01 11:57	2.08	16904	United Kingdom
556803	21155	RED RETROSPOT PEG BAG	7	2011-06-14 14:57	4.96	UNKNOWN	United Kingdom
569870	22999	TRAVEL CARD WALLET VINTAGE LEAF	2	2011-10-06 14:59	0.42	12757	Portugal
547382	82567	AIRLINE LOUNGE,METAL SIGN	1	2011-03-22 15:31	2.1	15457	United Kingdom
557281	84993B	75 BLACK PETIT FOUR CASES	1	2011-06-19 12:23	0.42	13632	United Kingdom
542371	21880	RED RETROSPOT TAPE	12	2011-01-27 13:29	0.65	12468	Germany
556914	15044D	RED PAPER PARASOL	9	2011-06-15 13:34	2.95	12877	United Kingdom
536876	21025	SPACE FROG	2	2010-12-03 11:36	2.51	UNKNOWN	United Kingdom
541424	82552	WASHROOM METAL SIGN	2	2011-01-17 17:57	2.46	UNKNOWN	United Kingdom
544942	22029	SPACEBOY BIRTHDAY CARD	12	2011-02-25 10:29	0.42	15544	United Kingdom
557221	21867	PINK UNION JACK  LUGGAGE TAG	5	2011-06-17 13:01	1.25	16869	United Kingdom
537638	22212	FOUR HOOK  WHITE LOVEBIRDS	3	2010-12-07 15:28	4.21	UNKNOWN	United Kingdom
545340	20685	DOORMAT RED RETROSPOT	2	2011-03-02 08:41	7.95	15416	United Kingdom
557595	22796	PHOTO FRAME 3 CLASSIC HANGING	3	2011-06-21 11:19	9.95	15507	United Kingdom
559506	22062	CERAMIC BOWL WITH LOVE HEART DESIGN	1	2011-07-08 15:17	2.46	UNKNOWN	United Kingdom
548522	22699	ROSES REGENCY TEACUP AND SAUCER	1	2011-03-31 16:43	5.79	UNKNOWN	United Kingdom
574967	22737	RIBBON REEL CHRISTMAS PRESENT	3	2011-11-08 10:51	4.13	UNKNOWN	United Kingdom
542585	72802C	VANILLA SCENT CANDLE JEWELLED BOX	18	2011-01-28 15:29	3.81	17329	United Kingdom
566269	22417	PACK OF 60 SPACEBOY CAKE CASES	1	2011-09-11 13:39	0.55	17864	United Kingdom
538473	21755	LOVE BUILDING BLOCK WORD	4	2010-12-12 12:35	5.95	13668	United Kingdom
558475	22300	COFFEE MUG DOG + BALL DESIGN	1	2011-06-29 15:58	4.96	UNKNOWN	United Kingdom
581219	22757	LARGE RED BABUSHKA NOTEBOOK	2	2011-12-08 09:28	2.46	UNKNOWN	United Kingdom
559299	23203	JUMBO BAG DOILEY PATTERNS	10	2011-07-07 12:39	2.08	16929	United Kingdom
555924	21876	POTTERING MUG	1	2011-06-07 17:12	3.29	UNKNOWN	United Kingdom
559816	22375	AIRLINE BAG VINTAGE JET SET BROWN	1	2011-07-12 16:11	4.13	UNKNOWN	United Kingdom
571038	20685	DOORMAT RED RETROSPOT	1	2011-10-13 12:58	8.25	15511	United Kingdom
574328	22065	CHRISTMAS PUDDING TRINKET POT	48	2011-11-04 09:05	0.39	13081	United Kingdom
541649	84596B	SMALL DOLLY MIX DESIGN ORANGE BOWL	8	2011-01-20 11:39	1.25	17418	United Kingdom
549975	85123A	WHITE HANGING HEART T-LIGHT HOLDER	12	2011-04-13 14:38	2.95	16175	United Kingdom
559991	22170	PICTURE FRAME WOOD TRIPLE PORTRAIT	1	2011-07-14 12:29	6.75	14527	United Kingdom
560115	22173	METAL 4 HOOK HANGER FRENCH CHATEAU	1	2011-07-15 10:05	2.95	17841	United Kingdom
545312	22178	VICTORIAN GLASS HANGING T-LIGHT	6	2011-03-01 13:51	1.25	15456	United Kingdom
546896	22998	TRAVEL CARD WALLET KEEP CALM	1	2011-03-17 18:24	0.83	UNKNOWN	United Kingdom
545078	22477	WATERING CAN GARDEN MARKER	1	2011-02-28 10:15	2.46	UNKNOWN	United Kingdom
567507	23175	REGENCY MILK JUG PINK	1	2011-09-20 14:46	7.46	UNKNOWN	United Kingdom
569843	22082	RIBBON REEL STRIPES DESIGN	1	2011-10-06 13:29	1.65	14449	United Kingdom
547666	22681	FRENCH BLUE METAL DOOR SIGN 6	10	2011-03-24 13:23	1.25	14235	United Kingdom
548327	21982	PACK OF 12 SUKI TISSUES	1	2011-03-30 13:05	0.29	16788	United Kingdom
571676	22866	HAND WARMER SCOTTY DOG DESIGN	2	2011-10-18 13:29	2.1	16910	United Kingdom
576516	20972	PINK CREAM FELT CRAFT TRINKET BOX	12	2011-11-15 12:19	1.25	16746	United Kingdom
581219	22543	MINI JIGSAW BAKE A CAKE	1	2011-12-08 09:28	0.83	UNKNOWN	United Kingdom
565541	22098	BOUDOIR SQUARE TISSUE BOX	3	2011-09-05 12:00	0.39	14159	United Kingdom
572969	21055	TOOL BOX SOFT TOY	1	2011-10-27 10:46	8.95	13363	United Kingdom
546850	21504	SKULLS GREETING CARD	12	2011-03-17 13:20	0.42	13268	United Kingdom
544598	84923	PINK BUTTERFLY HANDBAG W BOBBLES	1	2011-02-21 18:10	4.13	UNKNOWN	United Kingdom
541696	21967	PACK OF 12 SKULL TISSUES	1	2011-01-20 18:08	0.83	UNKNOWN	United Kingdom
576538	21481	FAWN BLUE HOT WATER BOTTLE	2	2011-11-15 12:42	3.75	14725	United Kingdom
581514	84032A	CHARLIE+LOLA PINK HOT WATER BOTTLE	9	2011-12-09 11:20	0.79	17754	United Kingdom
541809	20676	RED RETROSPOT BOWL	11	2011-01-21 14:59	2.46	UNKNOWN	United Kingdom
580653	22191	IVORY DINER WALL CLOCK	6	2011-12-05 13:34	8.5	17706	United Kingdom
579777	72799E	IVORY PILLAR CANDLE SILVER FLOCK	2	2011-11-30 15:13	3.29	UNKNOWN	United Kingdom
557854	84925D	LA PALMIERA WALL THERMOMETER	2	2011-06-23 11:38	2.55	13268	United Kingdom
565396	22090	PAPER BUNTING RETROSPOT	2	2011-09-02 16:39	5.79	UNKNOWN	United Kingdom
565649	22844	VINTAGE CREAM DOG FOOD CONTAINER	2	2011-09-05 16:27	8.5	16712	United Kingdom
572021	21908	CHOCOLATE THIS WAY METAL SIGN	12	2011-10-20 10:57	2.1	15664	United Kingdom
544075	22604	SET OF 4 NAPKIN CHARMS CUTLERY	64	2011-02-15 14:50	2.1	14156	EIRE
541696	21773	DECORATIVE ROSE BATHROOM BOTTLE	2	2011-01-20 18:08	1.25	UNKNOWN	United Kingdom
545909	15044C	PURPLE PAPER PARASOL	6	2011-03-08 09:45	2.95	15819	United Kingdom
579520	22228	BUNNY WOODEN PAINTED WITH BIRD	1	2011-11-29 18:14	0.39	12748	United Kingdom
556408	22549	PICTURE DOMINOES	1	2011-06-10 11:54	1.45	13533	United Kingdom
569374	23210	WHITE ROCKING HORSE HAND PAINTED	1	2011-10-03 16:14	2.46	UNKNOWN	United Kingdom
552826	23147	SINGLE ANTIQUE ROSE HOOK IVORY	12	2011-05-11 13:20	1.45	14277	France
557009	22457	NATURAL SLATE HEART CHALKBOARD	6	2011-06-16 11:38	2.95	14321	United Kingdom
539297	84978	HANGING HEART JAR T-LIGHT HOLDER	12	2010-12-16 17:20	1.25	17691	United Kingdom
567826	22027	TEA PARTY BIRTHDAY CARD	12	2011-09-22 13:05	0.42	12877	United Kingdom
546944	22701	PINK DOG BOWL	1	2011-03-18 11:13	2.95	14701	United Kingdom
579522	23238	SET OF 4 KNICK KNACK TINS LONDON	6	2011-11-30 08:04	4.15	14432	United Kingdom
545717	21700	BIG DOUGHNUT FRIDGE MAGNETS	1	2011-03-07 10:15	8.29	UNKNOWN	United Kingdom
559337	21078	SET/20 STRAWBERRY PAPER NAPKINS	1	2011-07-07 16:27	1.63	UNKNOWN	United Kingdom
566015	22470	HEART OF WICKER LARGE	2	2011-09-08 12:19	2.95	16426	United Kingdom
573510	22203	MILK PAN RED RETROSPOT	1	2011-10-31 12:21	3.75	14808	United Kingdom
536754	85185B	PINK HORSE SOCK PUPPET	1	2010-12-02 14:09	2.95	14449	United Kingdom
566203	23203	JUMBO BAG VINTAGE DOILY	1	2011-09-09 14:47	2.08	16362	United Kingdom
573585	22832	BROCANTE SHELF WITH HOOKS	1	2011-10-31 14:41	20.79	UNKNOWN	United Kingdom
575924	23567	EGG CUP HENRIETTA HEN PINK	12	2011-11-11 17:13	1.25	17069	United Kingdom
571280	22208	WOOD STAMP SET THANK YOU	6	2011-10-16 13:08	0.83	18122	United Kingdom
567428	84997C	CHILDRENS CUTLERY POLKADOT BLUE	4	2011-09-20 11:35	4.15	14911	EIRE
563032	21922	UNION STRIPE WITH FRINGE  HAMMOCK	4	2011-08-11 14:39	7.95	16076	United Kingdom
542419	22970	LONDON BUS COFFEE MUG	6	2011-01-27 17:41	2.55	14662	United Kingdom
555510	21246	RED RETROSPOT BIG BOWL	1	2011-06-03 17:09	4.13	UNKNOWN	United Kingdom
550829	82484	WOOD BLACK BOARD ANT WHITE FINISH	2	2011-04-21 10:19	7.95	17841	United Kingdom
576014	22561	WOODEN SCHOOL COLOURING SET	2	2011-11-13 14:29	1.65	17218	United Kingdom
574662	21213	PACK OF 72 SKULL CAKE CASES	24	2011-11-06 12:01	0.55	16676	United Kingdom
553185	22266	EASTER DECORATION HANGING BUNNY	14	2011-05-15 12:35	0.65	17504	United Kingdom
537154	22624	IVORY KITCHEN SCALES	4	2010-12-05 13:05	8.5	15808	United Kingdom
560974	84947	ANTIQUE SILVER TEA GLASS ENGRAVED	12	2011-07-22 11:55	1.25	14426	United Kingdom
554160	22419	LIPSTICK PEN RED	2	2011-05-23 11:49	0.42	17841	United Kingdom
574714	85049A	TRADITIONAL CHRISTMAS RIBBONS	1	2011-11-06 14:29	1.25	15427	United Kingdom
552828	21716	BOYS VINTAGE TIN SEASIDE BUCKET	8	2011-05-11 13:23	2.55	13662	United Kingdom
578547	23293	SET OF 12 FAIRY CAKE BAKING CASES	8	2011-11-24 15:02	0.83	12720	Germany
562104	22729	ALARM CLOCK BAKELIKE ORANGE	2	2011-08-02 14:31	8.29	UNKNOWN	United Kingdom
580632	23535	WALL ART BICYCLE SAFETY	2	2011-12-05 12:16	5.95	16360	United Kingdom
565247	23328	SET 6 SCHOOL MILK BOTTLES IN CRATE	4	2011-09-02 10:31	3.75	15864	United Kingdom
537462	20727	LUNCH BAG  BLACK SKULL.	4	2010-12-07 10:06	1.65	17228	United Kingdom
581098	20685	DOORMAT RED RETROSPOT	10	2011-12-07 11:42	7.08	14911	EIRE
581516	23355	HOT WATER BOTTLE KEEP CALM	8	2011-12-09 11:26	4.95	14422	United Kingdom
554514	21094	SET/6 RED SPOTTY PAPER PLATES	2	2011-05-24 15:58	0.83	UNKNOWN	United Kingdom
544795	22859	EASTER TIN BUNNY BOUQUET	2	2011-02-23 13:21	1.65	15858	United Kingdom
546008	22026	BANQUET BIRTHDAY  CARD	1	2011-03-08 15:43	0.83	UNKNOWN	United Kingdom
538865	85099C	JUMBO  BAG BAROQUE BLACK WHITE	10	2010-12-14 14:37	1.95	13238	United Kingdom
546364	22021	BLUE FELT EASTER EGG BASKET	3	2011-03-11 11:33	1.65	UNKNOWN	United Kingdom
573300	22099	CARAVAN SQUARE TISSUE BOX	1	2011-10-28 16:10	0.39	16049	United Kingdom
580759	23546	WRAP PAISLEY PARK	25	2011-12-06 10:30	0.42	17593	United Kingdom
580025	23490	T-LIGHT HOLDER HANGING LOVE BIRD	3	2011-12-01 11:53	3.75	15021	United Kingdom
541103	20728	LUNCH BAG CARS BLUE	10	2011-01-13 14:24	1.65	14215	United Kingdom
561879	23307	SET OF 60 PANTRY DESIGN CAKE CASES	24	2011-07-31 12:43	0.55	13722	United Kingdom
568220	21888	BINGO SET	4	2011-09-26 10:03	3.75	15626	United Kingdom
564719	21136	PAINTED METAL PEARS ASSORTED	4	2011-08-28 11:55	1.69	15325	United Kingdom
569246	85049A	TRADITIONAL CHRISTMAS RIBBONS	8	2011-10-03 09:57	2.46	14096	United Kingdom
580983	23367	SET 12 COLOUR PENCILS SPACEBOY	5	2011-12-06 16:26	1.25	UNKNOWN	United Kingdom
574025	16236	KITTY PENCIL ERASERS	84	2011-11-02 12:26	0.21	12748	United Kingdom
570210	21165	BEWARE OF THE CAT METAL SIGN	1	2011-10-09 10:48	1.69	13259	United Kingdom
551885	22996	TRAVEL CARD WALLET VINTAGE TICKET	24	2011-05-05 09:18	0.42	16700	United Kingdom
550470	21381	MINI WOODEN HAPPY BIRTHDAY GARLAND	2	2011-04-18 13:49	3.29	UNKNOWN	United Kingdom
539451	22622	BOX OF VINTAGE ALPHABET BLOCKS	2	2010-12-17 16:59	21.23	UNKNOWN	United Kingdom
578653	22720	SET OF 3 CAKE TINS PANTRY DESIGN	3	2011-11-24 16:40	4.95	18161	United Kingdom
569897	17012C	ORIGAMI LAVENDER INCENSE/CANDL SET	1	2011-10-06 16:01	0.85	17813	United Kingdom
573173	22750	FELTCRAFT PRINCESS LOLA DOLL	4	2011-10-28 10:10	3.75	12362	Belgium
569568	23204	CHARLOTTE BAG APPLES DESIGN	20	2011-10-05 09:57	0.85	12700	France
544928	35915C	PEACH KNITTED HEN	8	2011-02-24 18:07	0.83	UNKNOWN	United Kingdom
569898	23113	PANTRY CHOPPING BOARD	1	2011-10-06 16:08	10.79	UNKNOWN	United Kingdom
557937	23236	DOILEY STORAGE TIN	1	2011-06-23 15:30	5.79	UNKNOWN	United Kingdom
557759	23091	ZINC HERB GARDEN CONTAINER	3	2011-06-22 13:52	6.25	14156	EIRE
565461	22751	FELTCRAFT PRINCESS OLIVIA DOLL	4	2011-09-05 09:34	3.75	18261	United Kingdom
541423	21112	SWISS ROLL TOWEL, PINK  SPOTS	3	2011-01-17 17:54	2.46	UNKNOWN	United Kingdom
550167	22433	WATERING CAN GREEN DINOSAUR	12	2011-04-14 16:38	1.95	14206	United Kingdom
540154	84596L	BISCUITS SMALL BOWL LIGHT BLUE	1	2011-01-05 11:30	0.85	UNKNOWN	United Kingdom
559052	20752	BLUE POLKADOT WASHING UP GLOVES	2	2011-07-05 16:53	2.46	UNKNOWN	United Kingdom
580759	22215	CAKE STAND WHITE TWO TIER LACE	6	2011-12-06 10:30	2.95	17593	United Kingdom
564820	22975	SPACEBOY CHILDRENS EGG CUP	6	2011-08-30 12:16	2.46	UNKNOWN	United Kingdom
574328	22616	PACK OF 12 LONDON TISSUES	48	2011-11-04 09:05	0.39	13081	United Kingdom
548663	22697	GREEN REGENCY TEACUP AND SAUCER	1	2011-04-01 14:44	5.79	UNKNOWN	United Kingdom
551136	21080	SET/20 RED RETROSPOT PAPER NAPKINS	12	2011-04-26 13:05	0.85	15301	United Kingdom
574071	84832	ZINC WILLIE WINKIE  CANDLE STICK	12	2011-11-02 14:57	0.85	12654	Germany
557954	23316	RED REFECTORY CLOCK	1	2011-06-23 18:44	9.95	15023	United Kingdom
539488	22538	MINI JIGSAW GO TO THE FAIR	24	2010-12-20 09:37	0.42	12377	Switzerland
580612	22469	HEART OF WICKER SMALL	1	2011-12-05 11:58	4.13	UNKNOWN	United Kingdom
568792	22697	GREEN REGENCY TEACUP AND SAUCER	6	2011-09-29 09:53	2.95	18192	United Kingdom
565930	20819	SILVER TEDDY BEAR	4	2011-09-08 10:32	3.75	12685	France
551277	37447	CERAMIC CAKE DESIGN SPOTTED PLATE	4	2011-04-27 13:06	1.49	13637	United Kingdom
568828	21790	VINTAGE SNAP CARDS	12	2011-09-29 11:31	0.85	15175	United Kingdom
563195	22507	MEMO BOARD RETROSPOT  DESIGN	1	2011-08-12 16:36	10.79	UNKNOWN	United Kingdom
568780	23503	PLAYING CARDS KEEP CALM & CARRY ON	24	2011-09-29 08:27	1.25	18235	United Kingdom
580983	15056BL	EDWARDIAN PARASOL BLACK	1	2011-12-06 16:26	12.46	UNKNOWN	United Kingdom
579777	22279	POCKET BAG BLUE PAISLEY RED SPOT	1	2011-11-30 15:13	2.46	UNKNOWN	United Kingdom
545340	22457	NATURAL SLATE HEART CHALKBOARD	6	2011-03-02 08:41	2.95	15416	United Kingdom
571912	23535	WALL ART BICYCLE SAFETY	4	2011-10-19 15:26	5.95	17512	United Kingdom
580397	23110	PARISIENNE KEY CABINET	1	2011-12-04 11:24	5.75	13558	United Kingdom
546639	22228	BUNNY WOODEN PAINTED WITH BIRD	12	2011-03-15 12:54	0.85	13971	United Kingdom
568706	23111	PARISIENNE SEWING BOX	1	2011-09-28 15:32	12.5	14911	EIRE
577106	21788	KIDS RAIN MAC BLUE	1	2011-11-17 17:18	0.85	14456	United Kingdom
543276	22791	T-LIGHT GLASS FLUTED ANTIQUE	72	2011-02-06 13:57	1.06	16525	United Kingdom
543985	20668	DISCO BALL CHRISTMAS DECORATION	1	2011-02-15 09:44	0.42	UNKNOWN	United Kingdom
544202	22196	SMALL HEART MEASURING SPOONS	1	2011-02-17 10:29	1.63	UNKNOWN	United Kingdom
574076	22757	LARGE RED BABUSHKA NOTEBOOK	1	2011-11-02 15:38	2.46	UNKNOWN	United Kingdom
544089	84360	TABLE LAMP WHITE SHADE WOOD BASE	1	2011-02-15 17:51	13.29	UNKNOWN	United Kingdom
538524	22109	FULL ENGLISH BREAKFAST PLATE	6	2010-12-13 09:35	7.62	UNKNOWN	United Kingdom
569332	23202	JUMBO BAG VINTAGE LEAF	1	2011-10-03 13:46	2.08	12637	France
539766	22988	SOLDIERS EGG CUP	12	2010-12-22 11:11	1.25	14092	United Kingdom
557745	21864	UNION JACK FLAG PASSPORT COVER	3	2011-06-22 12:16	2.1	15750	United Kingdom
545215	22550	HOLIDAY FUN LUDO	1	2011-02-28 16:47	7.46	UNKNOWN	United Kingdom
563376	22551	PLASTERS IN TIN SPACEBOY	2	2011-08-16 10:36	1.65	15752	United Kingdom
541698	20725	LUNCH BAG RED RETROSPOT	2	2011-01-20 19:16	1.65	14713	United Kingdom
581219	15034	PAPER POCKET TRAVELING FAN	1	2011-12-08 09:28	0.83	UNKNOWN	United Kingdom
576855	21156	RETROSPOT CHILDRENS APRON	35	2011-11-16 15:51	1.95	17757	United Kingdom
547005	22247	BUNNY DECORATION MAGIC GARDEN	16	2011-03-18 14:20	0.85	12474	Germany
556495	21616	4 PEAR BOTANICAL DINNER CANDLES	1	2011-06-12 15:14	3.75	18069	United Kingdom
556636	21948	SET OF 6 CAKE CHOPSTICKS	1	2011-06-13 15:30	2.46	UNKNOWN	United Kingdom
570096	22685	FRENCH BLUE METAL DOOR SIGN 0	1	2011-10-07 11:58	1.25	15311	United Kingdom
537154	22746	POPPY'S PLAYHOUSE LIVINGROOM	1	2010-12-05 13:05	2.1	15808	United Kingdom
551546	22499	WOODEN UNION JACK BUNTING	3	2011-05-03 09:34	5.95	18062	United Kingdom
547663	21058	PARTY INVITES WOODLAND	3	2011-03-24 13:16	0.85	16022	United Kingdom
575849	22383	LUNCH BAG SUKI DESIGN	10	2011-11-11 12:11	1.65	14790	United Kingdom
563566	23547	WRAP FLOWER SHOP	25	2011-08-17 14:25	0.42	13655	United Kingdom
538370	22640	SET OF 4 NAPKIN CHARMS 3 KEYS	1	2010-12-12 11:06	2.55	16923	United Kingdom
578675	22186	RED STAR CARD HOLDER	6	2011-11-24 18:13	2.95	14756	United Kingdom
570601	23293	SET OF 12 FAIRY CAKE BAKING CASES	8	2011-10-11 12:08	0.83	17620	United Kingdom
574076	90200A	PURPLE SWEETHEART BRACELET	1	2011-11-02 15:38	4.15	UNKNOWN	United Kingdom
550899	22744	MAKE YOUR OWN MONSOON CARD KIT	6	2011-04-21 12:07	2.95	13505	Switzerland
569220	22555	PLASTERS IN TIN STRONGMAN	2	2011-10-02 13:26	1.65	16007	United Kingdom
555543	23109	LED TEA LIGHTS	6	2011-06-05 12:59	2.89	13089	United Kingdom
550503	22178	VICTORIAN GLASS HANGING T-LIGHT	12	2011-04-18 15:31	1.25	15508	United Kingdom
578370	21935	SUKI  SHOULDER BAG	3	2011-11-24 11:11	1.65	17346	United Kingdom
567043	21232	STRAWBERRY CERAMIC TRINKET BOX	4	2011-09-16 11:27	1.25	13268	United Kingdom
581118	21974	SET OF 36 PAISLEY FLOWER DOILIES	12	2011-12-07 12:26	1.45	15136	United Kingdom
537369	84795B	SUNSET CHECK HAMMOCK	4	2010-12-06 12:41	7.95	17860	United Kingdom
564173	21377	SMALL CAMPHOR WOOD FIELD  MUSHROOM	6	2011-08-23 14:23	1.65	12567	France
565411	22349	DOG BOWL CHASING BALL DESIGN	1	2011-09-04 11:22	3.75	13772	United Kingdom
547547	20979	36 PENCILS TUBE RED RETROSPOT	1	2011-03-23 15:30	2.46	UNKNOWN	United Kingdom
541479	47599B	BLUE PARTY BAGS	144	2011-01-18 11:54	1.69	16422	United Kingdom
546882	22800	ANTIQUE TALL SWIRLGLASS TRINKET POT	4	2011-03-17 17:26	3.75	14422	United Kingdom
555533	21172	PARTY METAL SIGN	1	2011-06-05 12:12	1.45	15722	United Kingdom
564817	82567	AIRLINE LOUNGE,METAL SIGN	3	2011-08-30 12:02	1.63	UNKNOWN	United Kingdom
541516	21670	BLUE SPOT CERAMIC DRAWER KNOB	2	2011-01-18 17:34	2.46	UNKNOWN	United Kingdom
540817	22789	T-LIGHT HOLDER SWEETHEART HANGING	8	2011-01-11 12:56	1.95	14209	United Kingdom
557143	22766	PHOTO FRAME CORNICE	8	2011-06-17 10:12	2.95	13090	United Kingdom
580115	22438	BALLOON ART MAKE YOUR OWN FLOWERS	1	2011-12-01 16:22	4.13	UNKNOWN	United Kingdom
556434	22781	GUMBALL MAGAZINE RACK	2	2011-06-10 14:06	7.65	14895	United Kingdom
553187	23208	LUNCH BAG VINTAGE LEAF DESIGN	5	2011-05-15 12:53	1.65	16809	United Kingdom
539112	82484	WOOD BLACK BOARD ANT WHITE FINISH	3	2010-12-16 11:15	6.45	13468	United Kingdom
580513	22434	BALLOON PUMP WITH 10 BALLOONS	1	2011-12-04 13:59	1.95	14456	United Kingdom
572897	85123a	WHITE HANGING HEART T-LIGHT HOLDER	3	2011-10-26 14:42	6.63	UNKNOWN	United Kingdom
577321	21811	HANGING HEART WITH BELL	140	2011-11-18 13:44	0.39	15311	United Kingdom
536763	85123A	WHITE HANGING HEART T-LIGHT HOLDER	12	2010-12-02 14:42	2.95	17685	United Kingdom
538356	22903	CALENDAR FAMILY FAVOURITES	40	2010-12-10 15:56	2.95	14062	United Kingdom
556459	21385	IVORY HANGING DECORATION  HEART	1	2011-06-10 17:25	1.63	UNKNOWN	United Kingdom
563745	22094	RED RETROSPOT TISSUE BOX	36	2011-08-19 09:38	0.39	15159	United Kingdom
539451	84997C	BLUE 3 PIECE POLKADOT CUTLERY SET	1	2010-12-17 16:59	7.62	UNKNOWN	United Kingdom
579174	23236	STORAGE TIN VINTAGE DOILY	6	2011-11-28 14:39	2.89	13266	United Kingdom
577512	23163	REGENCY SUGAR TONGS	8	2011-11-20 12:55	2.49	12523	France
570888	20970	PINK FLORAL FELTCRAFT SHOULDER BAG	4	2011-10-13 10:26	3.75	17509	United Kingdom
575875	22558	CLOTHES PEGS RETROSPOT PACK 24	1	2011-11-11 13:06	3.29	UNKNOWN	United Kingdom
548516	22740	POLKADOT PEN	2	2011-03-31 16:28	1.63	UNKNOWN	United Kingdom
573397	22578	WOODEN STAR CHRISTMAS SCANDINAVIAN	12	2011-10-30 15:19	0.29	15547	United Kingdom
563821	22326	ROUND SNACK BOXES SET OF4 WOODLAND	6	2011-08-19 12:06	2.95	14533	United Kingdom
580367	17012F	ORIGAMI SANDLEWOOD INCENSE/CAND SET	2	2011-12-02 16:39	2.46	UNKNOWN	United Kingdom
555194	21243	PINK  POLKADOT PLATE	96	2011-06-01 11:13	1.45	16422	United Kingdom
575583	84836	ZINC METAL HEART DECORATION	3	2011-11-10 11:55	1.25	14456	United Kingdom
574550	21844	RED RETROSPOT MUG	6	2011-11-04 15:18	2.95	12484	Spain
547511	22831	WHITE BROCANTE SOAP DISH	6	2011-03-23 13:44	2.95	17411	United Kingdom
577062	22093	MOTORING TISSUE BOX	36	2011-11-17 14:40	0.39	18221	United Kingdom
567912	22233	JIGSAW RABBIT AND BIRDHOUSE	6	2011-09-22 17:07	0.59	15555	United Kingdom
559898	84818	DANISH ROSE PHOTO FRAME	2	2011-07-13 12:18	0.79	16225	United Kingdom
577403	22338	STAR DECORATION PAINTED ZINC	96	2011-11-20 10:15	0.19	13988	United Kingdom
572847	84997C	CHILDRENS CUTLERY POLKADOT BLUE	1	2011-10-26 12:15	4.15	14606	United Kingdom
573311	23506	MINI PLAYING CARDS SPACEBOY	2	2011-10-28 16:45	0.42	14071	United Kingdom
572921	46000S	POLYESTER FILLER PAD 40X40CM	1	2011-10-26 16:57	1.45	15993	United Kingdom
537257	20897	VINTAGE NOTEBOOK PARIS DAYS	6	2010-12-06 11:10	2.95	17691	United Kingdom
556459	17129F	BLUE GLASS GEMS IN BAG	10	2011-06-10 17:25	1.63	UNKNOWN	United Kingdom
536544	22960	JAM MAKING SET WITH JARS	7	2010-12-01 14:32	8.47	UNKNOWN	United Kingdom
558092	21084	SET/6 COLLAGE PAPER CUPS	2	2011-06-26 12:54	0.19	14808	United Kingdom
552169	21380	WOODEN HAPPY BIRTHDAY GARLAND	12	2011-05-06 12:44	2.95	17800	United Kingdom
573359	22398	MAGNETS PACK OF 4 SWALLOWS	3	2011-10-30 12:48	0.39	14178	United Kingdom
577141	23535	WALL ART BICYCLE SAFETY	4	2011-11-18 09:11	5.95	13269	United Kingdom
575875	21544	SKULLS  WATER TRANSFER TATTOOS	2	2011-11-11 13:06	1.63	UNKNOWN	United Kingdom
574287	90200B	BLACK SWEETHEART BRACELET	1	2011-11-03 15:09	4.25	14723	United Kingdom
571682	21523	DOORMAT FANCY FONT HOME SWEET HOME	1	2011-10-18 14:00	8.25	14179	United Kingdom
573748	23583	LUNCH BAG PAISLEY PARK	10	2011-11-01 09:24	1.65	14911	EIRE
563037	23289	DOLLY GIRL CHILDRENS BOWL	16	2011-08-11 15:02	1.25	12362	Belgium
558837	20712	JUMBO BAG WOODLAND ANIMALS	5	2011-07-04 11:58	4.13	UNKNOWN	United Kingdom
542226	72800D	4 BLUE DINNER CANDLES SILVER FLOCK	2	2011-01-26 13:20	2.55	17075	United Kingdom
580647	22551	PLASTERS IN TIN SPACEBOY	2	2011-12-05 13:14	1.65	14083	United Kingdom
562146	23243	SET OF TEA COFFEE SUGAR TINS PANTRY	8	2011-08-03 10:45	4.95	17675	United Kingdom
559528	17003	BROCADE RING PURSE	72	2011-07-10 11:34	0.29	13064	United Kingdom
540642	22631	CIRCUS PARADE LUNCH BOX	12	2011-01-10 13:22	1.95	12681	France
560926	21724	PANDA AND BUNNIES STICKER SHEET	2	2011-07-22 09:20	0.79	UNKNOWN	United Kingdom
576840	90013C	GREEN VINTAGE EARRINGS	2	2011-11-16 15:23	4.15	UNKNOWN	United Kingdom
560996	22804	CANDLEHOLDER PINK HANGING HEART	3	2011-07-22 13:53	2.95	17625	United Kingdom
558540	22725	ALARM CLOCK BAKELIKE CHOCOLATE	12	2011-06-30 12:15	3.75	17706	United Kingdom
541696	22245	HOOK, 1 HANGER ,MAGIC GARDEN	1	2011-01-20 18:08	1.63	UNKNOWN	United Kingdom
577482	22382	LUNCH BAG SPACEBOY DESIGN	5	2011-11-20 11:43	1.65	16762	United Kingdom
579472	21314	SMALL GLASS HEART TRINKET POT	1	2011-11-29 15:09	2.1	13521	United Kingdom
572718	22578	WOODEN STAR CHRISTMAS SCANDINAVIAN	24	2011-10-25 14:56	0.29	15656	United Kingdom
546731	15036	ASSORTED COLOURS SILK FAN	24	2011-03-16 11:39	0.75	13089	United Kingdom
539648	22659	LUNCH BOX I LOVE LONDON	1	2010-12-20 16:08	1.95	UNKNOWN	United Kingdom
572755	22937	BAKING MOULD CHOCOLATE CUPCAKES	1	2011-10-25 17:31	2.55	13601	United Kingdom
555275	22746	POPPY'S PLAYHOUSE LIVINGROOM	1	2011-06-01 17:18	4.13	UNKNOWN	United Kingdom
569372	23243	SET OF TEA COFFEE SUGAR TINS PANTRY	1	2011-10-03 16:04	10.79	UNKNOWN	United Kingdom
547248	22400	MAGNETS PACK OF 4 HOME SWEET HOME	1	2011-03-22 09:23	2.46	UNKNOWN	United Kingdom
573362	21879	HEARTS GIFT TAPE	12	2011-10-30 13:06	0.65	12597	Spain
568715	22984	CARD GINGHAM ROSE	12	2011-09-28 16:07	0.42	17783	United Kingdom
549944	21499	BLUE POLKADOT WRAP	25	2011-04-13 12:23	0.42	14262	United Kingdom
581217	22329	ROUND CONTAINER SET OF 5 RETROSPOT	1	2011-12-08 09:20	3.29	UNKNOWN	United Kingdom
554096	22620	4 TRADITIONAL SPINNING TOPS	12	2011-05-22 12:51	1.45	14921	United Kingdom
553538	84987	SET OF 36 TEATIME PAPER DOILIES	1	2011-05-17 15:26	1.45	15855	United Kingdom
551739	84789	ENCHANTED BIRD PLANT CAGE	2	2011-05-04 10:58	3.75	18118	United Kingdom
563429	23191	BUNDLE OF 3 RETRO NOTE BOOKS	12	2011-08-16 11:48	1.65	13999	United Kingdom
542994	22971	QUEENS GUARD COFFEE MUG	6	2011-02-02 12:03	2.55	17230	United Kingdom
556120	21495	SKULLS AND CROSSBONES WRAP	25	2011-06-09 10:06	0.42	16722	United Kingdom
566771	85169A	IVORY LOVE BIRD CANDLE	12	2011-09-15 09:34	1.25	15322	United Kingdom
559055	23060	HEART BEADED TRELLIS DECORATION	2	2011-07-05 17:09	4.13	UNKNOWN	United Kingdom
542344	22547	MINI JIGSAW DINOSAUR	1	2011-01-27 11:30	0.83	UNKNOWN	United Kingdom
569213	23472	NINE DRAWER OFFICE TIDY	1	2011-10-02 12:11	14.95	13782	United Kingdom
570836	23173	REGENCY TEAPOT ROSES	2	2011-10-12 13:55	9.95	17410	United Kingdom
563205	22666	RECIPE BOX PANTRY YELLOW DESIGN	3	2011-08-14 12:03	2.95	14040	United Kingdom
540522	22614	PACK OF 12 SPACEBOY TISSUES	24	2011-01-09 12:50	0.29	13102	United Kingdom
566952	20700	GREEN CAT FLORAL CUSHION COVER	1	2011-09-15 16:37	4.13	UNKNOWN	United Kingdom
579512	23377	PACK OF 12 DOLLY GIRL TISSUES	3	2011-11-29 16:47	0.83	UNKNOWN	United Kingdom
575739	22539	MINI JIGSAW DOLLY GIRL	1	2011-11-11 09:05	0.83	UNKNOWN	United Kingdom
562934	21908	CHOCOLATE THIS WAY METAL SIGN	1	2011-08-10 16:56	4.13	UNKNOWN	United Kingdom
559816	21935	SUKI  SHOULDER BAG	14	2011-07-12 16:11	1.63	UNKNOWN	United Kingdom
549099	22413	METAL SIGN TAKE IT OR LEAVE IT	1	2011-04-06 11:07	2.95	16241	United Kingdom
563903	21975	PACK OF 60 DINOSAUR CAKE CASES	4	2011-08-21 11:15	0.55	17068	United Kingdom
536446	85172	HYACINTH BULB T-LIGHT CANDLES	16	2010-12-01 12:15	0.42	15983	United Kingdom
571099	16161U	WRAP SUKI AND FRIENDS	50	2011-10-13 15:43	0.42	13911	United Kingdom
567661	22905	CALENDAR IN SEASON DESIGN	2	2011-09-21 15:06	2.95	13959	United Kingdom
575726	20725	LUNCH BAG RED RETROSPOT	1	2011-11-10 19:12	1.65	16791	United Kingdom
548909	37446	MINI CAKE STAND WITH HANGING CAKES	16	2011-04-05 08:43	1.45	12779	Poland
546884	18094C	WHITE AND BLUE CERAMIC OIL BURNER	1	2011-03-17 18:08	2.46	UNKNOWN	United Kingdom
568331	22768	FAMILY PHOTO FRAME CORNICE	2	2011-09-26 14:25	9.95	16600	United Kingdom
549738	22659	LUNCH BOX I LOVE LONDON	12	2011-04-12 09:28	1.95	UNKNOWN	Hong Kong
548711	22906	12 MESSAGE CARDS WITH ENVELOPES	2	2011-04-03 14:24	1.65	18116	United Kingdom
563205	22492	MINI PAINT SET VINTAGE	36	2011-08-14 12:03	0.65	14040	United Kingdom
562537	23122	PARTY CHARMS 50 PIECES	12	2011-08-05 15:02	0.83	12517	Germany
567793	23174	REGENCY SUGAR BOWL GREEN	4	2011-09-22 11:40	4.15	12657	France
537359	21733	RED HANGING HEART T-LIGHT HOLDER	6	2010-12-06 12:30	2.95	14825	United Kingdom
543391	22469	HEART OF WICKER SMALL	12	2011-02-08 10:12	1.65	14475	United Kingdom
562574	22896	PEG BAG APPLES DESIGN	2	2011-08-07 12:42	2.55	14903	United Kingdom
570404	20668	DISCO BALL CHRISTMAS DECORATION	12	2011-10-10 12:50	0.12	16395	United Kingdom
560090	21454	PAINTED PINK RABBIT	1	2011-07-14 16:46	0.83	UNKNOWN	United Kingdom
539185	22748	POPPY'S PLAYHOUSE KITCHEN	1	2010-12-16 11:53	2.1	16470	United Kingdom
577490	22493	PAINT YOUR OWN CANVAS SET	1	2011-11-20 12:11	1.65	16464	United Kingdom
550925	22191	IVORY DINER WALL CLOCK	1	2011-04-21 14:37	8.5	17061	United Kingdom
578666	22425	ENAMEL COLANDER CREAM	3	2011-11-24 17:06	4.95	17727	United Kingdom
558475	72351A	SET/6 TURQUOISE BUTTERFLY T-LIGHTS	1	2011-06-29 15:58	4.13	UNKNOWN	United Kingdom
541497	22162	HEART GARLAND RUSTIC PADDED	1	2011-01-18 15:19	3.29	UNKNOWN	United Kingdom
574074	22167	OVAL WALL MIRROR DIAMANTE	1	2011-11-02 15:33	8.29	UNKNOWN	United Kingdom
562789	22663	JUMBO BAG DOLLY GIRL DESIGN	10	2011-08-09 13:50	2.08	14646	Netherlands
577531	21494	ROTATING LEAVES T-LIGHT HOLDER	1	2011-11-20 13:58	5.79	UNKNOWN	United Kingdom
550542	85183A	CHARLIE & LOLA WASTEPAPER BIN BLUE	1	2011-04-19 11:37	7.46	UNKNOWN	United Kingdom
552285	22562	MONSTERS STENCIL CRAFT	2	2011-05-08 12:58	1.25	14684	United Kingdom
541265	22195	LARGE HEART MEASURING SPOONS	1	2011-01-16 16:23	1.65	17609	United Kingdom
575582	85099B	JUMBO BAG RED RETROSPOT	1000	2011-11-10 11:55	1.79	16986	United Kingdom
566233	84929	ASSTD FRUIT+FLOWERS FRIDGE MAGNETS	24	2011-09-11 11:04	0.19	12635	Germany
568719	23437	50'S CHRISTMAS GIFT BAG LARGE	2	2011-09-28 16:19	2.46	UNKNOWN	United Kingdom
575216	23583	LUNCH BAG PAISLEY PARK	20	2011-11-09 11:04	1.65	13384	United Kingdom
567154	47566B	TEA TIME PARTY BUNTING	2	2011-09-16 16:29	4.95	15523	United Kingdom
547826	21378	SMALL TALL CAMPHOR WOOD TOADSTOOL	6	2011-03-25 15:08	1.65	18078	United Kingdom
567517	82482	WOODEN PICTURE FRAME WHITE FINISH	6	2011-09-20 15:49	2.95	14211	United Kingdom
539595	22469	HEART OF WICKER SMALL	1	2010-12-20 13:43	3.36	UNKNOWN	United Kingdom
558066	22385	JUMBO BAG SPACEBOY DESIGN	1	2011-06-24 15:45	4.13	UNKNOWN	United Kingdom
571268	84997B	CHILDRENS CUTLERY RETROSPOT RED	6	2011-10-16 12:06	4.15	15351	United Kingdom
557324	85131D	BEADED CRYSTAL HEART PINK ON STICK	1	2011-06-20 09:41	0.83	UNKNOWN	United Kingdom
567853	22991	GIRAFFE WOODEN RULER	12	2011-09-22 13:31	1.95	15484	United Kingdom
546683	22666	RECIPE BOX PANTRY YELLOW DESIGN	6	2011-03-16 09:38	2.95	12868	United Kingdom
561867	20725	LUNCH BAG RED RETROSPOT	2	2011-07-31 10:59	1.65	16931	United Kingdom
578827	23289	DOLLY GIRL CHILDRENS BOWL	1	2011-11-25 14:25	2.46	UNKNOWN	United Kingdom
555508	22983	CARD BILLBOARD FONT	12	2011-06-03 16:45	0.42	16880	United Kingdom
541695	21881	CUTE CATS TAPE	3	2011-01-20 18:01	0.42	UNKNOWN	United Kingdom
577016	15056BL	EDWARDIAN PARASOL BLACK	2	2011-11-17 12:21	5.95	17095	United Kingdom
569120	23506	MINI PLAYING CARDS SPACEBOY	20	2011-09-30 12:58	0.42	12583	France
581492	23009	I LOVE LONDON BABY GIFT SET	2	2011-12-09 10:03	10.79	UNKNOWN	United Kingdom
567958	22813	PACK 3 BOXES BIRD PANNETONE	96	2011-09-23 09:00	1.65	12619	Germany
564817	22848	BREAD BIN DINER STYLE PINK	1	2011-08-30 12:02	33.29	UNKNOWN	United Kingdom
562276	84796B	BLUE SAVANNAH PICNIC HAMPER FOR 2	1	2011-08-04 10:23	12.75	17735	United Kingdom
539738	22197	SMALL POPCORN HOLDER	24	2010-12-21 15:19	1.66	UNKNOWN	United Kingdom
552886	22150	3 STRIPEY MICE FELTCRAFT	6	2011-05-12 10:18	1.95	16244	United Kingdom
567821	20969	RED FLORAL FELTCRAFT SHOULDER BAG	3	2011-09-22 12:45	3.75	14659	United Kingdom
555322	22501	PICNIC BASKET WICKER LARGE	1	2011-06-02 11:01	20.79	UNKNOWN	United Kingdom
546910	22384	LUNCH BAG PINK POLKADOT	4	2011-03-17 19:46	1.65	13969	United Kingdom
536865	20725	LUNCH BAG RED RETROSPOT	5	2010-12-03 11:28	5.06	UNKNOWN	United Kingdom
545503	22563	HAPPY STENCIL CRAFT	1	2011-03-03 11:34	1.25	15719	United Kingdom
550341	22610	PENS ASSORTED FUNNY FACE	36	2011-04-17 15:53	0.85	13018	United Kingdom
545853	22188	BLACK HEART CARD HOLDER	1	2011-03-07 13:50	3.95	16517	United Kingdom
541280	21232	STRAWBERRY CERAMIC TRINKET BOX	72	2011-01-17 11:57	1.06	15296	United Kingdom
566271	22569	FELTCRAFT CUSHION BUTTERFLY	4	2011-09-11 13:44	3.75	14250	United Kingdom
549771	85194L	HANGING SPRING FLOWER EGG LARGE	6	2011-04-12 11:43	0.85	14669	United Kingdom
575742	85174	S/4 CACTI CANDLES	4	2011-11-11 09:46	4.95	14309	United Kingdom
560601	23322	LARGE WHITE HEART OF WICKER	1	2011-07-19 17:17	2.95	16764	United Kingdom
573601	21930	JUMBO STORAGE BAG SKULLS	4	2011-10-31 15:24	4.13	UNKNOWN	United Kingdom
580610	21948	SET OF 6 CAKE CHOPSTICKS	1	2011-12-05 11:48	2.46	UNKNOWN	United Kingdom
546791	21245	GREEN POLKADOT PLATE	8	2011-03-17 10:38	1.69	17716	United Kingdom
564743	21643	ASSORTED TUTTI FRUTTI MIRROR	3	2011-08-28 15:17	1.25	14606	United Kingdom
537419	21143	ANTIQUE GLASS HEART DECORATION	12	2010-12-06 15:14	1.95	13495	United Kingdom
559052	82095	HEART BUTTONS JEWELLERY BOX	25	2011-07-05 16:53	4.96	UNKNOWN	United Kingdom
560104	23322	LARGE WHITE HEART OF WICKER	1	2011-07-14 18:56	2.95	17921	United Kingdom
541421	21429	RED GINGHAM ROSE JEWELLERY BOX	2	2011-01-17 17:44	1.65	UNKNOWN	United Kingdom
559163	21633	SUNFLOWER DECORATIVE PARASOL	4	2011-07-06 16:33	8.29	UNKNOWN	United Kingdom
559346	84970L	SINGLE HEART ZINC T-LIGHT HOLDER	12	2011-07-07 17:19	0.95	13486	United Kingdom
564191	23148	MINIATURE ANTIQUE ROSE HOOK IVORY	1	2011-08-23 16:16	0.83	17315	United Kingdom
566949	22107	PIZZA PLATE IN BOX	1	2011-09-15 16:32	3.29	UNKNOWN	United Kingdom
576339	22550	HOLIDAY FUN LUDO	2	2011-11-14 15:27	7.46	14096	United Kingdom
556536	22621	TRADITIONAL KNITTING NANCY	8	2011-06-13 12:36	1.65	17795	United Kingdom
552000	22425	ENAMEL COLANDER CREAM	1	2011-05-05 15:56	9.96	UNKNOWN	United Kingdom
578013	22204	MILK PAN BLUE POLKADOT	1	2011-11-22 12:55	3.75	17360	United Kingdom
540268	20711	JUMBO BAG TOYS	10	2011-01-06 11:25	1.95	13458	United Kingdom
570289	21621	VINTAGE UNION JACK BUNTING	2	2011-10-10 11:50	8.5	17377	United Kingdom
564372	22326	ROUND SNACK BOXES SET OF4 WOODLAND	6	2011-08-25 09:55	2.95	12714	France
552010	84997D	CHILDRENS CUTLERY POLKADOT PINK	2	2011-05-05 17:26	4.15	14713	United Kingdom
541816	40046A	RED DAISY PAPER LAMPSHADE	3	2011-01-21 15:56	1.25	17799	United Kingdom
546850	21071	VINTAGE BILLBOARD DRINK ME MUG	6	2011-03-17 13:20	1.25	13268	United Kingdom
581498	22144	CHRISTMAS CRAFT LITTLE FRIENDS	8	2011-12-09 10:26	4.13	UNKNOWN	United Kingdom
566195	20914	SET/5 RED RETROSPOT LID GLASS BOWLS	18	2011-09-09 13:44	2.95	12433	Norway
550137	22278	OVERNIGHT BAG VINTAGE ROSE PAISLEY	3	2011-04-14 13:59	4.95	12477	Germany
544115	22209	WOOD STAMP SET HAPPY BIRTHDAY	12	2011-02-16 11:45	1.65	12727	France
543013	22384	LUNCH BAG PINK POLKADOT	1	2011-02-02 13:35	4.13	UNKNOWN	United Kingdom
558367	22993	SET OF 4 PANTRY JELLY MOULDS	4	2011-06-28 15:31	1.25	16550	United Kingdom
557786	21792	CLASSIC FRENCH STYLE BASKET GREEN	2	2011-06-22 16:01	3.95	15550	United Kingdom
543990	22768	FAMILY PHOTO FRAME CORNICE	2	2011-02-15 09:59	9.95	15122	United Kingdom
562955	22843	BISCUIT TIN VINTAGE GREEN	2	2011-08-11 10:14	13.29	UNKNOWN	United Kingdom
550630	85015	SET OF 12  VINTAGE POSTCARD SET	24	2011-04-19 14:49	0.65	14298	United Kingdom
546670	84279P	CHERRY BLOSSOM  DECORATIVE FLASK	1	2011-03-15 15:37	3.75	13451	United Kingdom
560694	85099B	JUMBO BAG RED RETROSPOT	20	2011-07-20 12:05	2.08	12757	Portugal
545978	22729	ALARM CLOCK BAKELIKE ORANGE	1	2011-03-08 12:19	3.75	13975	United Kingdom
564943	23007	SPACEBOY BABY GIFT SET	1	2011-08-31 13:23	16.95	17706	United Kingdom
552671	82580	BATHROOM METAL SIGN	1	2011-05-10 15:06	1.25	UNKNOWN	United Kingdom
536863	22147	FELTCRAFT BUTTERFLY HEARTS	1	2010-12-03 11:19	1.45	17967	United Kingdom
580527	84951B	SET OF 4 BLACK LOVEBIRD COASTERS	2	2011-12-04 15:19	0.79	13736	United Kingdom
537240	84923	PINK BUTTERFLY HANDBAG W BOBBLES	4	2010-12-06 10:08	4.21	UNKNOWN	United Kingdom
546542	21484	CHICK GREY HOT WATER BOTTLE	1	2011-03-14 15:13	3.45	13263	United Kingdom
563916	21464	DISCO BALL ROTATOR BATTERY OPERATED	1	2011-08-21 13:43	4.25	13435	United Kingdom
548612	84997A	CHILDRENS CUTLERY POLKADOT GREEN	2	2011-04-01 11:34	4.15	13137	United Kingdom
545154	21731	RED TOADSTOOL LED NIGHT LIGHT	12	2011-02-28 13:09	1.65	12921	United Kingdom
552878	23199	JUMBO BAG APPLES	20	2011-05-12 09:54	2.08	12625	Germany
556415	22139	RETROSPOT TEA SET CERAMIC 11 PC	24	2011-06-10 12:19	4.25	12409	Switzerland
547042	22666	RECIPE BOX PANTRY YELLOW DESIGN	1	2011-03-20 11:00	5.79	UNKNOWN	United Kingdom
559337	22615	PACK OF 12 CIRCUS PARADE TISSUES	1	2011-07-07 16:27	0.83	UNKNOWN	United Kingdom
550499	22264	FELT FARM ANIMAL WHITE BUNNY	4	2011-04-18 15:16	1.63	UNKNOWN	United Kingdom
536862	84872a	TEATIME FUNKY FLOWER BACKPACK FOR 2	2	2010-12-03 11:13	11.02	UNKNOWN	United Kingdom
545084	22662	LUNCH BAG DOLLY GIRL DESIGN	10	2011-02-28 10:55	1.65	12458	Switzerland
580753	21242	RED RETROSPOT PLATE	8	2011-12-06 10:00	1.69	12682	France
581192	21616	4 PEAR BOTANICAL DINNER CANDLES	2	2011-12-07 17:05	3.75	15883	United Kingdom
572086	22731	3D CHRISTMAS STAMPS STICKERS	18	2011-10-20 14:30	1.25	13897	United Kingdom
546875	37370	RETRO COFFEE MUGS ASSORTED	12	2011-03-17 16:38	1.25	12514	Italy
569133	22403	MAGNETS PACK OF 4 VINTAGE LABELS	12	2011-09-30 14:06	0.39	15185	United Kingdom
557616	22470	HEART OF WICKER LARGE	6	2011-06-21 13:25	2.95	12930	United Kingdom
571158	22994	TRAVEL CARD WALLET RETROSPOT	2	2011-10-14 10:25	0.42	14606	United Kingdom
539836	21329	DINOSAURS  WRITING SET	1	2010-12-22 13:46	1.65	17894	United Kingdom
558115	23032	DRAWER KNOB CRACKLE GLAZE IVORY	12	2011-06-27 08:50	1.65	16003	United Kingdom
577324	23368	SET 12 COLOUR PENCILS DOLLY GIRL	16	2011-11-18 14:01	0.65	16463	United Kingdom
555604	20728	LUNCH BAG CARS BLUE	10	2011-06-06 11:37	1.65	16612	United Kingdom
562264	22608	PENS ASSORTED FUNKY JEWELED	10	2011-08-03 16:14	0.42	UNKNOWN	United Kingdom
554280	20972	PINK CREAM FELT CRAFT TRINKET BOX	12	2011-05-23 13:35	1.25	14817	United Kingdom
564972	22386	JUMBO BAG PINK POLKADOT	10	2011-08-31 15:30	2.08	12621	Germany
580279	20973	12 PENCIL SMALL TUBE WOODLAND	24	2011-12-02 13:12	0.65	15123	United Kingdom
547359	22189	CREAM HEART CARD HOLDER	2	2011-03-22 12:27	3.95	15719	United Kingdom
547786	21210	SET OF 72 RETROSPOT PAPER  DOILIES	3	2011-03-25 11:44	1.45	14587	United Kingdom
581334	22941	CHRISTMAS LIGHTS 10 REINDEER	2	2011-12-08 12:07	8.5	17841	United Kingdom
543358	84970L	SINGLE HEART ZINC T-LIGHT HOLDER	1	2011-02-07 14:04	2.08	UNKNOWN	United Kingdom
573909	22624	IVORY KITCHEN SCALES	1	2011-11-01 15:26	8.5	17813	United Kingdom
537205	22131	FOOD CONTAINER SET 3 LOVE HEART	6	2010-12-05 14:52	1.95	13034	United Kingdom
552769	22662	LUNCH BAG DOLLY GIRL DESIGN	1	2011-05-11 11:47	1.65	16241	United Kingdom
567612	23145	ZINC T-LIGHT HOLDER STAR LARGE	12	2011-09-21 11:48	0.95	17164	United Kingdom
566757	22795	SWEETHEART RECIPE BOOK STAND	1	2011-09-14 15:54	13.29	UNKNOWN	United Kingdom
576063	23171	REGENCY TEA PLATE GREEN	12	2011-11-13 15:37	1.65	15502	United Kingdom
580544	22083	PAPER CHAIN KIT RETROSPOT	6	2011-12-05 09:15	2.95	15156	United Kingdom
546896	21985	PACK OF 12 HEARTS DESIGN TISSUES	1	2011-03-17 18:24	0.83	UNKNOWN	United Kingdom
564020	23286	BLUE VINTAGE SPOT BEAKER	8	2011-08-22 11:57	0.85	13971	United Kingdom
541206	22355	CHARLOTTE BAG SUKI DESIGN	100	2011-01-14 12:24	0.72	14646	Netherlands
540172	22855	FINE WICKER HEART	7	2011-01-05 12:29	1.25	18109	United Kingdom
575875	22600	CHRISTMAS RETROSPOT STAR WOOD	1	2011-11-11 13:06	1.63	UNKNOWN	United Kingdom
562204	23323	WHITE WICKER STAR	1	2011-08-03 12:54	2.1	16324	United Kingdom
541497	85168B	BLACK BAROQUE CARRIAGE CLOCK	1	2011-01-18 15:19	8.29	UNKNOWN	United Kingdom
556578	21746	SMALL RED RETROSPOT WINDMILL	12	2011-06-13 14:13	1.25	12472	Germany
566518	22138	BAKING SET 9 PIECE RETROSPOT	1	2011-09-13 11:24	4.95	17779	United Kingdom
573748	22037	ROBOT BIRTHDAY CARD	12	2011-11-01 09:24	0.42	14911	EIRE
538501	82483	WOOD 2 DRAWER CABINET WHITE FINISH	2	2010-12-12 12:51	5.95	13715	United Kingdom
556960	23052	RECYCLED ACAPULCO MAT TURQUOISE	2	2011-06-16 09:28	8.25	14844	United Kingdom
572553	23199	JUMBO BAG APPLES	4	2011-10-24 17:09	4.13	UNKNOWN	United Kingdom
567853	21770	OPEN CLOSED METAL SIGN	1	2011-09-22 13:31	4.95	15484	United Kingdom
561192	23168	CLASSIC CAFE SUGAR DISPENSER	1	2011-07-25 13:45	1.25	16033	United Kingdom
573066	23188	VINTAGE  2 METRE FOLDING RULER	3	2011-10-27 13:53	1.65	16026	United Kingdom
537666	22725	ALARM CLOCK BAKELIKE CHOCOLATE	1	2010-12-07 18:36	7.62	UNKNOWN	United Kingdom
577595	85071B	RED CHARLIE+LOLA PERSONAL DOORSIGN	2	2011-11-20 16:12	0.39	16399	United Kingdom
558452	22759	SET OF 3 NOTEBOOKS IN PARCEL	12	2011-06-29 13:51	1.65	15208	United Kingdom
561820	21866	UNION JACK FLAG LUGGAGE TAG	2	2011-07-29 16:00	2.46	UNKNOWN	United Kingdom
555150	22469	HEART OF WICKER SMALL	1	2011-05-31 15:53	3.29	UNKNOWN	United Kingdom
549734	85123A	WHITE HANGING HEART T-LIGHT HOLDER	3	2011-04-11 17:12	2.95	16409	United Kingdom
571192	82494L	WOODEN FRAME ANTIQUE WHITE	6	2011-10-14 11:55	2.95	13050	United Kingdom
537237	22629	SPACEBOY LUNCH BOX	1	2010-12-06 09:58	4.21	UNKNOWN	United Kingdom
536573	22178	VICTORIAN GLASS HANGING T-LIGHT	36	2010-12-01 15:45	1.25	17025	United Kingdom
572680	84663A	GRASS HOPPER WOODEN WALL CLOCK	4	2011-10-25 13:48	0.79	UNKNOWN	Portugal
546116	22893	MINI CAKE STAND T-LIGHT HOLDER	24	2011-03-09 13:53	0.42	15367	United Kingdom
578746	23356	LOVE HOT WATER BOTTLE	1	2011-11-25 11:36	12.46	UNKNOWN	United Kingdom
546899	21928	JUMBO BAG SCANDINAVIAN BLUE PAISLEY	30	2011-03-17 18:27	1.65	14298	United Kingdom
577061	23109	PACK OF SIX LED TEA LIGHTS	6	2011-11-17 14:40	2.89	14911	EIRE
557671	22776	SWEETHEART CAKESTAND 3 TIER	1	2011-06-22 10:11	9.95	13849	United Kingdom
546376	82494L	WOODEN FRAME ANTIQUE WHITE	6	2011-03-11 12:11	2.95	13842	United Kingdom
573029	22551	PLASTERS IN TIN SPACEBOY	2	2011-10-27 13:33	1.65	14971	United Kingdom
570872	21934	SKULL SHOULDER BAG	5	2011-10-12 16:40	1.63	UNKNOWN	United Kingdom
560451	22981	PANTRY APPLE CORER	12	2011-07-19 09:50	1.45	14911	EIRE
568564	22633	HAND WARMER UNION JACK	2	2011-09-27 17:03	2.1	17576	United Kingdom
574839	84708B	PINK JEWELLED PHOTO FRAME	1	2011-11-07 11:40	4.95	15493	United Kingdom
553890	22191	IVORY DINER WALL CLOCK	1	2011-05-19 16:32	16.63	UNKNOWN	United Kingdom
544167	22625	RED KITCHEN SCALES	2	2011-02-16 13:14	8.5	14755	United Kingdom
568719	22383	LUNCH BAG SUKI DESIGN	2	2011-09-28 16:19	4.13	UNKNOWN	United Kingdom
536982	22174	PHOTO CUBE	11	2010-12-03 14:27	4.21	UNKNOWN	United Kingdom
559052	22371	AIRLINE BAG VINTAGE TOKYO 78	3	2011-07-05 16:53	4.13	UNKNOWN	United Kingdom
563506	23295	SET OF 12 MINI LOAF BAKING CASES	8	2011-08-17 09:48	0.83	17398	United Kingdom
555565	22779	WOODEN OWLS LIGHT GARLAND	4	2011-06-05 15:06	4.25	15298	United Kingdom
558767	22692	DOORMAT WELCOME TO OUR HOME	2	2011-07-03 13:27	7.95	13833	United Kingdom
578121	72122	COFFEE SCENT PILLAR CANDLE	12	2011-11-23 10:23	0.95	14547	United Kingdom
550644	22149	FELTCRAFT 6 FLOWER FRIENDS	6	2011-04-19 16:19	2.1	12733	USA
541592	22719	GUMBALL MONOCHROME COAT RACK	1	2011-01-19 15:08	2.46	UNKNOWN	United Kingdom
568787	23089	GLASS BON BON JAR	12	2011-09-29 09:19	1.95	13741	United Kingdom
566602	22979	PANTRY WASHING UP BRUSH	1	2011-09-13 16:05	3.29	UNKNOWN	United Kingdom
538071	22816	CARD MOTORBIKE SANTA	18	2010-12-09 14:09	0.85	UNKNOWN	United Kingdom
547068	23194	GYMKHANA TREASURE BOOK BOX	8	2011-03-20 13:48	2.25	13985	United Kingdom
565847	22165	DIAMANTE HEART SHAPED WALL MIRROR,	1	2011-09-07 12:44	24.96	UNKNOWN	United Kingdom
564050	22663	JUMBO BAG DOLLY GIRL DESIGN	10	2011-08-22 13:32	2.08	17160	United Kingdom
554842	85175	CACTI T-LIGHT CANDLES	16	2011-05-26 18:17	0.42	14740	United Kingdom
566446	22678	FRENCH BLUE METAL DOOR SIGN 3	1	2011-09-12 15:40	2.46	UNKNOWN	United Kingdom
570688	21906	PHARMACIE FIRST AID TIN	1	2011-10-11 16:29	13.29	UNKNOWN	United Kingdom
550255	75049L	LARGE CIRCULAR MIRROR MOBILE	12	2011-04-15 11:47	1.25	13468	United Kingdom
578292	23436	VINTAGE CHRISTMAS GIFT BAG LARGE	7	2011-11-23 14:35	1.25	13174	United Kingdom
573143	23231	WRAP  VINTAGE DOILY	25	2011-10-27 17:56	0.42	13098	United Kingdom
557251	21504	SKULLS GREETING CARD	24	2011-06-17 16:07	0.42	14085	United Kingdom
580729	23559	WOODLAND BUNNIES LOLLY MAKERS	1	2011-12-05 17:24	4.13	UNKNOWN	United Kingdom
572103	23085	ANTIQUE SILVER BAUBLE LAMP	1	2011-10-20 15:57	10.4	17571	United Kingdom
543660	21455	PAINTED YELLOW WOODEN DAISY	1	2011-02-11 10:40	0.83	UNKNOWN	United Kingdom
569139	23401	RUSTIC MIRROR WITH LACE HEART	2	2011-09-30 14:55	6.25	16404	United Kingdom
561922	22549	PICTURE DOMINOES	1	2011-08-01 12:12	1.45	13167	United Kingdom
540551	20622	VIPPASSPORT COVER	2	2011-01-10 09:43	1.66	UNKNOWN	United Kingdom
555199	21781	MA CAMPAGNE CUTLERY BOX	1	2011-06-01 12:05	14.95	14606	United Kingdom
554163	62097B	BLUE STRIPES SHOULDER BAG	2	2011-05-23 11:52	0.83	14573	United Kingdom
578666	21929	JUMBO BAG PINK VINTAGE PAISLEY	10	2011-11-24 17:06	2.08	17727	United Kingdom
555249	23284	DOORMAT KEEP CALM AND COME IN	1	2011-06-01 14:57	7.95	17472	United Kingdom
569248	23234	BISCUIT TIN VINTAGE CHRISTMAS	6	2011-10-03 10:09	2.89	12886	United Kingdom
559122	21395	BLUE POLKADOT BEAKER	48	2011-07-06 12:22	0.39	15159	United Kingdom
557644	21544	SKULLS  WATER TRANSFER TATTOOS	1	2011-06-21 17:06	1.63	UNKNOWN	United Kingdom
579387	23560	SET OF 6 RIBBONS COUNTRY STYLE	2	2011-11-29 12:06	2.89	14452	United Kingdom
560434	20712	JUMBO BAG WOODLAND ANIMALS	1	2011-07-18 15:56	4.13	UNKNOWN	United Kingdom
544694	82486	WOOD S/3 CABINET ANT WHITE FINISH	2	2011-02-23 09:30	8.95	17706	United Kingdom
549690	20996	JAZZ HEARTS ADDRESS BOOK	1	2011-04-11 13:41	0.42	17841	United Kingdom
566605	23356	LOVE HOT WATER BOTTLE	1	2011-09-13 16:27	5.95	13263	United Kingdom
547400	84970s	HANGING HEART ZINC T-LIGHT HOLDER	2	2011-03-22 16:56	2.08	UNKNOWN	United Kingdom
554310	23052	RECYCLED ACAPULCO MAT TURQUOISE	2	2011-05-23 15:25	16.63	UNKNOWN	United Kingdom
550542	23182	TOILET SIGN OCCUPIED OR VACANT	1	2011-04-19 11:37	2.46	UNKNOWN	United Kingdom
557273	23245	SET OF 3 REGENCY CAKE TINS	4	2011-06-19 11:44	4.95	16050	United Kingdom
569898	22090	PAPER BUNTING RETROSPOT	2	2011-10-06 16:08	5.79	UNKNOWN	United Kingdom
538071	84913B	MINT GREEN ROSE TOWEL	2	2010-12-09 14:09	3.36	UNKNOWN	United Kingdom
566217	84596F	SMALL MARSHMALLOWS PINK BOWL	1	2011-09-09 15:17	0.83	14096	United Kingdom
541846	22469	HEART OF WICKER SMALL	12	2011-01-23 12:43	1.65	13050	United Kingdom
570187	22352	LUNCH BOX WITH CUTLERY RETROSPOT	1	2011-10-07 15:09	4.96	UNKNOWN	United Kingdom
559807	22675	FRENCH KITCHEN SIGN BLUE METAL	3	2011-07-12 14:48	1.25	17841	United Kingdom
555515	22429	ENAMEL MEASURING JUG CREAM	4	2011-06-05 10:47	4.25	17690	United Kingdom
552051	21181	PLEASE ONE PERSON METAL SIGN	4	2011-05-06 10:10	2.1	14796	United Kingdom
549115	21498	RED RETROSPOT WRAP	25	2011-04-06 12:41	0.42	13098	United Kingdom
574941	23332	IVORY WICKER HEART LARGE	36	2011-11-07 17:42	3.95	UNKNOWN	United Kingdom
556243	22689	DOORMAT MERRY CHRISTMAS RED	1	2011-06-09 16:07	16.63	UNKNOWN	United Kingdom
545399	21523	DOORMAT FANCY FONT HOME SWEET HOME	2	2011-03-02 11:48	7.95	14934	Channel Islands
542215	85049F	BABY BOOM RIBBONS	12	2011-01-26 12:27	1.25	12472	Germany
559055	20902	VINTAGE KEEPSAKE BOX PARIS DAYS	5	2011-07-05 17:09	4.13	UNKNOWN	United Kingdom
543189	21383	PACK OF 12 STICKY BUNNIES	12	2011-02-04 11:48	0.65	17517	United Kingdom
548194	22697	GREEN REGENCY TEACUP AND SAUCER	1	2011-03-29 15:30	5.79	UNKNOWN	United Kingdom
546136	20676	RED RETROSPOT BOWL	2	2011-03-09 16:32	2.46	UNKNOWN	United Kingdom
543530	22360	GLASS JAR ENGLISH CONFECTIONERY	6	2011-02-09 12:46	5.79	UNKNOWN	United Kingdom
560035	15044C	PURPLE PAPER PARASOL	6	2011-07-14 13:41	2.95	17706	United Kingdom
555508	22030	SWALLOWS GREETING CARD	24	2011-06-03 16:45	0.42	16880	United Kingdom
543247	85099F	JUMBO BAG STRAWBERRY	100	2011-02-04 14:23	1.65	16029	United Kingdom
578074	22153	ANGEL DECORATION STARS ON DRESS	2	2011-11-22 16:06	0.42	17590	United Kingdom
575930	23206	LUNCH BAG APPLE DESIGN	1	2011-11-11 17:58	4.13	UNKNOWN	United Kingdom
561897	22995	TRAVEL CARD WALLET SUKI	1	2011-07-31 15:24	0.42	17841	United Kingdom
564818	82483	WOOD 2 DRAWER CABINET WHITE FINISH	5	2011-08-30 12:10	6.95	UNKNOWN	United Kingdom
549059	22432	WATERING CAN PINK BUNNY	2	2011-04-06 10:46	1.95	15529	United Kingdom
569026	23513	EMBROIDERED RIBBON REEL SUSIE	6	2011-09-30 10:18	2.08	16101	United Kingdom
540977	22244	3 HOOK HANGER MAGIC GARDEN	1	2011-01-12 15:01	4.21	UNKNOWN	United Kingdom
577057	16219	HOUSE SHAPE PENCIL SHARPENER	14	2011-11-17 14:26	0.06	12748	United Kingdom
548354	21212	PACK OF 72 RETROSPOT CAKE CASES	24	2011-03-30 15:06	0.55	15981	United Kingdom
541422	21109	LARGE CAKE TOWEL CHOCOLATE SPOTS	1	2011-01-17 17:48	4.13	UNKNOWN	United Kingdom
547644	22989	SET 2 PANTRY DESIGN TEA TOWELS	6	2011-03-24 11:38	3.25	14267	United Kingdom
548492	21175	GIN + TONIC DIET METAL SIGN	1	2011-03-31 13:14	2.55	17841	United Kingdom
547960	22558	CLOTHES PEGS RETROSPOT PACK 24	3	2011-03-28 15:27	1.49	15644	United Kingdom
553718	22090	PAPER BUNTING RETROSPOT	5	2011-05-18 16:14	5.79	UNKNOWN	United Kingdom
565388	22384	LUNCH BAG PINK POLKADOT	2	2011-09-02 15:56	1.65	14415	United Kingdom
543345	22381	TOY TIDY PINK POLKADOT	3	2011-02-07 12:29	4.13	UNKNOWN	United Kingdom
549116	21955	DOORMAT UNION JACK GUNS AND ROSES	2	2011-04-06 12:49	7.95	16670	United Kingdom
566054	22382	LUNCH BAG SPACEBOY DESIGN	20	2011-09-08 15:04	1.65	12592	Germany
549294	22988	SOLDIERS EGG CUP	2	2011-04-07 19:27	1.25	13230	United Kingdom
559492	22139	RETROSPOT TEA SET CERAMIC 11 PC	1	2011-07-08 13:53	10.79	UNKNOWN	United Kingdom
578921	22551	PLASTERS IN TIN SPACEBOY	1	2011-11-27 11:57	1.65	13596	United Kingdom
555591	22675	FRENCH KITCHEN SIGN BLUE METAL	12	2011-06-06 09:59	1.25	15073	United Kingdom
580730	20838	FRENCH LATTICE CUSHION COVER	1	2011-12-05 17:28	3.29	UNKNOWN	United Kingdom
543973	82483	WOOD 2 DRAWER CABINET WHITE FINISH	1	2011-02-14 15:15	6.95	17571	United Kingdom
559816	22739	RIBBON REEL CHRISTMAS SOCK BAUBLE	1	2011-07-12 16:11	3.29	UNKNOWN	United Kingdom
570007	22588	CARD HOLDER GINGHAM HEART	6	2011-10-07 09:26	2.89	12519	Germany
571282	21894	POTTING SHED SEED ENVELOPES	1	2011-10-16 13:24	1.25	15545	United Kingdom
537614	22910	PAPER CHAIN KIT VINTAGE CHRISTMAS	3	2010-12-07 13:29	2.95	16904	United Kingdom
563920	23068	ALUMINIUM STAMPED HEART	4	2011-08-21 14:00	2.49	16407	United Kingdom
579508	90122C	TURQUOISE CRYSTAL+GLASS BRACELET	1	2011-11-29 16:33	4.98	UNKNOWN	United Kingdom
558435	22028	PENNY FARTHING BIRTHDAY CARD	12	2011-06-29 12:37	0.42	13078	United Kingdom
540265	22619	SET OF 6 SOLDIER SKITTLES	4	2011-01-06 10:46	3.75	15271	United Kingdom
571965	21242	RED RETROSPOT PLATE	4	2011-10-20 10:41	1.69	17238	United Kingdom
560824	20828	GLITTER BUTTERFLY CLIPS	6	2011-07-21 11:23	2.55	17935	United Kingdom
577039	72817	SET OF 2 CHRISTMAS DECOUPAGE CANDLE	24	2011-11-17 13:30	0.79	12539	Spain
559510	20727	LUNCH BAG  BLACK SKULL.	10	2011-07-08 15:29	1.65	14961	United Kingdom
569424	23230	WRAP ALPHABET DESIGN	25	2011-10-04 10:49	0.42	15529	United Kingdom
544598	21314	SMALL GLASS HEART TRINKET POT	1	2011-02-21 18:10	4.13	UNKNOWN	United Kingdom
547690	21790	VINTAGE SNAP CARDS	12	2011-03-24 14:56	0.85	16063	United Kingdom
538521	22795	SWEETHEART RECIPE BOOK STAND	2	2010-12-13 09:02	6.75	14180	United Kingdom
575692	23210	WHITE ROCKING HORSE HAND PAINTED	1	2011-11-10 16:27	1.25	12508	France
556539	22607	WOODEN ROUNDERS GARDEN SET	2	2011-06-13 12:44	9.95	13589	United Kingdom
552678	20676	RED RETROSPOT BOWL	1	2011-05-10 15:08	2.46	UNKNOWN	United Kingdom
578858	21327	SKULLS WRITING SET	6	2011-11-27 11:22	1.65	18145	United Kingdom
570718	22544	MINI JIGSAW SPACEBOY	24	2011-10-12 10:36	0.42	12518	Germany
575700	23284	DOORMAT KEEP CALM AND COME IN	4	2011-11-10 16:58	8.25	15111	United Kingdom
559133	23084	RABBIT NIGHT LIGHT	3	2011-07-06 13:13	2.08	17861	United Kingdom
541711	85099F	JUMBO BAG STRAWBERRY	100	2011-01-21 11:18	1.65	14646	Netherlands
546028	85123A	WHITE HANGING HEART T-LIGHT HOLDER	24	2011-03-09 08:33	2.95	17049	United Kingdom
542634	22977	DOLLY GIRL CHILDRENS EGG CUP	12	2011-01-31 10:42	1.25	15448	United Kingdom
575988	23503	PLAYING CARDS KEEP CALM & CARRY ON	12	2011-11-13 14:18	1.25	13018	United Kingdom
581219	22943	CHRISTMAS LIGHTS 10 VINTAGE BAUBLES	1	2011-12-08 09:28	10.79	UNKNOWN	United Kingdom
543013	21257	VICTORIAN SEWING BOX MEDIUM	1	2011-02-02 13:35	15.79	UNKNOWN	United Kingdom
550740	22423	REGENCY CAKESTAND 3 TIER	14	2011-04-20 11:33	24.96	UNKNOWN	United Kingdom
563546	22193	RED DINER WALL CLOCK	1	2011-08-17 12:24	8.5	16729	United Kingdom
549439	22784	LANTERN CREAM GAZEBO	6	2011-04-08 12:42	4.95	13562	United Kingdom
559317	23049	RECYCLED ACAPULCO MAT RED	1	2011-07-07 14:03	8.25	17611	United Kingdom
568668	23355	HOT WATER BOTTLE KEEP CALM	2	2011-09-28 13:00	4.95	15750	United Kingdom
541139	22663	JUMBO BAG DOLLY GIRL DESIGN	10	2011-01-14 11:05	1.95	15213	United Kingdom
579553	48194	DOORMAT HEARTS	2	2011-11-30 10:54	8.25	14156	EIRE
572552	72817	SET OF 2 CHRISTMAS DECOUPAGE CANDLE	5	2011-10-24 17:07	1.63	14096	United Kingdom
545468	22749	FELTCRAFT PRINCESS CHARLOTTE DOLL	4	2011-03-03 09:41	3.75	16571	United Kingdom
572513	20836	FRENCH PAISLEY CUSHION COVER	6	2011-10-24 14:36	0.83	16728	United Kingdom
565243	85123A	WHITE HANGING HEART T-LIGHT HOLDER	18	2011-09-02 10:20	2.95	16735	United Kingdom
559042	22920	HERB MARKER BASIL	2	2011-07-05 15:34	1.63	UNKNOWN	United Kingdom
545714	84997a	CHILDRENS CUTLERY POLKADOT GREEN	1	2011-03-07 10:12	8.29	UNKNOWN	United Kingdom
539436	21672	WHITE SPOT RED CERAMIC DRAWER KNOB	5	2010-12-17 14:49	2.51	UNKNOWN	United Kingdom
556439	21116	OWL DOORSTOP	9	2011-06-10 14:46	4.95	18061	United Kingdom
538069	85172	HYACINTH BULB T-LIGHT CANDLES	16	2010-12-09 14:08	0.42	16795	United Kingdom
574088	48138	DOORMAT UNION FLAG	2	2011-11-03 08:56	8.25	18044	United Kingdom
543342	21902	KEY FOB , FRONT  DOOR	24	2011-02-07 12:27	0.65	17162	United Kingdom
538524	22028	PENNY FARTHING BIRTHDAY CARD	1	2010-12-13 09:35	0.85	UNKNOWN	United Kingdom
560590	23174	REGENCY SUGAR BOWL GREEN	4	2011-07-19 15:55	4.15	12560	Germany
567484	22728	ALARM CLOCK BAKELIKE PINK	4	2011-09-20 13:52	3.75	17340	United Kingdom
538799	20674	GREEN POLKADOT BOWL	2	2010-12-14 11:48	1.25	15039	United Kingdom
563211	23201	JUMBO BAG ALPHABET	10	2011-08-14 12:33	2.08	17049	United Kingdom
541129	47566b	TEA TIME PARTY BUNTING	1	2011-01-14 10:14	8.29	UNKNOWN	United Kingdom
561047	21094	SET/6 RED SPOTTY PAPER PLATES	12	2011-07-24 12:46	0.85	16948	United Kingdom
564052	22118	JOY WOODEN BLOCK LETTERS	1	2011-08-22 13:40	4.95	15033	United Kingdom
574298	90206A	GOLD DIAMANTE STAR BROOCH	1	2011-11-03 15:56	4.98	UNKNOWN	United Kingdom
548373	21390	FILIGRIS HEART WITH BUTTERFLY	1	2011-03-30 16:34	2.46	UNKNOWN	United Kingdom
555815	22485	SET OF 2 WOODEN MARKET CRATES	2	2011-06-07 11:47	12.75	13089	United Kingdom
555076	22917	HERB MARKER ROSEMARY	12	2011-05-31 12:11	0.65	13900	United Kingdom
558571	23123	COCKTAIL SWORDS 50 PIECES	12	2011-06-30 14:46	0.83	17017	United Kingdom
572653	21034	REX CASH+CARRY JUMBO SHOPPER	4	2011-10-25 12:12	0.95	15861	United Kingdom
569520	20972	PINK CREAM FELT CRAFT TRINKET BOX	12	2011-10-04 14:32	1.25	17667	United Kingdom
553224	23003	TRAVEL CARD WALLET VINTAGE ROSE	7	2011-05-16 10:40	0.42	17228	United Kingdom
564353	22992	REVOLVER WOODEN RULER	12	2011-08-24 15:08	1.95	15764	United Kingdom
538826	21390	FILIGRIS HEART WITH BUTTERFLY	24	2010-12-14 12:58	1.25	12370	Cyprus
579694	22961	JAM MAKING SET PRINTED	7	2011-11-30 14:11	3.29	UNKNOWN	United Kingdom
557281	20764	ABSTRACT CIRCLES SKETCHBOOK	1	2011-06-19 12:23	3.75	13632	United Kingdom
573426	22114	HOT WATER BOTTLE TEA AND SYMPATHY	14	2011-10-31 10:17	9.13	UNKNOWN	United Kingdom
575918	21164	HOME SWEET HOME METAL SIGN	2	2011-11-11 16:58	2.95	17191	United Kingdom
546778	21878	PACK OF 6 SANDCASTLE FLAGS ASSORTED	12	2011-03-16 16:38	0.85	14572	United Kingdom
546003	22399	MAGNETS PACK OF 4 CHILDHOOD MEMORY	1	2011-03-08 15:07	1.25	16712	United Kingdom
576779	22997	TRAVEL CARD WALLET UNION JACK	48	2011-11-16 13:25	0.42	14554	United Kingdom
568177	21625	VINTAGE UNION JACK APRON	3	2011-09-25 13:30	6.95	13536	United Kingdom
549238	22212	FOUR HOOK  WHITE LOVEBIRDS	6	2011-04-07 11:30	2.1	14667	United Kingdom
559052	85049H	URBAN BLACK RIBBONS	1	2011-07-05 16:53	2.46	UNKNOWN	United Kingdom
553009	23166	MEDIUM CERAMIC TOP STORAGE JAR	3	2011-05-12 16:52	1.25	13601	United Kingdom
573426	23204	CHARLOTTE BAG APPLES DESIGN	6	2011-10-31 10:17	2.46	UNKNOWN	United Kingdom
576052	22952	60 CAKE CASES VINTAGE CHRISTMAS	3	2011-11-13 14:48	0.55	15787	United Kingdom
580660	22993	SET OF 4 PANTRY JELLY MOULDS	12	2011-12-05 13:49	1.25	16592	United Kingdom
538566	21990	MODERN FLORAL STATIONERY SET	3	2010-12-13 11:21	2.51	UNKNOWN	United Kingdom
541104	22208	WOOD STAMP SET THANK YOU	3	2011-01-13 14:29	1.63	UNKNOWN	United Kingdom
562416	22379	RECYCLING BAG RETROSPOT	5	2011-08-04 16:31	2.1	13969	United Kingdom
569205	23406	HOME SWEET HOME KEY HOLDER	4	2011-10-02 10:55	6.25	16923	United Kingdom
545914	22672	FRENCH BATHROOM SIGN BLUE METAL	24	2011-03-08 11:39	1.65	13340	United Kingdom
546435	21080	SET/20 RED RETROSPOT PAPER NAPKINS	12	2011-03-14 09:37	0.85	15671	United Kingdom
557640	22549	PICTURE DOMINOES	1	2011-06-21 16:24	2.46	UNKNOWN	United Kingdom
559864	22980	PANTRY SCRUBBING BRUSH	12	2011-07-13 10:38	1.65	14916	United Kingdom
540794	22156	HEART DECORATION WITH PEARLS	36	2011-01-11 11:54	0.85	16034	United Kingdom
546466	22890	NOVELTY BISCUITS CAKE STAND 3 TIER	1	2011-03-14 11:04	9.95	18118	United Kingdom
570796	23503	PLAYING CARDS KEEP CALM & CARRY ON	2	2011-10-12 12:19	1.25	16241	United Kingdom
570638	21192	WHITE BELL HONEYCOMB PAPER	6	2011-10-11 12:36	1.65	17888	United Kingdom
571105	21991	BOHEMIAN COLLAGE STATIONERY SET	2	2011-10-13 16:01	1.25	17614	United Kingdom
578040	22558	CLOTHES PEGS RETROSPOT PACK 24	4	2011-11-22 14:21	1.65	13322	United Kingdom
560356	23238	SET OF 4 KNICK KNACK TINS LONDON	6	2011-07-18 11:41	4.15	16875	United Kingdom
558570	22208	WOOD STAMP SET THANK YOU	6	2011-06-30 14:38	0.83	17673	United Kingdom
544930	84755	COLOUR GLASS T-LIGHT HOLDER HANGING	8	2011-02-24 18:26	0.65	17472	United Kingdom
551665	21754	HOME BUILDING BLOCK WORD	3	2011-05-03 12:35	5.95	17442	United Kingdom
540418	84569D	PACK 6 HEART/ICE-CREAM PATCHES	1	2011-01-07 11:04	0.85	UNKNOWN	United Kingdom
559693	84251G	GREETING CARD, OVERCROWDED POOL.	1	2011-07-11 16:21	0.42	UNKNOWN	United Kingdom
553515	22679	FRENCH BLUE METAL DOOR SIGN 4	5	2011-05-17 14:03	1.25	17515	United Kingdom
575624	23245	SET OF 3 REGENCY CAKE TINS	4	2011-11-10 13:18	4.95	18217	United Kingdom
565446	23228	FILIGREE HEART BIRD WHITE	24	2011-09-04 15:19	1.25	16057	United Kingdom
577858	22086	PAPER CHAIN KIT 50'S CHRISTMAS	1	2011-11-22 11:24	2.95	16365	United Kingdom
570010	23518	EMBROIDERED RIBBON REEL RACHEL	6	2011-10-07 09:42	2.89	15297	United Kingdom
544434	22699	ROSES REGENCY TEACUP AND SAUCER	2	2011-02-18 16:12	5.79	UNKNOWN	United Kingdom
561820	47566B	TEA TIME PARTY BUNTING	1	2011-07-29 16:00	10.79	UNKNOWN	United Kingdom
552649	20726	LUNCH BAG WOODLAND	20	2011-05-10 13:44	1.65	12592	Germany
574950	21833	CAMOUFLAGE LED TORCH	1	2011-11-08 09:29	3.29	UNKNOWN	United Kingdom
543237	84997c	BLUE 3 PIECE POLKADOT CUTLERY SET	7	2011-02-04 13:39	8.29	UNKNOWN	United Kingdom
580639	22211	WOOD STAMP SET FLOWERS	1	2011-12-05 12:46	0.83	17254	United Kingdom
577010	23108	SET OF 10 LED DOLLY LIGHTS	1	2011-11-17 12:11	6.25	15506	United Kingdom
580136	22839	3 TIER CAKE TIN GREEN AND CREAM	1	2011-12-01 19:42	14.95	17841	United Kingdom
579297	82494l	WOODEN FRAME ANTIQUE WHITE	7	2011-11-29 11:23	8.29	UNKNOWN	United Kingdom
556126	23191	BUNDLE OF 3 RETRO NOTE BOOKS	12	2011-06-09 10:23	1.65	14911	EIRE
576329	22608	PENS ASSORTED FUNKY JEWELED	11	2011-11-14 15:22	0.42	UNKNOWN	United Kingdom
555275	22909	SET OF 20 VINTAGE CHRISTMAS NAPKINS	1	2011-06-01 17:18	1.63	UNKNOWN	United Kingdom
572457	23201	JUMBO BAG ALPHABET	20	2011-10-24 12:44	2.08	12594	Italy
569672	22222	CAKE PLATE LOVEBIRD WHITE	1	2011-10-05 13:58	4.95	17841	United Kingdom
538177	22835	HOT WATER BOTTLE I AM SO POORLY	4	2010-12-10 09:51	9.32	UNKNOWN	United Kingdom
572069	23310	BUBBLEGUM RING ASSORTED	36	2011-10-20 13:24	0.42	14911	EIRE
560225	21715	GIRLS VINTAGE TIN SEASIDE BUCKET	1	2011-07-15 16:27	2.46	UNKNOWN	United Kingdom
539453	21802	CHRISTMAS TREE HEART DECORATION	7	2010-12-17 17:08	0.43	UNKNOWN	United Kingdom
568901	23333	IVORY WICKER HEART MEDIUM	36	2011-09-29 13:22	1.25	15050	United Kingdom
544461	22191	IVORY DINER WALL CLOCK	1	2011-02-20 14:08	8.5	13744	United Kingdom
544928	47593B	SCOTTIE DOGS BABY BIB	4	2011-02-24 18:07	0.83	UNKNOWN	United Kingdom
543648	22488	NATURAL SLATE RECTANGLE CHALKBOARD	12	2011-02-11 08:45	1.65	15114	United Kingdom
552883	23207	LUNCH BAG ALPHABET DESIGN	100	2011-05-12 10:13	1.45	14646	Netherlands
543542	22264	FELT FARM ANIMAL WHITE BUNNY	24	2011-02-09 15:25	0.85	16607	United Kingdom
549911	22916	HERB MARKER THYME	20	2011-04-13 08:26	0.65	14060	United Kingdom
553423	21080	SET/20 RED RETROSPOT PAPER NAPKINS	1	2011-05-17 10:28	0.85	17811	United Kingdom
575066	22771	CLEAR DRAWER KNOB ACRYLIC EDWARDIAN	12	2011-11-08 12:42	1.25	13668	United Kingdom
539631	22859	EASTER TIN BUNNY BOUQUET	1	2010-12-20 15:03	3.36	UNKNOWN	United Kingdom
554512	20724	RED RETROSPOT CHARLOTTE BAG	1	2011-05-24 15:54	1.63	UNKNOWN	United Kingdom
562420	22178	VICTORIAN GLASS HANGING T-LIGHT	3	2011-08-04 16:38	2.46	UNKNOWN	United Kingdom
559923	85199S	SMALL HANGING IVORY/RED WOOD BIRD	7	2011-07-13 16:07	0.83	UNKNOWN	United Kingdom
551250	22775	PURPLE DRAWERKNOB ACRYLIC EDWARDIAN	1	2011-04-27 12:00	1.25	17841	United Kingdom
547362	22505	MEMO BOARD COTTAGE DESIGN	24	2011-03-22 12:33	4.25	13694	United Kingdom
540821	21030	SPACE CADET RED	2	2011-01-11 13:16	0.85	UNKNOWN	United Kingdom
558904	22124	SET OF 2 TEA TOWELS PING MICROWAVE	1	2011-07-04 16:18	2.46	UNKNOWN	United Kingdom
580404	23346	SPACEBOY BEAKER	12	2011-12-04 12:01	1.25	13596	United Kingdom
567679	22570	FELTCRAFT CUSHION RABBIT	1	2011-09-21 16:15	3.75	14606	United Kingdom
547871	85038	6 CHOCOLATE LOVE HEART T-LIGHTS	6	2011-03-27 14:28	2.1	16931	United Kingdom
560979	23204	CHARLOTTE BAG APPLES DESIGN	10	2011-07-22 12:21	0.85	15232	United Kingdom
558113	21668	RED STRIPE CERAMIC DRAWER KNOB	12	2011-06-27 08:48	1.25	14911	EIRE
546562	22606	WOODEN SKITTLES GARDEN SET	1	2011-03-15 10:45	15.95	16293	United Kingdom
547380	20717	STRAWBERRY SHOPPER BAG	2	2011-03-22 15:20	1.25	16809	United Kingdom
575947	84884a	ANT WHITE WIRE HEART SPIRAL	1	2011-11-13 11:50	8.29	UNKNOWN	United Kingdom
539259	22458	CAST IRON HOOK GARDEN FORK	8	2010-12-16 14:32	2.55	13050	United Kingdom
578827	22230	JIGSAW TREE WITH WATERING CAN	2	2011-11-25 14:25	1.63	UNKNOWN	United Kingdom
536754	22470	HEART OF WICKER LARGE	4	2010-12-02 14:09	2.95	14449	United Kingdom
559162	21851	LILAC DIAMANTE PEN IN GIFT BOX	2	2011-07-06 16:29	2.46	UNKNOWN	United Kingdom
562275	21731	RED TOADSTOOL LED NIGHT LIGHT	12	2011-08-04 10:04	1.65	12689	France
538364	72799E	IVORY PILLAR CANDLE SILVER FLOCK	4	2010-12-10 17:26	2.95	14448	United Kingdom
543392	21533	RETROSPOT LARGE MILK JUG	12	2011-02-08 10:15	4.25	16839	United Kingdom
561369	21918	SET 12 KIDS COLOUR  CHALK STICKS	1	2011-07-26 16:21	0.83	UNKNOWN	United Kingdom
536813	35957	SMALLFOLKART BAUBLE CHRISTMAS DEC	48	2010-12-02 16:59	0.42	15646	United Kingdom
576236	22267	EASTER DECORATION EGG BUNNY	5	2011-11-14 13:31	0.39	13755	United Kingdom
537680	35001W	HAND OPEN SHAPE DECO.WHITE	6	2010-12-08 10:11	3.49	13599	United Kingdom
539111	84877D	BLUE ROUND COMPACT MIRROR	24	2010-12-16 11:11	1.25	14414	United Kingdom
547715	84531B	BLUE KNITTED EGG COSY	6	2011-03-25 08:50	0.39	12520	Germany
581217	20717	STRAWBERRY SHOPPER BAG	1	2011-12-08 09:20	2.46	UNKNOWN	United Kingdom
580729	21930	JUMBO STORAGE BAG SKULLS	1	2011-12-05 17:24	4.13	UNKNOWN	United Kingdom
544598	22107	PIZZA PLATE IN BOX	1	2011-02-21 18:10	7.46	UNKNOWN	United Kingdom
570420	22922	FRIDGE MAGNETS US DINER ASSORTED	5	2011-10-10 13:33	0.85	17841	United Kingdom
561231	22431	WATERING CAN BLUE ELEPHANT	3	2011-07-26 10:20	1.95	15855	United Kingdom
562104	20966	SANDWICH BATH SPONGE	1	2011-08-02 14:31	2.46	UNKNOWN	United Kingdom
553565	23089	GLASS BON BON JAR	12	2011-05-18 09:01	1.65	17505	United Kingdom
569556	23343	JUMBO BAG VINTAGE CHRISTMAS	10	2011-10-05 08:50	2.08	14936	Channel Islands
553001	22583	PACK OF 6 HANDBAG GIFT BOXES	6	2011-05-12 15:23	2.55	17658	United Kingdom
575726	23535	WALL ART BICYCLE SAFETY	2	2011-11-10 19:12	5.95	16791	United Kingdom
573019	21212	PACK OF 72 RETROSPOT CAKE CASES	24	2011-10-27 12:33	0.55	15145	United Kingdom
561078	21584	RETROSPOT SMALL TUBE MATCHES	20	2011-07-24 16:05	1.65	16178	United Kingdom
554956	22732	3D VINTAGE CHRISTMAS STICKERS	1	2011-05-27 15:17	1.63	UNKNOWN	United Kingdom
572658	22840	ROUND CAKE TIN VINTAGE RED	2	2011-10-25 12:29	7.95	17690	United Kingdom
556727	23237	SET OF 4 KNICK KNACK TINS LEAVES	6	2011-06-14 11:33	4.15	17675	United Kingdom
559034	21731	RED TOADSTOOL LED NIGHT LIGHT	12	2011-07-05 14:56	1.65	13109	United Kingdom
550618	21981	PACK OF 12 WOODLAND TISSUES	24	2011-04-19 13:09	0.29	14156	EIRE
555488	22427	ENAMEL FLOWER JUG CREAM	3	2011-06-03 13:43	5.95	16942	United Kingdom
551950	20754	RETROSPOT RED WASHING UP GLOVES	6	2011-05-05 11:38	2.1	14911	EIRE
574882	22910	PAPER CHAIN KIT VINTAGE CHRISTMAS	3	2011-11-07 13:45	2.95	13599	United Kingdom
564817	21094	SET/6 RED SPOTTY PAPER PLATES	12	2011-08-30 12:02	0.83	UNKNOWN	United Kingdom
564301	23004	TRAVEL CARD WALLET PANTRY	24	2011-08-24 11:54	0.42	14299	United Kingdom
565209	22645	CERAMIC HEART FAIRY CAKE MONEY BANK	1	2011-09-01 16:59	1.45	15910	United Kingdom
549249	23154	SET OF 4 JAM JAR MAGNETS	12	2011-04-07 12:04	2.08	12423	Belgium
541215	22977	DOLLY GIRL CHILDRENS EGG CUP	12	2011-01-14 13:42	1.25	14329	United Kingdom
579141	51014A	FEATHER PEN,HOT PINK	12	2011-11-28 13:06	0.39	17019	United Kingdom
577549	21265	PINK GOOSE FEATHER TREE 60CM	2	2011-11-20 15:00	1.95	17841	United Kingdom
548893	22189	CREAM HEART CARD HOLDER	1	2011-04-04 15:54	8.29	UNKNOWN	United Kingdom
563898	22419	LIPSTICK PEN RED	100	2011-08-21 10:48	0.36	12971	United Kingdom
556719	23102	SILVER HEARTS TABLE DECORATION	12	2011-06-14 11:21	0.83	17428	United Kingdom
538210	20675	BLUE POLKADOT BOWL	8	2010-12-10 11:44	1.25	14256	United Kingdom
562727	22726	ALARM CLOCK BAKELIKE GREEN	4	2011-08-09 09:26	3.75	15601	United Kingdom
577520	23208	LUNCH BAG VINTAGE LEAF DESIGN	1	2011-11-20 13:20	1.65	14553	United Kingdom
573633	22381	TOY TIDY PINK POLKADOT	1	2011-10-31 15:48	4.96	UNKNOWN	United Kingdom
566737	20982	12 PENCILS TALL TUBE SKULLS	12	2011-09-14 14:26	0.85	13430	United Kingdom
580730	22866	HAND WARMER SCOTTY DOG DESIGN	3	2011-12-05 17:28	4.13	UNKNOWN	United Kingdom
551889	22917	HERB MARKER ROSEMARY	12	2011-05-05 09:34	0.65	18198	United Kingdom
544776	21242	RED RETROSPOT PLATE	6	2011-02-23 11:39	3.29	UNKNOWN	United Kingdom
578468	21993	FLORAL FOLK STATIONERY SET	12	2011-11-24 12:33	1.25	16482	United Kingdom
572035	22626	BLACK KITCHEN SCALES	36	2011-10-20 12:03	7.65	14646	Netherlands
554545	23158	SET OF 5 LUCKY CAT MAGNETS	12	2011-05-25 09:35	2.08	13102	United Kingdom
560018	22481	BLACK TEA TOWEL CLASSIC DESIGN	1	2011-07-14 12:52	1.25	15987	United Kingdom
555553	20977	36 PENCILS TUBE WOODLAND	16	2011-06-05 13:45	1.25	12662	Germany
549718	71459	HANGING JAM JAR T-LIGHT HOLDER	12	2011-04-11 15:03	0.85	13846	United Kingdom
580730	21123	SET/10 IVORY POLKADOT PARTY CANDLES	1	2011-12-05 17:28	0.83	UNKNOWN	United Kingdom
579673	23209	LUNCH BAG VINTAGE DOILY	2	2011-11-30 12:59	1.65	18283	United Kingdom
543452	84078A	SET/4 WHITE RETRO STORAGE CUBES	4	2011-02-08 12:14	34.95	16037	United Kingdom
575755	22940	FELTCRAFT CHRISTMAS FAIRY	4	2011-11-11 10:45	4.25	17015	United Kingdom
539437	22616	PACK OF 12 LONDON TISSUES	1	2010-12-17 14:54	0.85	UNKNOWN	United Kingdom
569253	22623	BOX OF VINTAGE JIGSAW BLOCKS	3	2011-10-03 10:55	5.95	13635	United Kingdom
571038	72351A	SET/6 TURQUOISE BUTTERFLY T-LIGHTS	1	2011-10-13 12:58	2.1	15511	United Kingdom
572517	22914	BLUE COAT RACK PARIS FASHION	1	2011-10-24 14:47	4.95	15068	United Kingdom
567656	21932	SCANDINAVIAN PAISLEY PICNIC BAG	1	2011-09-21 14:40	2.46	14096	United Kingdom
541119	21121	SET/10 RED POLKADOT PARTY CANDLES	24	2011-01-14 08:16	1.25	16493	United Kingdom
542269	22626	BLACK KITCHEN SCALES	2	2011-01-27 09:33	8.5	14442	Channel Islands
579777	23274	STAR T-LIGHT HOLDER WILLIE WINKIE	2	2011-11-30 15:13	3.29	UNKNOWN	United Kingdom
573381	23480	MINI LIGHTS WOODLAND MUSHROOMS	2	2011-10-30 14:05	3.75	17590	United Kingdom
564756	23086	ZINC  STAR T-LIGHT HOLDER	10	2011-08-30 10:33	2.46	UNKNOWN	United Kingdom
561091	22379	RECYCLING BAG RETROSPOT	1	2011-07-25 09:55	4.96	UNKNOWN	United Kingdom
545812	22423	REGENCY CAKESTAND 3 TIER	2	2011-03-07 12:26	12.75	14214	United Kingdom
568135	21313	GLASS HEART T-LIGHT HOLDER	2	2011-09-23 17:04	1.63	UNKNOWN	United Kingdom
566929	22752	SET 7 BABUSHKA NESTING BOXES	24	2011-09-15 15:21	7.65	17428	United Kingdom
551658	20724	RED RETROSPOT CHARLOTTE BAG	10	2011-05-03 12:13	0.85	16746	United Kingdom
578513	22109	FULL ENGLISH BREAKFAST PLATE	16	2011-11-24 13:32	3.39	16609	United Kingdom
538637	22974	CHILDRENS DOLLY GIRL MUG	2	2010-12-13 13:52	1.65	17611	United Kingdom
536500	21035	SET/2 RED RETROSPOT TEA TOWELS	3	2010-12-01 12:35	2.95	17377	United Kingdom
580730	23404	HOME SWEET HOME BLACKBOARD	3	2011-12-05 17:28	10.79	UNKNOWN	United Kingdom
573553	23356	LOVE HOT WATER BOTTLE	1	2011-10-31 13:48	10.79	UNKNOWN	United Kingdom
569129	22327	ROUND SNACK BOXES SET OF 4 SKULLS	2	2011-09-30 13:40	2.95	15034	United Kingdom
577700	16225	RATTLE SNAKE EGGS	1	2011-11-21 12:06	1.25	14449	United Kingdom
559893	23094	LE GRAND TRAY CHIC SET	1	2011-07-13 12:06	12.5	14498	United Kingdom
543619	22728	ALARM CLOCK BAKELIKE PINK	4	2011-02-10 14:51	3.75	16842	United Kingdom
576864	20728	LUNCH BAG CARS BLUE	1	2011-11-16 16:06	1.65	12748	United Kingdom
577258	22601	CHRISTMAS RETROSPOT ANGEL WOOD	2	2011-11-18 12:27	0.85	16764	United Kingdom
556434	23173	REGENCY TEAPOT ROSES	4	2011-06-10 14:06	9.95	14895	United Kingdom
553037	22423	REGENCY CAKESTAND 3 TIER	32	2011-05-13 08:10	10.95	12471	Germany
565730	82583	HOT BATHS METAL SIGN	2	2011-09-06 12:02	2.1	14715	United Kingdom
575117	16054	POPART RECT PENCIL SHARPENER ASST	4	2011-11-08 14:22	0.12	12748	United Kingdom
543040	79190A	RETRO PLASTIC 70'S TRAY	2	2011-02-02 17:06	0.42	17337	United Kingdom
554956	22356	CHARLOTTE BAG PINK POLKADOT	14	2011-05-27 15:17	2.46	UNKNOWN	United Kingdom
549053	22619	SET OF 6 SOLDIER SKITTLES	4	2011-04-06 10:20	3.75	13863	United Kingdom
538419	21464	DISCO BALL ROTATOR BATTERY OPERATED	1	2010-12-12 12:01	4.25	16367	United Kingdom
559337	47590B	PINK HAPPY BIRTHDAY BUNTING	1	2011-07-07 16:27	10.79	UNKNOWN	United Kingdom
552288	84997C	CHILDRENS CUTLERY POLKADOT BLUE	4	2011-05-08 13:20	4.15	13313	United Kingdom
540915	22629	SPACEBOY LUNCH BOX	12	2011-01-12 12:00	1.95	13267	United Kingdom
544996	22716	CARD CIRCUS PARADE	12	2011-02-25 11:53	0.42	12474	Germany
549754	22750	FELTCRAFT PRINCESS LOLA DOLL	4	2011-04-12 11:32	3.75	13700	United Kingdom
580135	22142	CHRISTMAS CRAFT WHITE FAIRY	1	2011-12-01 19:33	1.45	14702	United Kingdom
578783	22780	LIGHT GARLAND BUTTERFILES PINK	2	2011-11-25 11:58	4.25	12748	United Kingdom
564648	22400	MAGNETS PACK OF 4 HOME SWEET HOME	12	2011-08-26 14:04	0.39	15641	United Kingdom
573195	21507	ELEPHANT BIRTHDAY CARD	12	2011-10-28 11:40	0.42	12432	Norway
581238	85099C	JUMBO  BAG BAROQUE BLACK WHITE	3	2011-12-08 10:53	4.13	UNKNOWN	United Kingdom
545464	21116	OWL DOORSTOP	1	2011-03-03 09:10	8.29	UNKNOWN	United Kingdom
574944	23321	SMALL WHITE HEART OF WICKER	12	2011-11-08 08:16	1.65	13710	United Kingdom
566604	20758	ABSTRACT CIRCLES POCKET BOOK	9	2011-09-13 16:26	0.85	16279	United Kingdom
549964	22219	LOVEBIRD HANGING DECORATION WHITE	12	2011-04-13 14:12	0.85	13122	United Kingdom
556252	21733	RED HANGING HEART T-LIGHT HOLDER	12	2011-06-09 16:44	2.95	16779	United Kingdom
577485	22554	PLASTERS IN TIN WOODLAND ANIMALS	2	2011-11-20 11:56	1.65	16360	United Kingdom
580077	22150	3 STRIPEY MICE FELTCRAFT	6	2011-12-01 14:17	1.95	14262	United Kingdom
536749	21415	CLAM SHELL SMALL	2	2010-12-02 13:49	2.1	17976	United Kingdom
562553	90200D	PINK SWEETHEART BRACELET	1	2011-08-05 16:34	4.15	UNKNOWN	United Kingdom
565767	21671	RED SPOT CERAMIC DRAWER KNOB	1	2011-09-06 14:28	3.29	UNKNOWN	United Kingdom
536404	21975	PACK OF 60 DINOSAUR CAKE CASES	24	2010-12-01 11:29	0.55	16218	United Kingdom
578192	22061	LARGE CAKE STAND  HANGING STRAWBERY	12	2011-11-23 11:42	8.5	16954	United Kingdom
541870	85123A	WHITE HANGING HEART T-LIGHT HOLDER	2	2011-01-24 09:39	5.79	UNKNOWN	United Kingdom
559506	23144	ZINC T-LIGHT HOLDER STARS SMALL	40	2011-07-08 15:17	1.63	UNKNOWN	United Kingdom
550633	85025B	EAU DE NILE HEART SHAPE PHOTO FRAME	1	2011-04-19 14:57	1.65	17449	United Kingdom
544921	21892	TRADITIONAL WOODEN CATCH CUP GAME	24	2011-02-24 16:35	1.25	17090	United Kingdom
580983	23245	SET OF 3 REGENCY CAKE TINS	3	2011-12-06 16:26	10.79	UNKNOWN	United Kingdom
550972	22203	MILK PAN RED RETROSPOT	1	2011-04-21 17:05	3.75	14031	United Kingdom
566851	22147	FELTCRAFT BUTTERFLY HEARTS	1	2011-09-15 12:16	1.45	15573	United Kingdom
553504	84879	ASSORTED COLOUR BIRD ORNAMENT	8	2011-05-17 13:26	1.69	13310	United Kingdom
543653	22472	TV DINNER TRAY DOLLY GIRL	1	2011-02-11 10:26	4.95	14796	United Kingdom
568515	47591D	PINK FAIRY CAKE CHILDRENS APRON	20	2011-09-27 12:44	1.95	14466	United Kingdom
569914	23419	HOME SWEET HOME BOTTLE	12	2011-10-06 16:54	2.08	14257	United Kingdom
567656	23301	GARDENERS KNEELING PAD KEEP CALM	12	2011-09-21 14:40	3.29	14096	United Kingdom
577411	21787	RAIN PONCHO RETROSPOT	4	2011-11-20 11:00	0.85	17387	United Kingdom
569360	23198	PANTRY MAGNETIC  SHOPPING LIST	6	2011-10-03 14:59	1.45	14653	United Kingdom
540026	21803	CHRISTMAS TREE STAR DECORATION	25	2011-01-04 13:25	0.43	UNKNOWN	United Kingdom
544795	84968C	SET OF 16 VINTAGE PISTACHIO CUTLERY	1	2011-02-23 13:21	12.75	15858	United Kingdom
566006	23223	CHRISTMAS TREE HANGING SILVER	12	2011-09-08 12:01	0.83	13018	United Kingdom
549325	21391	FRENCH LAVENDER SCENT HEART	6	2011-04-08 10:32	2.1	12717	Greece
543013	22385	JUMBO BAG SPACEBOY DESIGN	5	2011-02-02 13:35	4.13	UNKNOWN	United Kingdom
552961	22708	WRAP DOLLY GIRL	25	2011-05-12 12:54	0.42	15489	United Kingdom
564815	22961	JAM MAKING SET PRINTED	2	2011-08-30 12:00	1.45	12748	United Kingdom
557011	85099C	JUMBO  BAG BAROQUE BLACK WHITE	10	2011-06-16 11:50	2.08	16279	United Kingdom
551963	84945	MULTI COLOUR SILVER T-LIGHT HOLDER	12	2011-05-05 12:52	0.85	13266	United Kingdom
550778	22300	COFFEE MUG DOG + BALL DESIGN	6	2011-04-20 13:36	2.55	14868	United Kingdom
561643	84970L	SINGLE HEART ZINC T-LIGHT HOLDER	12	2011-07-28 15:04	0.95	15939	United Kingdom
562712	22956	36 FOIL HEART CAKE CASES	6	2011-08-08 15:00	2.1	13016	United Kingdom
563444	22171	3 HOOK PHOTO SHELF ANTIQUE WHITE	2	2011-08-16 13:50	8.5	16033	United Kingdom
579293	22737	RIBBON REEL CHRISTMAS PRESENT	2	2011-11-29 11:22	1.65	14419	United Kingdom
550991	22900	SET 2 TEA TOWELS I LOVE LONDON	12	2011-04-21 18:59	3.25	14060	United Kingdom
539414	22576	SWALLOW WOODEN CHRISTMAS DECORATION	3	2010-12-17 13:45	0.85	16931	United Kingdom
561926	23235	STORAGE TIN VINTAGE LEAF	18	2011-08-01 12:48	2.89	12749	United Kingdom
548373	22354	RETROSPOT PADDED SEAT CUSHION	4	2011-03-30 16:34	7.46	UNKNOWN	United Kingdom
551337	21121	SET/10 RED POLKADOT PARTY CANDLES	2	2011-04-27 16:54	1.25	16418	United Kingdom
561320	20979	36 PENCILS TUBE RED RETROSPOT	1	2011-07-26 12:57	1.25	16942	United Kingdom
569545	21824	PAINTED METAL STAR WITH HOLLY BELLS	5	2011-10-04 16:37	0.83	UNKNOWN	United Kingdom
578746	22805	BLUE DRAWER KNOB ACRYLIC EDWARDIAN	4	2011-11-25 11:36	3.29	UNKNOWN	United Kingdom
548702	51020B	STRIPY DESIGN SHOWER CAP	10	2011-04-03 11:36	0.29	17085	United Kingdom
556912	84596L	BISCUITS SMALL BOWL LIGHT BLUE	8	2011-06-15 13:26	0.42	15005	United Kingdom
572035	22637	PIGGY BANK RETROSPOT	48	2011-10-20 12:03	2.1	14646	Netherlands
580115	21733	RED HANGING HEART T-LIGHT HOLDER	1	2011-12-01 16:22	5.79	UNKNOWN	United Kingdom
572451	22677	FRENCH BLUE METAL DOOR SIGN 2	10	2011-10-24 12:36	1.25	12921	United Kingdom
571082	84969	BOX OF 6 ASSORTED COLOUR TEASPOONS	1	2011-10-13 15:25	8.29	UNKNOWN	United Kingdom
545062	22424	ENAMEL BREAD BIN CREAM	1	2011-02-27 14:07	12.75	12748	United Kingdom
567380	20674	GREEN POLKADOT BOWL	8	2011-09-20 10:06	1.25	12620	France
573572	22839	3 TIER CAKE TIN GREEN AND CREAM	1	2011-10-31 14:03	14.95	14527	United Kingdom
573112	23207	LUNCH BAG ALPHABET DESIGN	10	2011-10-27 15:33	1.65	16416	United Kingdom
552883	21559	STRAWBERRY LUNCH BOX WITH CUTLERY	60	2011-05-12 10:13	2.1	14646	Netherlands
565847	23170	REGENCY TEA PLATE ROSES	1	2011-09-07 12:44	3.29	UNKNOWN	United Kingdom
565612	22634	CHILDS BREAKFAST SET SPACEBOY	4	2011-09-05 15:17	9.95	12616	France
540154	22592	CARDHOLDER HOLLY WREATH METAL	2	2011-01-05 11:30	7.62	UNKNOWN	United Kingdom
548148	22427	ENAMEL FLOWER JUG CREAM	1	2011-03-29 12:31	5.95	17931	United Kingdom
554283	22197	SMALL POPCORN HOLDER	12	2011-05-23 14:11	0.85	17686	United Kingdom
566847	22720	SET OF 3 CAKE TINS PANTRY DESIGN	1	2011-09-15 11:57	4.95	15005	United Kingdom
542192	22148	EASTER CRAFT 4 CHICKS	6	2011-01-26 11:27	1.95	14049	United Kingdom
556808	21716	BOYS VINTAGE TIN SEASIDE BUCKET	8	2011-06-14 15:45	2.55	17749	United Kingdom
541413	21754	HOME BUILDING BLOCK WORD	2	2011-01-17 16:14	5.95	13859	United Kingdom
570428	21313	GLASS HEART T-LIGHT HOLDER	12	2011-10-10 14:02	0.85	15553	United Kingdom
567656	22185	SLATE TILE NATURAL HANGING	1	2011-09-21 14:40	3.29	14096	United Kingdom
556728	22380	TOY TIDY SPACEBOY	1	2011-06-14 11:36	2.1	15719	United Kingdom
569912	23511	EMBROIDERED RIBBON REEL EMILY	6	2011-10-06 16:50	2.08	17139	United Kingdom
578786	22154	ANGEL DECORATION 3 BUTTONS	10	2011-11-25 12:02	0.42	13184	United Kingdom
538154	22386	JUMBO BAG PINK POLKADOT	1	2010-12-09 16:35	5.06	UNKNOWN	United Kingdom
551855	85049H	URBAN BLACK RIBBONS	1	2011-05-04 15:08	1.25	12836	United Kingdom
579188	20963	APPLE BATH SPONGE	8	2011-11-28 15:34	1.25	12748	United Kingdom
557644	23250	VINTAGE RED TRIM ENAMEL BOWL	2	2011-06-21 17:06	2.46	UNKNOWN	United Kingdom
570672	22091	EMPIRE TISSUE BOX	36	2011-10-11 14:52	0.39	12536	France
541784	22452	MEASURING TAPE BABUSHKA PINK	9	2011-01-21 12:37	2.95	17277	United Kingdom
553890	37327	ASSTD MULTICOLOUR CIRCLES MUG	1	2011-05-19 16:32	5.79	UNKNOWN	United Kingdom
575705	22910	PAPER CHAIN KIT VINTAGE CHRISTMAS	12	2011-11-10 17:06	2.95	15159	United Kingdom
561072	22083	PAPER CHAIN KIT RETROSPOT	6	2011-07-24 15:39	2.95	14019	United Kingdom
576618	35471D	SET OF 3 BIRD LIGHT PINK FEATHER	1	2011-11-15 17:00	1.25	UNKNOWN	United Kingdom
566872	85071C	"CHARLIE+LOLA""EXTREMELY BUSY"" SIGN"	2	2011-09-15 13:28	0.39	16729	United Kingdom
555728	79190A	RETRO PLASTIC 70'S TRAY	10	2011-06-06 16:41	0.42	17252	United Kingdom
555841	22661	CHARLOTTE BAG DOLLY GIRL DESIGN	1	2011-06-07 12:47	0.85	14583	United Kingdom
554654	22617	BAKING SET SPACEBOY DESIGN	3	2011-05-25 13:34	4.95	12815	Poland
542578	22624	IVORY KITCHEN SCALES	2	2011-01-28 14:57	8.5	13709	United Kingdom
576590	22083	PAPER CHAIN KIT RETROSPOT	6	2011-11-15 14:30	2.95	16240	United Kingdom
544292	20750	RED RETROSPOT MINI CASES	1	2011-02-17 12:33	7.95	16745	United Kingdom
546670	22243	5 HOOK HANGER RED MAGIC TOADSTOOL	5	2011-03-15 15:37	1.65	13451	United Kingdom
569660	23444	NEXT DAY CARRIAGE	1	2011-10-05 13:05	15.0	17382	United Kingdom
566300	22696	WICKER WREATH LARGE	6	2011-09-11 16:05	1.95	18215	United Kingdom
545232	22441	GROW YOUR OWN BASIL IN ENAMEL MUG	8	2011-03-01 10:19	2.1	15676	United Kingdom
564065	22043	CHRISTMAS CARD SCREEN PRINT	12	2011-08-22 15:05	0.42	15150	United Kingdom
549978	22671	FRENCH LAUNDRY SIGN BLUE METAL	12	2011-04-13 15:00	1.65	14834	United Kingdom
